txn_id,date,amount,direction,description,counterparty,bank_ref
TXN_001,2026-08-08,2157.15,DR,PAYMENT TO Gekko Capital INV568,Gekko Capital,REF165858
TXN_002,2026-08-19,1285.5,DR,PAYMENT TO Dunder Supplies INV398,Dunder Supplies,REF550089
TXN_003,2026-08-06,3355.42,DR,PAYMENT TO Initech Solutions INV636,Initech Solutions,REF478120
TXN_004,2026-08-16,313.32,DR,PAYMENT TO Weyland Industries INV482,Weyland Industries,REF365971
TXN_005,2026-08-08,3691.41,DR,PAYMENT TO Umbrella Corp INV890,Umbrella Corp,REF710169
TXN_006,2026-08-12,2775.47,DR,PAYMENT TO Hooli Services INV950,Hooli Services,REF916990
TXN_007,2026-08-03,3608.62,DR,PAYMENT TO Multi Corp INV137,Multi Corp,REF407696
TXN_008,2026-08-10,2625.38,DR,PAYMENT TO  Freight INV584, Freight,REF365618
TXN_009,2026-08-25,334.24,DR,PAYMENT TO Wernham Hogg INV379,Wernham Hogg,REF230521
TXN_010,2026-08-14,4458.48,DR,PAYMENT TO Sirius Cybernetics INV495,Sirius Cybernetics,REF455505
TXN_011,2026-08-16,3491.14,DR,PAYMENT TO Tyrell Systems INV916,Tyrell Systems,REF644500
TXN_012,2026-08-14,3052.02,DR,PAYMENT TO Hooli Services INV658,Hooli Services,REF408036
TXN_013,2026-08-10,2284.99,DR,PAYMENT TO InGen Biotech INV270,InGen Biotech,REF823270
TXN_014,2026-08-20,4990.94,DR,PAYMENT TO Rekall Solutions INV754,Rekall Solutions,REF929924
TXN_015,2026-08-03,3388.8,DR,PAYMENT TO Primatech Paper INV472,Primatech Paper,REF638009
TXN_016,2026-08-22,883.93,DR,PAYMENT TO Globex Inc INV246,Globex Inc,REF989894
TXN_017,2026-08-03,1256.38,DR,PAYMENT TO Tyrell Systems INV470,Tyrell Systems,REF501451
TXN_018,2026-08-02,3064.96,DR,PAYMENT TO Sirius Cybernetics INV479,Sirius Cybernetics,REF490084
TXN_019,2026-08-12,2050.37,DR,PAYMENT TO Rekall Solutions INV355,Rekall Solutions,REF218959
TXN_020,2026-08-13,4576.36,DR,PAYMENT TO Soylent Industries INV368,Soylent Industries,REF912609
TXN_021,2026-08-23,4590.75,DR,PAYMENT TO Veridian Dynamics INV304,Veridian Dynamics,REF228594
TXN_022,2026-08-23,2281.04,DR,PAYMENT TO Initech Solutions INV929,Initech Solutions,REF815054
TXN_023,2026-08-11,3372.41,DR,PAYMENT TO Cyberdyne Systems INV663,Cyberdyne Systems,REF668507
TXN_024,2026-08-26,1871.31,DR,PAYMENT TO Prestige Worldwide INV224,Prestige Worldwide,REF310743
TXN_025,2026-08-08,3972.83,DR,PAYMENT TO Globex Inc INV469,Globex Inc,REF680933
TXN_026,2026-08-03,1615.52,DR,PAYMENT TO Frobozz Electric INV638,Frobozz Electric,REF530749
TXN_027,2026-08-19,461.38,DR,PAYMENT TO Oceanic Freight INV757,Oceanic Freight,REF177767
TXN_028,2026-08-25,2801.39,DR,PAYMENT TO Bachman Electric INV286,Bachman Electric,REF905077
TXN_029,2026-08-14,2564.03,DR,PAYMENT TO Wayne Enterprises INV951,Wayne Enterprises,REF230192
TXN_030,2026-08-11,4680.22,DR,PAYMENT TO Prestige Worldwide INV454,Prestige Worldwide,REF644103
TXN_031,2026-08-03,1327.97,DR,PAYMENT TO Sorin Systems INV381,Sorin Systems,REF231250
TXN_032,2026-08-21,926.32,DR,PAYMENT TO Bachman Electric INV257,Bachman Electric,REF279516
TXN_033,2026-08-01,497.99,DR,PAYMENT TO Lestrade & Co INV371,Lestrade & Co,REF782759
TXN_034,2026-08-16,4456.08,DR,PAYMENT TO  Freight INV396, Freight,REF773088
TXN_035,2026-08-16,1299.9,DR,PAYMENT TO Primatech Paper INV404,Primatech Paper,REF575575
TXN_036,2026-08-14,2472.83,DR,PAYMENT TO Los Pollos Dist. INV448,Los Pollos Dist.,REF736129
TXN_037,2026-08-05,3827.26,DR,PAYMENT TO Momcorp Industries INV675,Momcorp Industries,REF211341
TXN_038,2026-08-15,1314.8,DR,PAYMENT TO Umbrella Corp INV151,Umbrella Corp,REF404309
TXN_039,2026-08-20,2148.86,DR,PAYMENT TO Pied Piper Tech INV933,Pied Piper Tech,REF443341
TXN_040,2026-08-24,1632.3,DR,PAYMENT TO Pied Piper Tech INV610,Pied Piper Tech,REF639728
TXN_041,2026-08-03,4731.64,DR,PAYMENT TO Momcorp Industries INV568,Momcorp Industries,REF352422
TXN_042,2026-08-10,2524.98,DR,PAYMENT TO Frobozz Electric INV392,Frobozz Electric,REF662761
TXN_043,2026-08-09,3664.79,DR,PAYMENT TO Primatech Paper INV474,Primatech Paper,REF147440
TXN_044,2026-08-18,1514.15,DR,PAYMENT TO Weyland Industries INV616,Weyland Industries,REF572230
TXN_045,2026-08-09,4144.03,DR,PAYMENT TO Gekko Capital INV796,Gekko Capital,REF740725
TXN_046,2026-08-26,4935.26,DR,PAYMENT TO Sorin Systems INV474,Sorin Systems,REF891638
TXN_047,2026-08-02,321.99,DR,PAYMENT TO Vandelay Trading INV830,Vandelay Trading,REF449218
TXN_048,2026-08-17,2339.24,DR,PAYMENT TO Pawnee Power INV627,Pawnee Power,REF246570
TXN_049,2026-08-13,4954.02,DR,PAYMENT TO Buy n Large Corp INV707,Buy n Large Corp,REF452713
TXN_050,2026-08-16,4097.17,DR,PAYMENT TO Tyrell Systems INV439,Tyrell Systems,REF806537
TXN_051,2026-08-20,2425.49,DR,PAYMENT TO Bachman Electric INV691,Bachman Electric,REF338596
TXN_052,2026-08-17,3182.22,DR,PAYMENT TO Gekko Capital INV893,Gekko Capital,REF982027
TXN_053,2026-08-07,192.79,DR,PAYMENT TO Oceanic Freight INV528,Oceanic Freight,REF258787
TXN_054,2026-08-25,3096.24,DR,PAYMENT TO Frobozz Electric INV993,Frobozz Electric,REF989587
TXN_055,2026-08-07,2848.35,DR,PAYMENT TO Frobozz Electric INV638,Frobozz Electric,REF495129
TXN_056,2026-08-11,2776.74,DR,PAYMENT TO Nakatomi Trading INV724,Nakatomi Trading,REF607699
TXN_057,2026-08-08,4713.28,DR,PAYMENT TO Buy n Large Corp INV889,Buy n Large Corp,REF403042
TXN_058,2026-08-12,2846.39,DR,"PAYMENT TO ['Rekall Sol.', 'REKALL', 'Rekall Solutions Inc'] INV394","['Rekall Sol.', 'REKALL', 'Rekall Solutions Inc']",REF227794
TXN_059,2026-08-12,4777.58,DR,PAYMENT TO Dunder Supplies INV397,Dunder Supplies,REF144109
TXN_060,2026-08-21,1356.58,DR,PAYMENT TO Frobozz Electric INV319,Frobozz Electric,REF311883
TXN_061,2026-08-09,4671.82,DR,PAYMENT TO Rekall Solutions INV240,Rekall Solutions,REF214532
TXN_062,2026-08-02,3382.19,DR,PAYMENT TO Omni Consumer INV331,Omni Consumer,REF768933
TXN_063,2026-08-23,2414.78,DR,PAYMENT TO Vandelay Trading INV105,Vandelay Trading,REF677086
TXN_064,2026-08-06,2093.85,DR,PAYMENT TO Frobozz Electric INV588,Frobozz Electric,REF782139
TXN_065,2026-08-21,389.9,DR,PAYMENT TO Initech Solutions INV767,Initech Solutions,REF702022
TXN_066,2026-08-06,4676.22,DR,PAYMENT TO Stark Logistics INV956,Stark Logistics,REF516278
TXN_067,2026-08-06,4689.38,DR,PAYMENT TO Massive Dynamic INV997,Massive Dynamic,REF139286
TXN_068,2026-08-10,2326.31,DR,PAYMENT TO  Freight INV636, Freight,REF617904
TXN_069,2026-08-05,4270.19,DR,PAYMENT TO Multi Corp INV379,Multi Corp,REF302177
TXN_070,2026-08-11,896.22,DR,PAYMENT TO Multi Corp INV763,Multi Corp,REF369761
TXN_071,2026-08-19,3404.57,DR,PAYMENT TO Bluth Builders INV279,Bluth Builders,REF740632
TXN_072,2026-08-13,4152.25,DR,PAYMENT TO Momcorp Industries INV435,Momcorp Industries,REF190951
TXN_073,2026-08-16,1685.65,DR,PAYMENT TO Sterling Cooper INV106,Sterling Cooper,REF373453
TXN_074,2026-08-10,2954.06,DR,PAYMENT TO Lestrade & Co INV111,Lestrade & Co,REF374258
TXN_075,2026-08-15,1603.35,DR,PAYMENT TO Primatech Paper INV802,Primatech Paper,REF626930
TXN_076,2026-08-23,3872.22,DR,PAYMENT TO Soylent Industries INV754,Soylent Industries,REF409369
TXN_077,2026-08-16,850.61,DR,PAYMENT TO Pawnee Power INV482,Pawnee Power,REF536045
TXN_078,2026-08-22,3798.22,DR,PAYMENT TO Initech Solutions INV638,Initech Solutions,REF568449
TXN_079,2026-08-02,4160.99,DR,PAYMENT TO Momcorp Industries INV307,Momcorp Industries,REF700521
TXN_080,2026-08-15,669.58,DR,PAYMENT TO Los Pollos Dist. INV834,Los Pollos Dist.,REF711474
TXN_081,2026-08-15,746.53,DR,PAYMENT TO Dharma Provisions INV567,Dharma Provisions,REF691303
TXN_082,2026-08-13,1346.84,DR,PAYMENT TO ACME Corp INV863,ACME Corp,REF328486
TXN_083,2026-08-23,412.42,DR,PAYMENT TO Wayne Enterprises INV170,Wayne Enterprises,REF595002
TXN_084,2026-08-25,3243.47,DR,PAYMENT TO Dharma Provisions INV483,Dharma Provisions,REF501058
TXN_085,2026-08-22,4824.31,DR,PAYMENT TO  Freight INV236, Freight,REF785280
TXN_086,2026-08-04,974.52,DR,PAYMENT TO  Freight INV502, Freight,REF654531
TXN_087,2026-08-10,2368.72,DR,PAYMENT TO  Freight INV534, Freight,REF657772
TXN_088,2026-08-12,860.09,DR,PAYMENT TO Bluth Builders INV996,Bluth Builders,REF860242
TXN_089,2026-08-02,4066.44,DR,PAYMENT TO Dharma Provisions INV729,Dharma Provisions,REF903265
TXN_090,2026-08-01,1279.26,DR,PAYMENT TO Cyberdyne Systems INV203,Cyberdyne Systems,REF722795
TXN_091,2026-08-24,316.76,DR,PAYMENT TO Sirius Cybernetics INV339,Sirius Cybernetics,REF665979
TXN_092,2026-08-10,1247.39,DR,PAYMENT TO Lestrade & Co INV426,Lestrade & Co,REF705526
TXN_093,2026-08-05,4929.91,DR,PAYMENT TO Omni Consumer INV326,Omni Consumer,REF533649
TXN_094,2026-08-18,2528.54,DR,PAYMENT TO Delos Hospitality INV758,Delos Hospitality,REF803953
TXN_095,2026-08-14,831.17,DR,PAYMENT TO Weyland Industries INV288,Weyland Industries,REF891062
TXN_096,2026-08-23,807.32,DR,PAYMENT TO Multi Corp INV159,Multi Corp,REF689704
TXN_097,2026-08-08,1349.48,DR,PAYMENT TO Wernham Hogg INV762,Wernham Hogg,REF182911
TXN_098,2026-08-12,553.07,DR,PAYMENT TO Bluth Builders INV152,Bluth Builders,REF381502
TXN_099,2026-08-07,4042.79,DR,PAYMENT TO Bachman Electric INV841,Bachman Electric,REF804066
TXN_100,2026-08-10,4789.4,DR,PAYMENT TO ACME Corp INV316,ACME Corp,REF299254
TXN_101,2026-08-04,3759.71,DR,PAYMENT TO Frobozz Electric INV348,Frobozz Electric,REF829417
TXN_102,2026-08-18,1675.91,DR,PAYMENT TO Massive Dynamic INV489,Massive Dynamic,REF588899
TXN_103,2026-08-12,2612.8,DR,PAYMENT TO Veridian Dynamics INV577,Veridian Dynamics,REF203398
TXN_104,2026-08-24,2400.5,DR,PAYMENT TO Oceanic Freight INV308,Oceanic Freight,REF488712
TXN_105,2026-08-01,1377.79,DR,PAYMENT TO Bachman Electric INV693,Bachman Electric,REF854987
TXN_106,2026-08-08,1961.21,DR,PAYMENT TO Sterling Cooper INV611,Sterling Cooper,REF677390
TXN_107,2026-08-24,3244.3,DR,PAYMENT TO Veridian Dynamics INV571,Veridian Dynamics,REF276405
TXN_108,2026-08-24,2778.08,DR,PAYMENT TO Hooli Services INV655,Hooli Services,REF772985
TXN_109,2026-08-17,265.74,DR,PAYMENT TO Cyberdyne Systems INV937,Cyberdyne Systems,REF800674
TXN_110,2026-08-21,1234.02,DR,PAYMENT TO Dunder Supplies INV109,Dunder Supplies,REF329344
TXN_111,2026-08-22,2490.49,DR,PAYMENT TO ACME Corp INV644,ACME Corp,REF678440
TXN_112,2026-08-10,184.0,DR,PAYMENT TO InGen Biotech INV925,InGen Biotech,REF287974
TXN_113,2026-08-07,3136.93,DR,PAYMENT TO Nakatomi Trading INV934,Nakatomi Trading,REF471658
TXN_114,2026-08-13,2349.09,DR,PAYMENT TO Sterling Cooper INV813,Sterling Cooper,REF336828
TXN_115,2026-08-13,1958.39,DR,PAYMENT TO Sorin Systems INV587,Sorin Systems,REF158840
TXN_116,2026-08-14,3260.05,DR,PAYMENT TO Wernham Hogg INV679,Wernham Hogg,REF999636
TXN_117,2026-08-17,4603.85,DR,PAYMENT TO Prestige Worldwide INV316,Prestige Worldwide,REF825916
TXN_118,2026-08-16,1428.37,DR,PAYMENT TO Cyberdyne Systems INV800,Cyberdyne Systems,REF393992
TXN_119,2026-08-19,3324.74,DR,PAYMENT TO Hooli Services INV970,Hooli Services,REF429761
TXN_120,2026-08-03,1566.46,DR,PAYMENT TO Lestrade & Co INV346,Lestrade & Co,REF694223
TXN_121,2026-08-13,3417.47,DR,PAYMENT TO  Freight INV439, Freight,REF502491
TXN_122,2026-08-05,3973.44,DR,PAYMENT TO Initech Solutions INV612,Initech Solutions,REF881667
TXN_123,2026-08-02,578.66,DR,PAYMENT TO Prestige Worldwide INV958,Prestige Worldwide,REF179710
TXN_124,2026-08-01,3207.2,DR,PAYMENT TO Sirius Cybernetics INV602,Sirius Cybernetics,REF339220
TXN_125,2026-08-22,2970.79,DR,PAYMENT TO Weyland Industries INV187,Weyland Industries,REF909676
TXN_126,2026-08-09,855.68,DR,PAYMENT TO Dunder Supplies INV857,Dunder Supplies,REF508548
TXN_127,2026-08-10,2279.21,DR,PAYMENT TO Rekall Solutions INV204,Rekall Solutions,REF238943
TXN_128,2026-08-14,606.14,DR,PAYMENT TO Initech Solutions INV462,Initech Solutions,REF681141
TXN_129,2026-08-01,1530.05,DR,PAYMENT TO Weyland Industries INV897,Weyland Industries,REF188813
TXN_130,2026-08-06,3458.05,DR,PAYMENT TO Pied Piper Tech INV242,Pied Piper Tech,REF381981
TXN_131,2026-08-06,2229.91,DR,PAYMENT TO Dharma Provisions INV406,Dharma Provisions,REF607753
TXN_132,2026-08-12,1333.33,DR,PAYMENT TO Sterling Cooper INV838,Sterling Cooper,REF755395
TXN_133,2026-08-04,763.9,DR,PAYMENT TO ACME Corp INV505,ACME Corp,REF448354
TXN_134,2026-08-13,4039.97,DR,PAYMENT TO Wernham Hogg INV550,Wernham Hogg,REF450996
TXN_135,2026-08-11,3055.74,DR,PAYMENT TO Bluth Builders INV590,Bluth Builders,REF429445
TXN_136,2026-08-24,3505.29,DR,PAYMENT TO Veridian Dynamics INV689,Veridian Dynamics,REF919959
TXN_137,2026-08-12,658.05,DR,PAYMENT TO Lestrade & Co INV304,Lestrade & Co,REF720995
TXN_138,2026-08-06,3440.39,DR,PAYMENT TO Sorin Systems INV127,Sorin Systems,REF862538
TXN_139,2026-08-23,438.88,DR,PAYMENT TO Dharma Provisions INV789,Dharma Provisions,REF623557
TXN_140,2026-08-22,855.3,DR,PAYMENT TO InGen Biotech INV908,InGen Biotech,REF495303
TXN_141,2026-08-18,2582.4,DR,PAYMENT TO Dharma Provisions INV656,Dharma Provisions,REF138551
TXN_142,2026-08-12,3538.01,DR,PAYMENT TO  Freight INV708, Freight,REF769180
TXN_143,2026-08-04,3867.87,DR,PAYMENT TO Delos Hospitality INV270,Delos Hospitality,REF778428
TXN_144,2026-08-26,2209.23,DR,PAYMENT TO ACME Corp INV200,ACME Corp,REF371306
TXN_145,2026-08-12,2016.56,DR,PAYMENT TO Bachman Electric INV807,Bachman Electric,REF624776
TXN_146,2026-08-10,2138.28,DR,PAYMENT TO Initech Solutions INV218,Initech Solutions,REF971699
TXN_147,2026-08-05,1806.81,DR,PAYMENT TO Wernham Hogg INV566,Wernham Hogg,REF922366
TXN_148,2026-08-04,2247.01,DR,PAYMENT TO Sirius Cybernetics INV426,Sirius Cybernetics,REF170437
TXN_149,2026-08-21,635.88,DR,PAYMENT TO Pied Piper Tech INV858,Pied Piper Tech,REF355761
TXN_150,2026-08-18,2189.21,DR,PAYMENT TO Multi Corp INV337,Multi Corp,REF936507
TXN_151,2026-08-13,243.04,DR,PAYMENT TO Gekko Capital INV302,Gekko Capital,REF571413
TXN_152,2026-08-07,1463.89,DR,PAYMENT TO Cyberdyne Systems INV691,Cyberdyne Systems,REF206694
TXN_153,2026-08-18,1016.1,DR,PAYMENT TO Oceanic Freight INV301,Oceanic Freight,REF579776
TXN_154,2026-08-20,2023.47,DR,PAYMENT TO Soylent Industries INV456,Soylent Industries,REF469082
TXN_155,2026-08-20,945.38,DR,PAYMENT TO Buy n Large Corp INV729,Buy n Large Corp,REF718836
TXN_156,2026-08-08,1596.36,DR,PAYMENT TO Hooli Services INV482,Hooli Services,REF827120
TXN_157,2026-08-19,1980.18,DR,PAYMENT TO Hooli Services INV598,Hooli Services,REF766371
TXN_158,2026-08-10,787.45,DR,PAYMENT TO Oceanic Freight INV962,Oceanic Freight,REF572908
TXN_159,2026-08-05,1056.13,DR,PAYMENT TO Weyland Industries INV675,Weyland Industries,REF629990
TXN_160,2026-08-23,4215.47,DR,PAYMENT TO Veridian Dynamics INV271,Veridian Dynamics,REF186686
TXN_161,2026-08-09,1201.73,DR,PAYMENT TO Massive Dynamic INV272,Massive Dynamic,REF918665
TXN_162,2026-08-09,3898.05,DR,PAYMENT TO Tyrell Systems INV655,Tyrell Systems,REF962570
TXN_163,2026-08-25,3623.0,DR,PAYMENT TO  Freight INV323, Freight,REF545807
TXN_164,2026-08-15,1387.79,DR,PAYMENT TO Initech Solutions INV549,Initech Solutions,REF223088
TXN_165,2026-08-08,1128.4,DR,PAYMENT TO Bachman Electric INV805,Bachman Electric,REF467663
TXN_166,2026-08-20,3200.58,DR,PAYMENT TO Pied Piper Tech INV730,Pied Piper Tech,REF245998
TXN_167,2026-08-07,4046.66,DR,PAYMENT TO Lestrade & Co INV459,Lestrade & Co,REF658136
TXN_168,2026-08-23,1533.91,DR,"PAYMENT TO ['Lestrade Co.', 'LESTRADE', 'Lestrade and Co'] INV373","['Lestrade Co.', 'LESTRADE', 'Lestrade and Co']",REF999695
TXN_169,2026-08-02,4963.18,DR,PAYMENT TO Vandelay Trading INV818,Vandelay Trading,REF239136
TXN_170,2026-08-16,796.64,DR,PAYMENT TO Rekall Solutions INV742,Rekall Solutions,REF534346
TXN_171,2026-08-17,3774.03,DR,PAYMENT TO Tyrell Systems INV565,Tyrell Systems,REF611751
TXN_172,2026-08-21,3354.3,DR,PAYMENT TO Delos Hospitality INV970,Delos Hospitality,REF166407
TXN_173,2026-08-13,1167.37,DR,PAYMENT TO InGen Biotech INV944,InGen Biotech,REF322142
TXN_174,2026-08-18,2931.87,DR,PAYMENT TO Lestrade & Co INV972,Lestrade & Co,REF608913
TXN_175,2026-08-22,3835.04,DR,PAYMENT TO Stark Logistics INV201,Stark Logistics,REF756596
TXN_176,2026-08-15,179.78,DR,PAYMENT TO Pied Piper Tech INV551,Pied Piper Tech,REF578693
TXN_177,2026-08-21,1579.14,DR,PAYMENT TO Rekall Solutions INV195,Rekall Solutions,REF786385
TXN_178,2026-08-02,2042.07,DR,PAYMENT TO Buy n Large Corp INV843,Buy n Large Corp,REF833417
TXN_179,2026-08-14,3311.88,DR,PAYMENT TO Umbrella Corp INV101,Umbrella Corp,REF323788
TXN_180,2026-08-22,2280.83,DR,PAYMENT TO ACME Corp INV812,ACME Corp,REF460263
TXN_181,2026-08-14,3500.75,DR,PAYMENT TO Frobozz Electric INV172,Frobozz Electric,REF340068
TXN_182,2026-08-12,4416.85,DR,PAYMENT TO Vandelay Trading INV491,Vandelay Trading,REF911032
TXN_183,2026-08-05,3243.72,DR,PAYMENT TO Dunder Supplies INV170,Dunder Supplies,REF656278
TXN_184,2026-08-12,3639.92,DR,PAYMENT TO Dunder Supplies INV521,Dunder Supplies,REF746002
TXN_185,2026-08-05,3786.98,DR,PAYMENT TO Bachman Electric INV847,Bachman Electric,REF502686
TXN_186,2026-08-08,1457.14,DR,PAYMENT TO Initech Solutions INV354,Initech Solutions,REF680278
TXN_187,2026-08-22,4391.55,DR,PAYMENT TO Los Pollos Dist. INV630,Los Pollos Dist.,REF736408
TXN_188,2026-08-26,4499.77,DR,PAYMENT TO Sterling Cooper INV606,Sterling Cooper,REF504630
TXN_189,2026-08-01,4935.72,DR,PAYMENT TO Oceanic Freight INV235,Oceanic Freight,REF505629
TXN_190,2026-08-19,2162.23,DR,PAYMENT TO  Freight INV799, Freight,REF281162
TXN_191,2026-08-25,457.66,DR,PAYMENT TO Bachman Electric INV169,Bachman Electric,REF114463
TXN_192,2026-08-17,1503.79,DR,PAYMENT TO Momcorp Industries INV885,Momcorp Industries,REF535612
TXN_193,2026-08-18,3118.63,DR,PAYMENT TO Rekall Solutions INV185,Rekall Solutions,REF424960
TXN_194,2026-08-11,2014.58,DR,PAYMENT TO Cyberdyne Systems INV417,Cyberdyne Systems,REF832614
TXN_195,2026-08-03,4630.68,DR,PAYMENT TO Soylent Industries INV564,Soylent Industries,REF742039
TXN_196,2026-08-01,3568.71,DR,PAYMENT TO ACME Corp INV267,ACME Corp,REF620526
TXN_197,2026-08-17,2634.39,DR,"PAYMENT TO ['Nakatomi Trade', 'NAKATOMI', 'Nakatomi Trading Co'] INV270","['Nakatomi Trade', 'NAKATOMI', 'Nakatomi Trading Co']",REF489933
TXN_198,2026-08-11,4054.83,DR,PAYMENT TO Rekall Solutions INV636,Rekall Solutions,REF166974
TXN_199,2026-08-15,2602.83,DR,PAYMENT TO Wayne Enterprises INV611,Wayne Enterprises,REF694423
TXN_200,2026-08-19,3403.19,DR,"PAYMENT TO ['Soylent Ind.', 'SOYLENT', 'Soylent Industries Ltd'] INV333","['Soylent Ind.', 'SOYLENT', 'Soylent Industries Ltd']",REF876764
TXN_201,2026-08-02,2411.65,DR,PAYMENT TO Weyland Industries INV253,Weyland Industries,REF287654
TXN_202,2026-08-02,2809.04,DR,PAYMENT TO Dharma Provisions INV329,Dharma Provisions,REF437433
TXN_203,2026-08-19,1926.76,DR,PAYMENT TO Momcorp Industries INV789,Momcorp Industries,REF155230
TXN_204,2026-08-03,4397.26,DR,PAYMENT TO Massive Dynamic INV892,Massive Dynamic,REF985885
TXN_205,2026-08-12,1083.29,DR,PAYMENT TO Lestrade & Co INV903,Lestrade & Co,REF418672
TXN_206,2026-08-19,4862.1,DR,PAYMENT TO Bluth Builders INV850,Bluth Builders,REF673108
TXN_207,2026-08-08,837.78,DR,PAYMENT TO Dharma Provisions INV124,Dharma Provisions,REF344315
TXN_208,2026-08-25,3320.79,DR,PAYMENT TO Buy n Large Corp INV206,Buy n Large Corp,REF315161
TXN_209,2026-08-02,4865.54,DR,PAYMENT TO Dunder Supplies INV828,Dunder Supplies,REF393418
TXN_210,2026-08-15,4875.32,DR,PAYMENT TO Initech Solutions INV694,Initech Solutions,REF200219
TXN_211,2026-08-14,3345.98,DR,PAYMENT TO Vandelay Trading INV342,Vandelay Trading,REF405844
TXN_212,2026-08-11,2318.51,DR,PAYMENT TO Prestige Worldwide INV176,Prestige Worldwide,REF312559
TXN_213,2026-08-04,905.44,DR,PAYMENT TO Multi Corp INV421,Multi Corp,REF526259
TXN_214,2026-08-10,2370.4,DR,PAYMENT TO Soylent Industries INV192,Soylent Industries,REF265271
TXN_215,2026-08-10,4149.29,DR,PAYMENT TO Pawnee Power INV141,Pawnee Power,REF325465
TXN_216,2026-08-11,826.79,DR,PAYMENT TO Sterling Cooper INV464,Sterling Cooper,REF515492
TXN_217,2026-08-01,4765.27,DR,PAYMENT TO Sirius Cybernetics INV669,Sirius Cybernetics,REF884417
TXN_218,2026-08-26,3989.67,DR,PAYMENT TO Soylent Industries INV112,Soylent Industries,REF164664
TXN_219,2026-08-08,740.5,DR,PAYMENT TO Primatech Paper INV481,Primatech Paper,REF819622
TXN_220,2026-08-01,4986.09,DR,PAYMENT TO Bluth Builders INV761,Bluth Builders,REF564971
TXN_221,2026-08-03,4534.88,DR,PAYMENT TO Wernham Hogg INV225,Wernham Hogg,REF144770
TXN_222,2026-08-02,923.15,DR,PAYMENT TO Lestrade & Co INV543,Lestrade & Co,REF961599
TXN_223,2026-08-22,2190.65,DR,PAYMENT TO Delos Hospitality INV319,Delos Hospitality,REF296242
TXN_224,2026-08-20,3133.97,DR,PAYMENT TO Sterling Cooper INV762,Sterling Cooper,REF409440
TXN_225,2026-08-03,1470.9,DR,PAYMENT TO Vandelay Trading INV529,Vandelay Trading,REF309146
TXN_226,2026-08-26,195.7,DR,PAYMENT TO Weyland Industries INV900,Weyland Industries,REF848023
TXN_227,2026-08-19,2561.73,DR,PAYMENT TO Weyland Industries INV376,Weyland Industries,REF288550
TXN_228,2026-08-26,3914.84,DR,PAYMENT TO Wayne Enterprises INV928,Wayne Enterprises,REF594596
TXN_229,2026-08-04,1314.5,DR,PAYMENT TO Sterling Cooper INV372,Sterling Cooper,REF659614
TXN_230,2026-08-24,373.95,DR,PAYMENT TO Prestige Worldwide INV689,Prestige Worldwide,REF987624
TXN_231,2026-08-13,1838.54,DR,PAYMENT TO Hooli Services INV280,Hooli Services,REF348041
TXN_232,2026-08-19,2861.67,DR,PAYMENT TO Lestrade & Co INV292,Lestrade & Co,REF977340
TXN_233,2026-08-16,2756.41,DR,PAYMENT TO Hooli Services INV602,Hooli Services,REF139807
TXN_234,2026-08-17,2442.15,DR,PAYMENT TO Wernham Hogg INV728,Wernham Hogg,REF311250
TXN_235,2026-08-11,3612.99,DR,PAYMENT TO Oceanic Freight INV160,Oceanic Freight,REF122977
TXN_236,2026-08-12,4806.74,DR,PAYMENT TO Tyrell Systems INV821,Tyrell Systems,REF794303
TXN_237,2026-08-11,768.61,DR,PAYMENT TO Pied Piper Tech INV849,Pied Piper Tech,REF558089
TXN_238,2026-08-16,3280.98,DR,PAYMENT TO Hooli Services INV824,Hooli Services,REF689275
TXN_239,2026-08-22,2985.86,DR,PAYMENT TO Hooli Services INV487,Hooli Services,REF421727
TXN_240,2026-08-24,108.81,DR,PAYMENT TO Lestrade & Co INV500,Lestrade & Co,REF992083
TXN_241,2026-08-19,258.68,DR,PAYMENT TO Pawnee Power INV425,Pawnee Power,REF948095
TXN_242,2026-08-08,3234.27,DR,PAYMENT TO Umbrella Corp INV608,Umbrella Corp,REF247475
TXN_243,2026-08-11,922.65,DR,PAYMENT TO Initech Solutions INV941,Initech Solutions,REF843404
TXN_244,2026-08-09,1127.45,DR,PAYMENT TO Cyberdyne Systems INV458,Cyberdyne Systems,REF369125
TXN_245,2026-08-24,106.28,DR,PAYMENT TO Weyland Industries INV548,Weyland Industries,REF868170
TXN_246,2026-08-13,1821.03,DR,PAYMENT TO Weyland Industries INV203,Weyland Industries,REF969067
TXN_247,2026-08-15,461.18,DR,PAYMENT TO Stark Logistics INV401,Stark Logistics,REF121053
TXN_248,2026-08-06,4450.86,DR,PAYMENT TO Pied Piper Tech INV849,Pied Piper Tech,REF178645
TXN_249,2026-08-23,251.87,DR,PAYMENT TO Pied Piper Tech INV721,Pied Piper Tech,REF555292
TXN_250,2026-08-07,2105.47,DR,PAYMENT TO Sorin Systems INV839,Sorin Systems,REF865433
TXN_251,2026-08-04,343.21,DR,PAYMENT TO Lestrade & Co INV662,Lestrade & Co,REF980651
TXN_252,2026-08-14,529.38,DR,PAYMENT TO Pawnee Power INV591,Pawnee Power,REF309374
TXN_253,2026-08-03,2420.5,DR,PAYMENT TO Soylent Industries INV415,Soylent Industries,REF923002
TXN_254,2026-08-21,2766.22,DR,PAYMENT TO Hooli Services INV479,Hooli Services,REF499974
TXN_255,2026-08-15,2378.78,DR,PAYMENT TO Prestige Worldwide INV957,Prestige Worldwide,REF381607
TXN_256,2026-08-22,1784.58,DR,PAYMENT TO  Freight INV523, Freight,REF893202
TXN_257,2026-08-17,2151.3,DR,PAYMENT TO  Freight INV803, Freight,REF597889
TXN_258,2026-08-03,2034.54,DR,"PAYMENT TO ['Stark Logix LLC', 'STARK LOGISTICS', 'Stark Log.', 'Stark Logix'] INV614","['Stark Logix LLC', 'STARK LOGISTICS', 'Stark Log.', 'Stark Logix']",REF698967
TXN_259,2026-08-26,2900.28,DR,PAYMENT TO Gekko Capital INV250,Gekko Capital,REF226124
TXN_260,2026-08-15,947.11,DR,PAYMENT TO Pied Piper Tech INV316,Pied Piper Tech,REF947732
TXN_261,2026-08-22,2233.43,DR,PAYMENT TO Dunder Supplies INV954,Dunder Supplies,REF723952
TXN_262,2026-08-18,2047.04,DR,PAYMENT TO Oceanic Freight INV977,Oceanic Freight,REF389617
TXN_263,2026-08-14,833.25,DR,PAYMENT TO Lestrade & Co INV702,Lestrade & Co,REF710981
TXN_264,2026-08-04,4632.15,DR,PAYMENT TO Lestrade & Co INV898,Lestrade & Co,REF205896
TXN_265,2026-08-18,4412.67,DR,PAYMENT TO Dharma Provisions INV370,Dharma Provisions,REF501650
TXN_266,2026-08-06,1449.53,DR,PAYMENT TO Dunder Supplies INV733,Dunder Supplies,REF738221
TXN_267,2026-08-11,3483.52,DR,PAYMENT TO Wayne Enterprises INV863,Wayne Enterprises,REF598302
TXN_268,2026-08-12,199.14,DR,PAYMENT TO Buy n Large Corp INV418,Buy n Large Corp,REF393964
TXN_269,2026-08-23,3455.77,DR,PAYMENT TO Prestige Worldwide INV237,Prestige Worldwide,REF415076
TXN_270,2026-08-15,3892.75,DR,PAYMENT TO Oceanic Freight INV375,Oceanic Freight,REF864201
TXN_271,2026-08-07,4575.82,DR,PAYMENT TO Dharma Provisions INV858,Dharma Provisions,REF607993
TXN_272,2026-08-12,4122.99,DR,PAYMENT TO Momcorp Industries INV910,Momcorp Industries,REF266694
TXN_273,2026-08-25,4271.35,DR,PAYMENT TO Lestrade & Co INV129,Lestrade & Co,REF282176
TXN_274,2026-08-02,2336.6,DR,PAYMENT TO Tyrell Systems INV821,Tyrell Systems,REF308781
TXN_275,2026-08-22,249.76,DR,PAYMENT TO Tyrell Systems INV600,Tyrell Systems,REF722899
TXN_276,2026-08-06,4204.5,DR,PAYMENT TO Nakatomi Trading INV866,Nakatomi Trading,REF971230
TXN_277,2026-08-02,898.25,DR,PAYMENT TO Lestrade & Co INV898,Lestrade & Co,REF324729
TXN_278,2026-08-21,1203.05,DR,PAYMENT TO Los Pollos Dist. INV375,Los Pollos Dist.,REF783238
TXN_279,2026-08-05,3272.12,DR,PAYMENT TO Pawnee Power INV920,Pawnee Power,REF108874
TXN_280,2026-08-14,4487.87,DR,PAYMENT TO Delos Hospitality INV570,Delos Hospitality,REF364239
TXN_281,2026-08-01,2606.42,DR,PAYMENT TO Tyrell Systems INV674,Tyrell Systems,REF778787
TXN_282,2026-08-16,412.8,DR,PAYMENT TO Rekall Solutions INV755,Rekall Solutions,REF440930
TXN_283,2026-08-09,3314.99,DR,PAYMENT TO Buy n Large Corp INV292,Buy n Large Corp,REF257212
TXN_284,2026-08-22,1665.97,DR,"PAYMENT TO ['Vandelay Trade', 'VANDELAY', 'Vandelay Trading Co.'] INV838","['Vandelay Trade', 'VANDELAY', 'Vandelay Trading Co.']",REF126691
TXN_285,2026-08-13,2002.55,DR,PAYMENT TO Stark Logistics INV697,Stark Logistics,REF842464
TXN_286,2026-08-07,1781.52,DR,PAYMENT TO Prestige Worldwide INV802,Prestige Worldwide,REF660605
TXN_287,2026-08-10,4242.55,DR,PAYMENT TO Sorin Systems INV285,Sorin Systems,REF408054
TXN_288,2026-08-22,4508.0,DR,PAYMENT TO Initech Solutions INV327,Initech Solutions,REF472541
TXN_289,2026-08-12,1376.74,DR,PAYMENT TO Massive Dynamic INV574,Massive Dynamic,REF992562
TXN_290,2026-08-07,2552.34,DR,PAYMENT TO Weyland Industries INV642,Weyland Industries,REF412848
TXN_291,2026-08-11,2105.04,DR,PAYMENT TO Lestrade & Co INV568,Lestrade & Co,REF250181
TXN_292,2026-08-11,3192.06,DR,PAYMENT TO Hooli Services INV420,Hooli Services,REF765320
TXN_293,2026-08-25,3890.36,DR,PAYMENT TO Lestrade & Co INV882,Lestrade & Co,REF266131
TXN_294,2026-08-21,2204.11,DR,PAYMENT TO InGen Biotech INV588,InGen Biotech,REF501936
TXN_295,2026-08-01,4470.83,DR,PAYMENT TO Omni Consumer INV295,Omni Consumer,REF118786
TXN_296,2026-08-10,731.76,DR,PAYMENT TO Weyland Industries INV615,Weyland Industries,REF717265
TXN_297,2026-08-10,2334.04,DR,PAYMENT TO Omni Consumer INV710,Omni Consumer,REF649577
TXN_298,2026-08-12,3775.57,DR,PAYMENT TO Pied Piper Tech INV931,Pied Piper Tech,REF522986
TXN_299,2026-08-24,207.38,DR,PAYMENT TO Momcorp Industries INV273,Momcorp Industries,REF229144
TXN_300,2026-08-25,2720.19,DR,PAYMENT TO Wayne Enterprises INV708,Wayne Enterprises,REF150290
TXN_301,2026-08-14,2277.14,DR,PAYMENT TO Soylent Industries INV660,Soylent Industries,REF365015
TXN_302,2026-08-10,2162.27,DR,PAYMENT TO Umbrella Corp INV778,Umbrella Corp,REF645583
TXN_303,2026-08-04,2606.77,DR,PAYMENT TO Gekko Capital INV220,Gekko Capital,REF396439
TXN_304,2026-08-20,1078.77,DR,PAYMENT TO Nakatomi Trading INV951,Nakatomi Trading,REF648558
TXN_305,2026-08-12,3546.84,DR,PAYMENT TO Massive Dynamic INV264,Massive Dynamic,REF141319
TXN_306,2026-08-08,113.42,DR,PAYMENT TO Initech Solutions INV213,Initech Solutions,REF975804
TXN_307,2026-08-25,2607.36,DR,PAYMENT TO Umbrella Corp INV362,Umbrella Corp,REF775636
TXN_308,2026-08-02,589.06,DR,PAYMENT TO Hooli Services INV995,Hooli Services,REF141360
TXN_309,2026-08-12,4027.82,DR,PAYMENT TO Oceanic Freight INV536,Oceanic Freight,REF874415
TXN_310,2026-08-22,3271.27,DR,PAYMENT TO Wernham Hogg INV466,Wernham Hogg,REF558976
TXN_311,2026-08-09,4404.53,DR,PAYMENT TO Initech Solutions INV481,Initech Solutions,REF954551
TXN_312,2026-08-15,1431.98,DR,PAYMENT TO Weyland Industries INV806,Weyland Industries,REF991993
TXN_313,2026-08-05,3511.23,DR,PAYMENT TO Wayne Enterprises INV964,Wayne Enterprises,REF267138
TXN_314,2026-08-06,3095.48,DR,PAYMENT TO Delos Hospitality INV726,Delos Hospitality,REF130216
TXN_315,2026-08-24,4869.88,DR,PAYMENT TO Vandelay Trading INV594,Vandelay Trading,REF611833
TXN_316,2026-08-03,1381.9,DR,PAYMENT TO Oceanic Freight INV112,Oceanic Freight,REF838793
TXN_317,2026-08-17,3860.89,DR,PAYMENT TO Lestrade & Co INV841,Lestrade & Co,REF692458
TXN_318,2026-08-22,3660.59,DR,PAYMENT TO Frobozz Electric INV454,Frobozz Electric,REF795951
TXN_319,2026-08-01,3252.65,DR,PAYMENT TO Pied Piper Tech INV617,Pied Piper Tech,REF990079
TXN_320,2026-08-25,2509.08,DR,PAYMENT TO Sterling Cooper INV438,Sterling Cooper,REF391668
TXN_321,2026-08-08,486.27,DR,PAYMENT TO Sirius Cybernetics INV920,Sirius Cybernetics,REF700870
TXN_322,2026-08-04,4905.29,DR,PAYMENT TO Globex Inc INV205,Globex Inc,REF523037
TXN_323,2026-08-26,3060.6,DR,PAYMENT TO Gekko Capital INV752,Gekko Capital,REF419394
TXN_324,2026-08-18,1113.57,DR,"PAYMENT TO ['Multi Corporation', 'MULTI CORP', 'MultiCorp'] INV449","['Multi Corporation', 'MULTI CORP', 'MultiCorp']",REF480992
TXN_325,2026-08-08,4237.16,DR,PAYMENT TO Wernham Hogg INV673,Wernham Hogg,REF904694
TXN_326,2026-08-04,577.44,DR,PAYMENT TO Prestige Worldwide INV102,Prestige Worldwide,REF457938
TXN_327,2026-08-02,4494.7,DR,PAYMENT TO Veridian Dynamics INV243,Veridian Dynamics,REF961760
TXN_328,2026-08-20,1060.02,DR,PAYMENT TO Soylent Industries INV972,Soylent Industries,REF511981
TXN_329,2026-08-25,2130.9,DR,PAYMENT TO Bachman Electric INV226,Bachman Electric,REF909652
TXN_330,2026-08-15,3326.44,DR,PAYMENT TO Momcorp Industries INV237,Momcorp Industries,REF623059
TXN_331,2026-08-17,3927.3,DR,PAYMENT TO Hooli Services INV808,Hooli Services,REF706658
TXN_332,2026-08-22,3042.68,DR,PAYMENT TO Oceanic Freight INV616,Oceanic Freight,REF503348
TXN_333,2026-08-13,4821.61,DR,PAYMENT TO Massive Dynamic INV563,Massive Dynamic,REF943890
TXN_334,2026-08-11,3588.18,DR,PAYMENT TO Sorin Systems INV747,Sorin Systems,REF327900
TXN_335,2026-08-22,750.09,DR,PAYMENT TO Hooli Services INV615,Hooli Services,REF668843
TXN_336,2026-08-18,2453.81,DR,PAYMENT TO Lestrade & Co INV783,Lestrade & Co,REF844618
TXN_337,2026-08-26,162.58,DR,PAYMENT TO Umbrella Corp INV125,Umbrella Corp,REF499371
TXN_338,2026-08-25,3949.11,DR,PAYMENT TO Massive Dynamic INV799,Massive Dynamic,REF362732
TXN_339,2026-08-25,2751.74,DR,PAYMENT TO Delos Hospitality INV933,Delos Hospitality,REF574579
TXN_340,2026-08-08,2603.52,DR,PAYMENT TO Massive Dynamic INV809,Massive Dynamic,REF796772
TXN_341,2026-08-26,4881.53,DR,PAYMENT TO Oceanic Freight INV665,Oceanic Freight,REF156415
TXN_342,2026-08-08,4566.28,DR,PAYMENT TO Tyrell Systems INV873,Tyrell Systems,REF716966
TXN_343,2026-08-10,2299.19,DR,PAYMENT TO Cyberdyne Systems INV291,Cyberdyne Systems,REF282237
TXN_344,2026-08-14,1467.65,DR,PAYMENT TO Nakatomi Trading INV233,Nakatomi Trading,REF268746
TXN_345,2026-08-15,3577.48,DR,PAYMENT TO Dunder Supplies INV140,Dunder Supplies,REF261169
TXN_346,2026-08-20,349.19,DR,PAYMENT TO Gekko Capital INV963,Gekko Capital,REF794042
TXN_347,2026-08-26,3567.64,DR,PAYMENT TO Omni Consumer INV325,Omni Consumer,REF292800
TXN_348,2026-08-18,2731.48,DR,PAYMENT TO Initech Solutions INV457,Initech Solutions,REF331942
TXN_349,2026-08-22,1726.23,DR,PAYMENT TO Tyrell Systems INV400,Tyrell Systems,REF329056
TXN_350,2026-08-20,2699.44,DR,PAYMENT TO Sorin Systems INV943,Sorin Systems,REF888669
TXN_351,2026-08-01,662.14,DR,PAYMENT TO Delos Hospitality INV556,Delos Hospitality,REF352023
TXN_352,2026-08-20,4601.18,DR,PAYMENT TO Sterling Cooper INV140,Sterling Cooper,REF815706
TXN_353,2026-08-13,4588.07,DR,PAYMENT TO Soylent Industries INV495,Soylent Industries,REF369054
TXN_354,2026-08-25,1937.29,DR,PAYMENT TO Momcorp Industries INV556,Momcorp Industries,REF610451
TXN_355,2026-08-03,4746.24,DR,PAYMENT TO Pied Piper Tech INV891,Pied Piper Tech,REF664107
TXN_356,2026-08-22,2178.63,DR,PAYMENT TO Umbrella Corp INV310,Umbrella Corp,REF663876
TXN_357,2026-08-24,3898.51,DR,PAYMENT TO Cyberdyne Systems INV864,Cyberdyne Systems,REF819368
TXN_358,2026-08-03,458.92,DR,PAYMENT TO Hooli Services INV913,Hooli Services,REF364144
TXN_359,2026-08-14,2001.36,DR,PAYMENT TO Primatech Paper INV543,Primatech Paper,REF431773
TXN_360,2026-08-25,3755.16,DR,"PAYMENT TO ['Stark Logix LLC', 'STARK LOGISTICS', 'Stark Log.', 'Stark Logix'] INV817","['Stark Logix LLC', 'STARK LOGISTICS', 'Stark Log.', 'Stark Logix']",REF989455
TXN_361,2026-08-26,3460.81,DR,PAYMENT TO Pawnee Power INV188,Pawnee Power,REF395192
TXN_362,2026-08-15,1968.93,DR,PAYMENT TO Globex Inc INV585,Globex Inc,REF263917
TXN_363,2026-08-10,4804.66,DR,PAYMENT TO Dunder Supplies INV405,Dunder Supplies,REF810189
TXN_364,2026-08-26,4348.98,DR,PAYMENT TO Tyrell Systems INV111,Tyrell Systems,REF680412
TXN_365,2026-08-05,703.85,DR,PAYMENT TO ACME Corp INV686,ACME Corp,REF725637
TXN_366,2026-08-07,3766.65,DR,PAYMENT TO Delos Hospitality INV316,Delos Hospitality,REF532699
TXN_367,2026-08-17,798.03,DR,PAYMENT TO Hooli Services INV326,Hooli Services,REF746850
TXN_368,2026-08-07,661.65,DR,PAYMENT TO Lestrade & Co INV972,Lestrade & Co,REF157030
TXN_369,2026-08-18,2360.2,DR,PAYMENT TO Sorin Systems INV174,Sorin Systems,REF404771
TXN_370,2026-08-24,2944.92,DR,PAYMENT TO Wernham Hogg INV465,Wernham Hogg,REF234443
TXN_371,2026-08-20,442.06,DR,PAYMENT TO Bluth Builders INV425,Bluth Builders,REF609462
TXN_372,2026-08-19,2877.62,DR,PAYMENT TO Oceanic Freight INV538,Oceanic Freight,REF276831
TXN_373,2026-08-09,4216.54,DR,PAYMENT TO Vandelay Trading INV795,Vandelay Trading,REF868577
TXN_374,2026-08-12,3896.36,DR,PAYMENT TO Veridian Dynamics INV664,Veridian Dynamics,REF214119
TXN_375,2026-08-05,4467.36,DR,PAYMENT TO Bluth Builders INV369,Bluth Builders,REF869177
TXN_376,2026-08-03,3664.38,DR,PAYMENT TO Globex Inc INV969,Globex Inc,REF631815
TXN_377,2026-08-02,2802.81,DR,PAYMENT TO  Freight INV652, Freight,REF595036
TXN_378,2026-08-08,4468.04,DR,PAYMENT TO Bachman Electric INV850,Bachman Electric,REF998801
TXN_379,2026-08-12,2560.62,DR,PAYMENT TO Sterling Cooper INV968,Sterling Cooper,REF945718
TXN_380,2026-08-22,912.63,DR,PAYMENT TO Momcorp Industries INV243,Momcorp Industries,REF567896
TXN_381,2026-08-12,298.06,DR,PAYMENT TO Veridian Dynamics INV337,Veridian Dynamics,REF165914
TXN_382,2026-08-17,4547.86,DR,PAYMENT TO Tyrell Systems INV497,Tyrell Systems,REF592489
TXN_383,2026-08-02,295.53,DR,PAYMENT TO Oceanic Freight INV205,Oceanic Freight,REF837920
TXN_384,2026-08-21,4165.27,DR,PAYMENT TO Nakatomi Trading INV692,Nakatomi Trading,REF670792
TXN_385,2026-08-19,3301.35,DR,PAYMENT TO Cyberdyne Systems INV629,Cyberdyne Systems,REF363807
TXN_386,2026-08-12,2485.62,DR,PAYMENT TO Frobozz Electric INV718,Frobozz Electric,REF106918
TXN_387,2026-08-08,477.73,DR,PAYMENT TO Rekall Solutions INV316,Rekall Solutions,REF257538
TXN_388,2026-08-14,4074.75,DR,PAYMENT TO Soylent Industries INV593,Soylent Industries,REF808029
TXN_389,2026-08-01,1293.98,DR,PAYMENT TO Vandelay Trading INV687,Vandelay Trading,REF721121
TXN_390,2026-08-02,915.07,DR,PAYMENT TO Hooli Services INV629,Hooli Services,REF525151
TXN_391,2026-08-03,1161.31,DR,PAYMENT TO Pawnee Power INV582,Pawnee Power,REF605065
TXN_392,2026-08-20,3332.28,DR,PAYMENT TO Nakatomi Trading INV271,Nakatomi Trading,REF859364
TXN_393,2026-08-13,1988.76,DR,PAYMENT TO Umbrella Corp INV116,Umbrella Corp,REF312177
TXN_394,2026-08-20,571.86,DR,PAYMENT TO Frobozz Electric INV729,Frobozz Electric,REF728950
TXN_395,2026-08-16,3331.02,DR,"PAYMENT TO ['Pawnee Pwr.', 'PAWNEE POWER', 'Pawnee Energy'] INV652","['Pawnee Pwr.', 'PAWNEE POWER', 'Pawnee Energy']",REF967719
TXN_396,2026-08-02,3518.45,DR,PAYMENT TO InGen Biotech INV334,InGen Biotech,REF941272
TXN_397,2026-08-14,756.03,DR,PAYMENT TO Frobozz Electric INV884,Frobozz Electric,REF343807
TXN_398,2026-08-03,1488.01,DR,PAYMENT TO  Freight INV518, Freight,REF370328
TXN_399,2026-08-01,1937.65,DR,PAYMENT TO Los Pollos Dist. INV804,Los Pollos Dist.,REF943356
TXN_400,2026-08-14,3292.72,DR,PAYMENT TO Nakatomi Trading INV367,Nakatomi Trading,REF996508
TXN_401,2026-08-22,2047.53,DR,PAYMENT TO Los Pollos Dist. INV523,Los Pollos Dist.,REF678923
TXN_402,2026-08-16,975.73,DR,PAYMENT TO Sorin Systems INV668,Sorin Systems,REF607259
TXN_403,2026-08-24,776.54,DR,PAYMENT TO Soylent Industries INV865,Soylent Industries,REF340932
TXN_404,2026-08-17,2062.75,DR,PAYMENT TO Wernham Hogg INV920,Wernham Hogg,REF677321
TXN_405,2026-08-21,125.92,DR,PAYMENT TO Initech Solutions INV943,Initech Solutions,REF252387
TXN_406,2026-08-03,1389.15,DR,PAYMENT TO Tyrell Systems INV181,Tyrell Systems,REF738613
TXN_407,2026-08-10,3586.87,DR,PAYMENT TO Pawnee Power INV158,Pawnee Power,REF911187
TXN_408,2026-08-21,2522.41,DR,PAYMENT TO ACME Corp INV306,ACME Corp,REF991884
TXN_409,2026-08-02,3941.4,DR,PAYMENT TO Momcorp Industries INV628,Momcorp Industries,REF832377
TXN_410,2026-08-08,3309.59,DR,PAYMENT TO Pied Piper Tech INV188,Pied Piper Tech,REF389340
TXN_411,2026-08-12,3381.34,DR,PAYMENT TO Primatech Paper INV700,Primatech Paper,REF310040
TXN_412,2026-08-24,4165.85,DR,PAYMENT TO Bachman Electric INV456,Bachman Electric,REF464354
TXN_413,2026-08-09,1208.85,DR,PAYMENT TO Bluth Builders INV565,Bluth Builders,REF523579
TXN_414,2026-08-17,621.68,DR,PAYMENT TO Cyberdyne Systems INV615,Cyberdyne Systems,REF408545
TXN_415,2026-08-26,2916.98,DR,PAYMENT TO Sirius Cybernetics INV486,Sirius Cybernetics,REF690525
TXN_416,2026-08-22,2357.53,DR,PAYMENT TO Bachman Electric INV982,Bachman Electric,REF128679
TXN_417,2026-08-21,3964.41,DR,PAYMENT TO Prestige Worldwide INV793,Prestige Worldwide,REF835236
TXN_418,2026-08-17,2724.69,DR,PAYMENT TO Nakatomi Trading INV354,Nakatomi Trading,REF401244
TXN_419,2026-08-16,1637.98,DR,PAYMENT TO Los Pollos Dist. INV687,Los Pollos Dist.,REF382146
TXN_420,2026-08-08,3703.6,DR,PAYMENT TO Nakatomi Trading INV311,Nakatomi Trading,REF340341
TXN_421,2026-08-25,622.78,DR,PAYMENT TO Initech Solutions INV792,Initech Solutions,REF795650
TXN_422,2026-08-12,3141.27,DR,PAYMENT TO Veridian Dynamics INV688,Veridian Dynamics,REF388078
TXN_423,2026-08-08,3775.83,DR,PAYMENT TO Vandelay Trading INV155,Vandelay Trading,REF651273
TXN_424,2026-08-16,4704.31,DR,PAYMENT TO Stark Logistics INV614,Stark Logistics,REF464158
TXN_425,2026-08-23,2639.21,DR,PAYMENT TO Oceanic Freight INV805,Oceanic Freight,REF108827
TXN_426,2026-08-11,1871.85,DR,PAYMENT TO Nakatomi Trading INV291,Nakatomi Trading,REF675210
TXN_427,2026-08-12,1001.18,DR,PAYMENT TO InGen Biotech INV315,InGen Biotech,REF539450
TXN_428,2026-08-09,2308.57,DR,PAYMENT TO Lestrade & Co INV234,Lestrade & Co,REF703867
TXN_429,2026-08-18,2217.87,DR,PAYMENT TO Weyland Industries INV300,Weyland Industries,REF252928
TXN_430,2026-08-24,832.79,DR,PAYMENT TO ACME Corp INV280,ACME Corp,REF541996
TXN_431,2026-08-10,1329.77,DR,PAYMENT TO Lestrade & Co INV148,Lestrade & Co,REF517754
TXN_432,2026-08-09,2435.04,DR,PAYMENT TO Umbrella Corp INV560,Umbrella Corp,REF880762
TXN_433,2026-08-12,197.19,DR,PAYMENT TO Soylent Industries INV459,Soylent Industries,REF812597
TXN_434,2026-08-07,2926.58,DR,PAYMENT TO  Freight INV278, Freight,REF918213
TXN_435,2026-08-03,1967.25,DR,PAYMENT TO Massive Dynamic INV574,Massive Dynamic,REF762398
TXN_436,2026-08-06,3238.85,DR,PAYMENT TO Wernham Hogg INV531,Wernham Hogg,REF761938
TXN_437,2026-08-06,1783.76,DR,PAYMENT TO Oceanic Freight INV424,Oceanic Freight,REF784733
TXN_438,2026-08-15,3926.77,DR,PAYMENT TO Tyrell Systems INV865,Tyrell Systems,REF715429
TXN_439,2026-08-06,4285.64,DR,PAYMENT TO Vandelay Trading INV845,Vandelay Trading,REF346024
TXN_440,2026-08-13,604.75,DR,PAYMENT TO Cyberdyne Systems INV999,Cyberdyne Systems,REF596171
TXN_441,2026-08-25,4980.47,DR,PAYMENT TO Umbrella Corp INV368,Umbrella Corp,REF748127
TXN_442,2026-08-08,3714.21,DR,PAYMENT TO Sirius Cybernetics INV741,Sirius Cybernetics,REF232552
TXN_443,2026-08-22,1848.52,DR,PAYMENT TO Oceanic Freight INV984,Oceanic Freight,REF599284
TXN_444,2026-08-15,762.06,DR,PAYMENT TO  Freight INV281, Freight,REF719531
TXN_445,2026-08-21,3233.69,DR,PAYMENT TO Buy n Large Corp INV455,Buy n Large Corp,REF605048
TXN_446,2026-08-12,2119.8,DR,PAYMENT TO Dunder Supplies INV410,Dunder Supplies,REF111068
TXN_447,2026-08-16,2721.98,DR,PAYMENT TO Veridian Dynamics INV873,Veridian Dynamics,REF600241
TXN_448,2026-08-26,135.37,DR,PAYMENT TO Tyrell Systems INV293,Tyrell Systems,REF531736
TXN_449,2026-08-14,2034.29,DR,PAYMENT TO Pied Piper Tech INV832,Pied Piper Tech,REF872924
TXN_450,2026-08-03,2168.97,DR,PAYMENT TO Sterling Cooper INV629,Sterling Cooper,REF901676
TXN_451,2026-08-20,4057.12,DR,PAYMENT TO Rekall Solutions INV391,Rekall Solutions,REF779956
TXN_452,2026-08-03,993.8,DR,PAYMENT TO Massive Dynamic INV213,Massive Dynamic,REF767830
TXN_453,2026-08-07,1671.15,DR,PAYMENT TO Dunder Supplies INV150,Dunder Supplies,REF660957
TXN_454,2026-08-05,3604.46,DR,PAYMENT TO ACME Corp INV338,ACME Corp,REF194578
TXN_455,2026-08-14,1626.73,DR,PAYMENT TO Veridian Dynamics INV480,Veridian Dynamics,REF586208
TXN_456,2026-08-25,4763.06,DR,PAYMENT TO Wayne Enterprises INV372,Wayne Enterprises,REF913331
TXN_457,2026-08-07,4488.92,DR,PAYMENT TO Nakatomi Trading INV936,Nakatomi Trading,REF500112
TXN_458,2026-08-04,4875.53,DR,PAYMENT TO Sterling Cooper INV494,Sterling Cooper,REF908688
TXN_459,2026-08-08,3714.33,DR,PAYMENT TO Stark Logistics INV303,Stark Logistics,REF583220
TXN_460,2026-08-13,3439.07,DR,PAYMENT TO Buy n Large Corp INV430,Buy n Large Corp,REF266316
TXN_461,2026-08-16,3228.75,DR,PAYMENT TO Bluth Builders INV469,Bluth Builders,REF154617
TXN_462,2026-08-07,4869.04,DR,PAYMENT TO Sterling Cooper INV748,Sterling Cooper,REF555251
TXN_463,2026-08-13,3966.8,DR,PAYMENT TO ACME Corp INV143,ACME Corp,REF709303
TXN_464,2026-08-16,3473.19,DR,PAYMENT TO Dunder Supplies INV480,Dunder Supplies,REF908239
TXN_465,2026-08-22,3131.36,DR,PAYMENT TO Wayne Enterprises INV161,Wayne Enterprises,REF472787
TXN_466,2026-08-16,1240.11,DR,PAYMENT TO Sorin Systems INV907,Sorin Systems,REF775960
TXN_467,2026-08-26,4469.8,DR,PAYMENT TO Bluth Builders INV121,Bluth Builders,REF822730
TXN_468,2026-08-16,3562.47,DR,PAYMENT TO Sorin Systems INV401,Sorin Systems,REF669097
TXN_469,2026-08-12,1686.04,DR,PAYMENT TO Multi Corp INV381,Multi Corp,REF971733
TXN_470,2026-08-17,859.62,DR,PAYMENT TO Massive Dynamic INV939,Massive Dynamic,REF376141
TXN_471,2026-08-13,3694.92,DR,PAYMENT TO Globex Inc INV734,Globex Inc,REF998450
TXN_472,2026-08-24,410.37,DR,PAYMENT TO  Freight INV938, Freight,REF506313
TXN_473,2026-08-11,2108.04,DR,PAYMENT TO Oceanic Freight INV213,Oceanic Freight,REF200932
TXN_474,2026-08-06,4380.11,DR,PAYMENT TO Bluth Builders INV209,Bluth Builders,REF608947
TXN_475,2026-08-17,3157.46,DR,PAYMENT TO Bachman Electric INV362,Bachman Electric,REF151470
TXN_476,2026-08-07,3313.17,DR,PAYMENT TO Initech Solutions INV579,Initech Solutions,REF939930
TXN_477,2026-08-26,3571.33,DR,PAYMENT TO Gekko Capital INV372,Gekko Capital,REF654718
TXN_478,2026-08-07,4806.88,DR,PAYMENT TO Umbrella Corp INV203,Umbrella Corp,REF860397
TXN_479,2026-08-17,3318.69,DR,PAYMENT TO Lestrade & Co INV740,Lestrade & Co,REF287588
TXN_480,2026-08-25,3229.26,DR,PAYMENT TO Delos Hospitality INV790,Delos Hospitality,REF581003
TXN_481,2026-08-26,983.94,DR,PAYMENT TO Primatech Paper INV616,Primatech Paper,REF453907
TXN_482,2026-08-11,2795.4,DR,PAYMENT TO Oceanic Freight INV965,Oceanic Freight,REF489776
TXN_483,2026-08-19,2773.57,DR,PAYMENT TO Weyland Industries INV884,Weyland Industries,REF676967
TXN_484,2026-08-09,1864.04,DR,PAYMENT TO Sirius Cybernetics INV558,Sirius Cybernetics,REF516379
TXN_485,2026-08-17,761.92,DR,PAYMENT TO Buy n Large Corp INV106,Buy n Large Corp,REF414922
TXN_486,2026-08-07,4293.03,DR,PAYMENT TO Globex Inc INV890,Globex Inc,REF961866
TXN_487,2026-08-09,4603.65,DR,PAYMENT TO Momcorp Industries INV669,Momcorp Industries,REF698388
TXN_488,2026-08-05,562.01,DR,PAYMENT TO Multi Corp INV464,Multi Corp,REF263690
TXN_489,2026-08-09,4074.26,DR,PAYMENT TO Initech Solutions INV684,Initech Solutions,REF519218
TXN_490,2026-08-26,2464.41,DR,PAYMENT TO Veridian Dynamics INV945,Veridian Dynamics,REF823092
TXN_491,2026-08-24,4060.87,DR,PAYMENT TO Weyland Industries INV180,Weyland Industries,REF918017
TXN_492,2026-08-14,4658.21,DR,PAYMENT TO Soylent Industries INV990,Soylent Industries,REF907812
TXN_493,2026-08-02,1593.44,DR,PAYMENT TO Stark Logistics INV426,Stark Logistics,REF666157
TXN_494,2026-08-02,3400.81,DR,PAYMENT TO Primatech Paper INV556,Primatech Paper,REF889410
TXN_495,2026-08-14,1519.94,DR,PAYMENT TO Primatech Paper INV251,Primatech Paper,REF238610
TXN_496,2026-08-13,1386.53,DR,PAYMENT TO Primatech Paper INV613,Primatech Paper,REF555596
TXN_497,2026-08-05,3833.96,DR,PAYMENT TO Frobozz Electric INV672,Frobozz Electric,REF307731
TXN_498,2026-08-08,1287.34,DR,PAYMENT TO Rekall Solutions INV895,Rekall Solutions,REF550956
TXN_499,2026-08-22,2126.55,DR,PAYMENT TO Tyrell Systems INV456,Tyrell Systems,REF299742
TXN_500,2026-08-06,4939.49,DR,PAYMENT TO Gekko Capital INV941,Gekko Capital,REF941792
TXN_501,2026-08-08,1078.46,DR,PAYMENT TO Tyrell Systems INV259,Tyrell Systems,REF894541
TXN_502,2026-08-08,4749.81,DR,PAYMENT TO Dunder Supplies INV989,Dunder Supplies,REF972881
TXN_503,2026-08-01,1782.03,DR,PAYMENT TO Soylent Industries INV412,Soylent Industries,REF571923
TXN_504,2026-08-07,1098.63,DR,PAYMENT TO Omni Consumer INV868,Omni Consumer,REF371222
TXN_505,2026-08-13,2956.72,DR,PAYMENT TO Omni Consumer INV144,Omni Consumer,REF367865
TXN_506,2026-08-02,2378.31,DR,PAYMENT TO ACME Corp INV168,ACME Corp,REF507523
TXN_507,2026-08-10,4350.31,DR,PAYMENT TO Weyland Industries INV336,Weyland Industries,REF499194
TXN_508,2026-08-20,2704.65,DR,PAYMENT TO Hooli Services INV303,Hooli Services,REF624970
TXN_509,2026-08-18,4639.11,DR,PAYMENT TO Globex Inc INV140,Globex Inc,REF359409
TXN_510,2026-08-10,1734.49,DR,PAYMENT TO Primatech Paper INV862,Primatech Paper,REF264631
TXN_511,2026-08-08,4980.37,DR,PAYMENT TO Momcorp Industries INV382,Momcorp Industries,REF951331
TXN_512,2026-08-18,4750.67,DR,PAYMENT TO Prestige Worldwide INV255,Prestige Worldwide,REF458388
TXN_513,2026-08-22,772.58,DR,PAYMENT TO Weyland Industries INV633,Weyland Industries,REF810929
TXN_514,2026-08-19,848.47,DR,"PAYMENT TO ['Buy N Large', 'BUY N LARGE CORP', 'BnL Corp'] INV719","['Buy N Large', 'BUY N LARGE CORP', 'BnL Corp']",REF445280
TXN_515,2026-08-19,2752.63,DR,PAYMENT TO Bluth Builders INV983,Bluth Builders,REF244818
TXN_516,2026-08-25,811.25,DR,PAYMENT TO Lestrade & Co INV261,Lestrade & Co,REF432918
TXN_517,2026-08-11,4213.66,DR,PAYMENT TO Dunder Supplies INV844,Dunder Supplies,REF130915
TXN_518,2026-08-14,4809.86,DR,PAYMENT TO Buy n Large Corp INV553,Buy n Large Corp,REF881828
TXN_519,2026-08-21,4672.93,DR,PAYMENT TO Rekall Solutions INV255,Rekall Solutions,REF916953
TXN_520,2026-08-25,4931.18,DR,PAYMENT TO Gekko Capital INV373,Gekko Capital,REF735022
TXN_521,2026-08-22,227.81,DR,PAYMENT TO Initech Solutions INV804,Initech Solutions,REF917707
TXN_522,2026-08-06,4275.43,DR,PAYMENT TO Veridian Dynamics INV585,Veridian Dynamics,REF244192
TXN_523,2026-08-25,4847.19,DR,PAYMENT TO Rekall Solutions INV522,Rekall Solutions,REF333365
TXN_524,2026-08-06,4642.81,DR,PAYMENT TO Sirius Cybernetics INV987,Sirius Cybernetics,REF747033
TXN_525,2026-08-14,2083.85,DR,PAYMENT TO Stark Logistics INV722,Stark Logistics,REF871051
TXN_526,2026-08-24,1633.2,DR,PAYMENT TO Gekko Capital INV860,Gekko Capital,REF699716
TXN_527,2026-08-04,2312.89,DR,PAYMENT TO Stark Logistics INV998,Stark Logistics,REF357657
TXN_528,2026-08-17,3849.28,DR,PAYMENT TO Wayne Enterprises INV294,Wayne Enterprises,REF405323
TXN_529,2026-08-06,2170.06,DR,PAYMENT TO Gekko Capital INV155,Gekko Capital,REF823468
TXN_530,2026-08-03,3640.97,DR,PAYMENT TO Soylent Industries INV284,Soylent Industries,REF916558
TXN_531,2026-08-14,1684.96,DR,PAYMENT TO Globex Inc INV283,Globex Inc,REF575718
TXN_532,2026-08-09,1687.97,DR,PAYMENT TO Pied Piper Tech INV835,Pied Piper Tech,REF868881
TXN_533,2026-08-03,2666.7,DR,PAYMENT TO Weyland Industries INV844,Weyland Industries,REF929493
TXN_534,2026-08-20,4753.79,DR,PAYMENT TO Weyland Industries INV663,Weyland Industries,REF499095
TXN_535,2026-08-06,4357.21,DR,PAYMENT TO Hooli Services INV887,Hooli Services,REF846635
TXN_536,2026-08-10,3169.62,DR,PAYMENT TO Soylent Industries INV234,Soylent Industries,REF312705
TXN_537,2026-08-16,4291.51,DR,PAYMENT TO  Freight INV926, Freight,REF106029
TXN_538,2026-08-19,3331.41,DR,PAYMENT TO Multi Corp INV519,Multi Corp,REF563339
TXN_539,2026-08-18,1462.75,DR,PAYMENT TO Sorin Systems INV939,Sorin Systems,REF965339
TXN_540,2026-08-21,1810.2,DR,PAYMENT TO Dunder Supplies INV974,Dunder Supplies,REF134007
TXN_541,2026-08-03,340.25,DR,PAYMENT TO Dharma Provisions INV282,Dharma Provisions,REF269172
TXN_542,2026-08-24,2936.93,DR,PAYMENT TO Stark Logistics INV195,Stark Logistics,REF905843
TXN_543,2026-08-25,2193.89,DR,PAYMENT TO Sorin Systems INV166,Sorin Systems,REF407057
TXN_544,2026-08-17,2127.41,DR,"PAYMENT TO ['Los Pollos Distribution', 'LOS POLLOS', 'L Pollos Dist'] INV812","['Los Pollos Distribution', 'LOS POLLOS', 'L Pollos Dist']",REF319205
TXN_545,2026-08-24,3474.41,DR,PAYMENT TO Massive Dynamic INV537,Massive Dynamic,REF738419
TXN_546,2026-08-09,2674.42,DR,PAYMENT TO Gekko Capital INV462,Gekko Capital,REF236014
TXN_547,2026-08-26,981.55,DR,PAYMENT TO Gekko Capital INV338,Gekko Capital,REF843007
TXN_548,2026-08-01,2377.94,DR,PAYMENT TO Soylent Industries INV855,Soylent Industries,REF989265
TXN_549,2026-08-02,1735.58,DR,PAYMENT TO Sorin Systems INV925,Sorin Systems,REF768470
TXN_550,2026-08-26,432.4,DR,PAYMENT TO Buy n Large Corp INV618,Buy n Large Corp,REF676710
TXN_551,2026-08-11,2040.64,DR,PAYMENT TO Lestrade & Co INV730,Lestrade & Co,REF130531
TXN_552,2026-08-07,1719.52,DR,PAYMENT TO Wernham Hogg INV788,Wernham Hogg,REF602381
TXN_553,2026-08-26,274.24,DR,PAYMENT TO Vandelay Trading INV593,Vandelay Trading,REF262934
TXN_554,2026-08-26,4089.42,DR,PAYMENT TO Wayne Enterprises INV955,Wayne Enterprises,REF646384
TXN_555,2026-08-19,3458.92,DR,PAYMENT TO Delos Hospitality INV167,Delos Hospitality,REF256557
TXN_556,2026-08-21,2717.94,DR,PAYMENT TO Pied Piper Tech INV684,Pied Piper Tech,REF735111
TXN_557,2026-08-23,4303.32,DR,PAYMENT TO Stark Logistics INV378,Stark Logistics,REF533973
TXN_558,2026-08-10,1159.09,DR,PAYMENT TO Buy n Large Corp INV279,Buy n Large Corp,REF217683
TXN_559,2026-08-15,2579.37,DR,PAYMENT TO Frobozz Electric INV612,Frobozz Electric,REF261562
TXN_560,2026-08-05,3870.46,DR,"PAYMENT TO ['Umbrella Corporation', 'UMBRELLA CORP', 'Umbrella Co.'] INV941","['Umbrella Corporation', 'UMBRELLA CORP', 'Umbrella Co.']",REF641218
TXN_561,2026-08-15,1999.18,DR,PAYMENT TO Omni Consumer INV218,Omni Consumer,REF104309
TXN_562,2026-08-15,4457.01,DR,PAYMENT TO Umbrella Corp INV633,Umbrella Corp,REF903398
TXN_563,2026-08-21,4471.46,DR,PAYMENT TO Oceanic Freight INV305,Oceanic Freight,REF301898
TXN_564,2026-08-22,676.49,DR,PAYMENT TO Dunder Supplies INV261,Dunder Supplies,REF386929
TXN_565,2026-08-18,1816.56,DR,PAYMENT TO Oceanic Freight INV377,Oceanic Freight,REF248433
TXN_566,2026-08-26,1488.01,DR,PAYMENT TO Sterling Cooper INV275,Sterling Cooper,REF174703
TXN_567,2026-08-05,242.06,DR,PAYMENT TO Wayne Enterprises INV208,Wayne Enterprises,REF502233
TXN_568,2026-08-23,3020.99,DR,PAYMENT TO Bachman Electric INV744,Bachman Electric,REF976792
TXN_569,2026-08-11,4105.47,DR,PAYMENT TO  Freight INV180, Freight,REF892453
TXN_570,2026-08-19,745.8,DR,PAYMENT TO Multi Corp INV199,Multi Corp,REF577714
TXN_571,2026-08-08,804.24,DR,PAYMENT TO Gekko Capital INV364,Gekko Capital,REF481104
TXN_572,2026-08-16,248.29,DR,PAYMENT TO Frobozz Electric INV215,Frobozz Electric,REF468512
TXN_573,2026-08-20,2915.92,DR,PAYMENT TO Momcorp Industries INV205,Momcorp Industries,REF525392
TXN_574,2026-08-26,624.21,DR,PAYMENT TO Sorin Systems INV765,Sorin Systems,REF174369
TXN_575,2026-08-18,2358.78,DR,PAYMENT TO Bachman Electric INV523,Bachman Electric,REF350164
TXN_576,2026-08-13,423.69,DR,PAYMENT TO Los Pollos Dist. INV933,Los Pollos Dist.,REF827774
TXN_577,2026-08-23,1257.16,DR,PAYMENT TO Cyberdyne Systems INV857,Cyberdyne Systems,REF846490
TXN_578,2026-08-11,2819.93,DR,PAYMENT TO Sirius Cybernetics INV280,Sirius Cybernetics,REF422998
TXN_579,2026-08-03,3031.47,DR,PAYMENT TO Pawnee Power INV889,Pawnee Power,REF959691
TXN_580,2026-08-07,4103.46,DR,PAYMENT TO Bachman Electric INV873,Bachman Electric,REF767033
TXN_581,2026-08-25,818.95,DR,PAYMENT TO Dunder Supplies INV563,Dunder Supplies,REF657062
TXN_582,2026-08-07,3439.43,DR,"PAYMENT TO ['Oceanic Freight Ltd', 'OCEANIC', 'Oceanic Frt.'] INV406","['Oceanic Freight Ltd', 'OCEANIC', 'Oceanic Frt.']",REF697978
TXN_583,2026-08-22,1592.3,DR,PAYMENT TO InGen Biotech INV835,InGen Biotech,REF460987
TXN_584,2026-08-19,139.78,DR,PAYMENT TO Momcorp Industries INV513,Momcorp Industries,REF988811
TXN_585,2026-08-18,4842.71,DR,PAYMENT TO ACME Corp INV820,ACME Corp,REF687234
TXN_586,2026-08-12,637.52,DR,PAYMENT TO Massive Dynamic INV986,Massive Dynamic,REF132699
TXN_587,2026-08-23,1975.67,DR,PAYMENT TO Weyland Industries INV545,Weyland Industries,REF671598
TXN_588,2026-08-07,2821.57,DR,PAYMENT TO Tyrell Systems INV960,Tyrell Systems,REF537503
TXN_589,2026-08-03,3277.11,DR,PAYMENT TO Dunder Supplies INV838,Dunder Supplies,REF610343
TXN_590,2026-08-21,4049.11,DR,PAYMENT TO Multi Corp INV907,Multi Corp,REF829169
TXN_591,2026-08-17,2178.21,DR,PAYMENT TO Sirius Cybernetics INV493,Sirius Cybernetics,REF472566
TXN_592,2026-08-24,1260.07,DR,PAYMENT TO Momcorp Industries INV375,Momcorp Industries,REF530794
TXN_593,2026-08-19,1898.15,DR,PAYMENT TO Stark Logistics INV681,Stark Logistics,REF606743
TXN_594,2026-08-05,3677.91,DR,PAYMENT TO Omni Consumer INV979,Omni Consumer,REF887042
TXN_595,2026-08-15,2633.05,DR,PAYMENT TO Omni Consumer INV724,Omni Consumer,REF192742
TXN_596,2026-08-11,2721.66,DR,PAYMENT TO ACME Corp INV580,ACME Corp,REF576089
TXN_597,2026-08-12,4806.85,DR,PAYMENT TO Massive Dynamic INV396,Massive Dynamic,REF275645
TXN_598,2026-08-02,3183.57,DR,PAYMENT TO Bachman Electric INV273,Bachman Electric,REF700687
TXN_599,2026-08-16,504.3,DR,PAYMENT TO Momcorp Industries INV178,Momcorp Industries,REF992805
TXN_600,2026-08-09,749.44,DR,PAYMENT TO Rekall Solutions INV381,Rekall Solutions,REF999529
TXN_601,2026-08-22,2288.6,DR,PAYMENT TO Hooli Services INV367,Hooli Services,REF920539
TXN_602,2026-08-02,1779.96,DR,PAYMENT TO Initech Solutions INV248,Initech Solutions,REF724473
TXN_603,2026-08-05,4204.31,DR,PAYMENT TO Dharma Provisions INV888,Dharma Provisions,REF501779
TXN_604,2026-08-19,3698.37,DR,PAYMENT TO Delos Hospitality INV155,Delos Hospitality,REF773459
TXN_605,2026-08-15,2053.85,DR,PAYMENT TO Buy n Large Corp INV587,Buy n Large Corp,REF882395
TXN_606,2026-08-18,1244.94,DR,PAYMENT TO Weyland Industries INV585,Weyland Industries,REF375382
TXN_607,2026-08-26,2299.22,DR,PAYMENT TO Oceanic Freight INV642,Oceanic Freight,REF816047
TXN_608,2026-08-04,4596.79,DR,PAYMENT TO Delos Hospitality INV964,Delos Hospitality,REF552760
TXN_609,2026-08-09,4031.35,DR,PAYMENT TO Nakatomi Trading INV770,Nakatomi Trading,REF712553
TXN_610,2026-08-11,3420.82,DR,PAYMENT TO Hooli Services INV420,Hooli Services,REF674213
TXN_611,2026-08-14,578.72,DR,PAYMENT TO Umbrella Corp INV801,Umbrella Corp,REF567604
TXN_612,2026-08-02,216.13,DR,PAYMENT TO Initech Solutions INV158,Initech Solutions,REF722999
TXN_613,2026-08-03,4296.56,DR,PAYMENT TO Vandelay Trading INV484,Vandelay Trading,REF788279
TXN_614,2026-08-21,2873.74,DR,PAYMENT TO Hooli Services INV213,Hooli Services,REF829445
TXN_615,2026-08-21,2321.87,DR,PAYMENT TO Rekall Solutions INV887,Rekall Solutions,REF547724
TXN_616,2026-08-25,462.59,DR,PAYMENT TO Wayne Enterprises INV491,Wayne Enterprises,REF507466
TXN_617,2026-08-06,2258.82,DR,PAYMENT TO Veridian Dynamics INV305,Veridian Dynamics,REF739947
TXN_618,2026-08-18,3866.67,DR,PAYMENT TO Los Pollos Dist. INV728,Los Pollos Dist.,REF774588
TXN_619,2026-08-02,457.31,DR,PAYMENT TO Lestrade & Co INV845,Lestrade & Co,REF362769
TXN_620,2026-08-01,4492.91,DR,PAYMENT TO Dunder Supplies INV768,Dunder Supplies,REF771440
TXN_621,2026-08-05,3530.27,DR,PAYMENT TO Primatech Paper INV688,Primatech Paper,REF103883
TXN_622,2026-08-13,4235.84,DR,PAYMENT TO Cyberdyne Systems INV653,Cyberdyne Systems,REF336817
TXN_623,2026-08-12,1733.85,DR,PAYMENT TO Buy n Large Corp INV510,Buy n Large Corp,REF157875
TXN_624,2026-08-11,494.24,DR,PAYMENT TO Multi Corp INV878,Multi Corp,REF903741
TXN_625,2026-08-13,3337.6,DR,"PAYMENT TO ['Buy N Large', 'BUY N LARGE CORP', 'BnL Corp'] INV812","['Buy N Large', 'BUY N LARGE CORP', 'BnL Corp']",REF509054
TXN_626,2026-08-21,3475.33,DR,PAYMENT TO Veridian Dynamics INV186,Veridian Dynamics,REF763529
TXN_627,2026-08-07,224.29,DR,PAYMENT TO Bachman Electric INV344,Bachman Electric,REF612997
TXN_628,2026-08-18,4828.27,DR,PAYMENT TO Sirius Cybernetics INV116,Sirius Cybernetics,REF138842
TXN_629,2026-08-04,1137.22,DR,PAYMENT TO Omni Consumer INV569,Omni Consumer,REF811016
TXN_630,2026-08-18,829.87,DR,PAYMENT TO Bachman Electric INV338,Bachman Electric,REF175532
TXN_631,2026-08-16,4545.18,DR,PAYMENT TO Gekko Capital INV146,Gekko Capital,REF354471
TXN_632,2026-08-21,344.79,DR,PAYMENT TO Buy n Large Corp INV940,Buy n Large Corp,REF932251
TXN_633,2026-08-04,659.48,DR,PAYMENT TO Pawnee Power INV918,Pawnee Power,REF745533
TXN_634,2026-08-26,4195.89,DR,PAYMENT TO Primatech Paper INV432,Primatech Paper,REF226670
TXN_635,2026-08-19,2774.84,DR,PAYMENT TO Oceanic Freight INV956,Oceanic Freight,REF931627
TXN_636,2026-08-03,691.65,DR,PAYMENT TO Dunder Supplies INV875,Dunder Supplies,REF535320
TXN_637,2026-08-08,4635.81,DR,PAYMENT TO Stark Logistics INV236,Stark Logistics,REF204823
TXN_638,2026-08-21,3100.96,DR,PAYMENT TO Pied Piper Tech INV116,Pied Piper Tech,REF610622
TXN_639,2026-08-23,3293.6,DR,"PAYMENT TO ['Massive Dyn.', 'MASSIVE DYNAMIC', 'MassiveDynamic'] INV526","['Massive Dyn.', 'MASSIVE DYNAMIC', 'MassiveDynamic']",REF827191
TXN_640,2026-08-25,2432.46,DR,PAYMENT TO Vandelay Trading INV311,Vandelay Trading,REF250038
TXN_641,2026-08-08,4696.64,DR,PAYMENT TO Gekko Capital INV808,Gekko Capital,REF139448
TXN_642,2026-08-12,2152.05,DR,PAYMENT TO Sorin Systems INV341,Sorin Systems,REF301224
TXN_643,2026-08-25,4935.23,DR,PAYMENT TO Momcorp Industries INV324,Momcorp Industries,REF586765
TXN_644,2026-08-22,1119.73,DR,PAYMENT TO Wayne Enterprises INV298,Wayne Enterprises,REF218152
TXN_645,2026-08-22,4234.53,DR,PAYMENT TO Frobozz Electric INV609,Frobozz Electric,REF284888
TXN_646,2026-08-10,1126.99,DR,PAYMENT TO Nakatomi Trading INV442,Nakatomi Trading,REF746781
TXN_647,2026-08-25,2320.42,DR,PAYMENT TO Umbrella Corp INV858,Umbrella Corp,REF155004
TXN_648,2026-08-06,874.42,DR,PAYMENT TO Globex Inc INV596,Globex Inc,REF639915
TXN_649,2026-08-14,1073.88,DR,PAYMENT TO Oceanic Freight INV335,Oceanic Freight,REF916814
TXN_650,2026-08-24,2121.72,DR,PAYMENT TO Bluth Builders INV484,Bluth Builders,REF331381
TXN_651,2026-08-14,810.21,DR,PAYMENT TO Gekko Capital INV565,Gekko Capital,REF286710
TXN_652,2026-08-21,1857.09,DR,PAYMENT TO Rekall Solutions INV307,Rekall Solutions,REF452207
TXN_653,2026-08-05,644.44,DR,"PAYMENT TO ['Multi Corporation', 'MULTI CORP', 'MultiCorp'] INV569","['Multi Corporation', 'MULTI CORP', 'MultiCorp']",REF538539
TXN_654,2026-08-20,868.26,DR,PAYMENT TO Gekko Capital INV274,Gekko Capital,REF706204
TXN_655,2026-08-08,523.72,DR,PAYMENT TO Omni Consumer INV600,Omni Consumer,REF326956
TXN_656,2026-08-24,2197.74,DR,PAYMENT TO Sterling Cooper INV353,Sterling Cooper,REF443194
TXN_657,2026-08-14,4902.9,DR,PAYMENT TO Stark Logistics INV581,Stark Logistics,REF869105
TXN_658,2026-08-02,2185.92,DR,PAYMENT TO Primatech Paper INV590,Primatech Paper,REF949049
TXN_659,2026-08-04,2316.96,DR,PAYMENT TO Sterling Cooper INV185,Sterling Cooper,REF685616
TXN_660,2026-08-23,3685.75,DR,PAYMENT TO Los Pollos Dist. INV235,Los Pollos Dist.,REF475815
TXN_661,2026-08-22,1593.7,DR,"PAYMENT TO ['Multi Corporation', 'MULTI CORP', 'MultiCorp'] INV978","['Multi Corporation', 'MULTI CORP', 'MultiCorp']",REF698087
TXN_662,2026-08-25,779.26,DR,PAYMENT TO Primatech Paper INV289,Primatech Paper,REF928226
TXN_663,2026-08-21,2375.05,DR,PAYMENT TO ACME Corp INV981,ACME Corp,REF757776
TXN_664,2026-08-14,3789.15,DR,PAYMENT TO Gekko Capital INV655,Gekko Capital,REF703171
TXN_665,2026-08-26,3454.86,DR,PAYMENT TO Gekko Capital INV443,Gekko Capital,REF871501
TXN_666,2026-08-17,4732.08,DR,PAYMENT TO Tyrell Systems INV152,Tyrell Systems,REF216356
TXN_667,2026-08-12,958.81,DR,PAYMENT TO Sorin Systems INV821,Sorin Systems,REF170260
TXN_668,2026-08-08,2744.21,DR,PAYMENT TO Frobozz Electric INV855,Frobozz Electric,REF888819
TXN_669,2026-08-12,4499.87,DR,PAYMENT TO Momcorp Industries INV796,Momcorp Industries,REF543473
TXN_670,2026-08-15,2482.51,DR,PAYMENT TO Omni Consumer INV949,Omni Consumer,REF228670
TXN_671,2026-08-20,1903.91,DR,PAYMENT TO Cyberdyne Systems INV292,Cyberdyne Systems,REF580115
TXN_672,2026-08-03,635.89,DR,PAYMENT TO Rekall Solutions INV214,Rekall Solutions,REF830943
TXN_673,2026-08-21,211.18,DR,PAYMENT TO Dharma Provisions INV798,Dharma Provisions,REF667735
TXN_674,2026-08-16,1798.83,DR,PAYMENT TO Sirius Cybernetics INV855,Sirius Cybernetics,REF776000
TXN_675,2026-08-26,1238.41,DR,PAYMENT TO Omni Consumer INV760,Omni Consumer,REF452192
TXN_676,2026-08-19,3362.69,DR,PAYMENT TO Omni Consumer INV962,Omni Consumer,REF675111
TXN_677,2026-08-06,3967.41,DR,PAYMENT TO Prestige Worldwide INV595,Prestige Worldwide,REF489967
TXN_678,2026-08-25,4243.02,DR,PAYMENT TO Dunder Supplies INV461,Dunder Supplies,REF398196
TXN_679,2026-08-10,993.17,DR,PAYMENT TO Hooli Services INV959,Hooli Services,REF842508
TXN_680,2026-08-04,301.64,DR,PAYMENT TO Oceanic Freight INV688,Oceanic Freight,REF232617
TXN_681,2026-08-18,3564.96,DR,PAYMENT TO Oceanic Freight INV452,Oceanic Freight,REF255130
TXN_682,2026-08-10,695.3,DR,PAYMENT TO Globex Inc INV514,Globex Inc,REF623676
TXN_683,2026-08-15,4646.28,DR,PAYMENT TO Dunder Supplies INV104,Dunder Supplies,REF874368
TXN_684,2026-08-16,4490.29,DR,PAYMENT TO Lestrade & Co INV782,Lestrade & Co,REF254228
TXN_685,2026-08-24,4543.72,DR,PAYMENT TO Sirius Cybernetics INV446,Sirius Cybernetics,REF822622
TXN_686,2026-08-22,2799.7,DR,PAYMENT TO Buy n Large Corp INV125,Buy n Large Corp,REF521139
TXN_687,2026-08-03,1699.2,DR,PAYMENT TO Pawnee Power INV756,Pawnee Power,REF304629
TXN_688,2026-08-01,509.59,DR,PAYMENT TO Sirius Cybernetics INV793,Sirius Cybernetics,REF804179
TXN_689,2026-08-17,2032.68,DR,PAYMENT TO Veridian Dynamics INV425,Veridian Dynamics,REF732471
TXN_690,2026-08-05,3608.22,DR,PAYMENT TO InGen Biotech INV478,InGen Biotech,REF504868
TXN_691,2026-08-10,4889.87,DR,PAYMENT TO Sorin Systems INV189,Sorin Systems,REF326172
TXN_692,2026-08-10,902.57,DR,PAYMENT TO InGen Biotech INV846,InGen Biotech,REF534313
TXN_693,2026-08-07,1585.83,DR,PAYMENT TO Omni Consumer INV443,Omni Consumer,REF169327
TXN_694,2026-08-19,3804.96,DR,PAYMENT TO Initech Solutions INV106,Initech Solutions,REF529350
TXN_695,2026-08-18,2364.39,DR,PAYMENT TO Lestrade & Co INV873,Lestrade & Co,REF243578
TXN_696,2026-08-02,4131.72,DR,PAYMENT TO Buy n Large Corp INV954,Buy n Large Corp,REF713635
TXN_697,2026-08-01,3976.98,DR,PAYMENT TO Dunder Supplies INV368,Dunder Supplies,REF414750
TXN_698,2026-08-21,2415.45,DR,PAYMENT TO Massive Dynamic INV527,Massive Dynamic,REF288085
TXN_699,2026-08-25,1458.36,DR,PAYMENT TO Cyberdyne Systems INV713,Cyberdyne Systems,REF881782
TXN_700,2026-08-21,3460.97,DR,PAYMENT TO Soylent Industries INV482,Soylent Industries,REF637422
TXN_701,2026-08-19,386.7,DR,PAYMENT TO Oceanic Freight INV572,Oceanic Freight,REF826959
TXN_702,2026-08-12,2155.62,DR,PAYMENT TO Delos Hospitality INV149,Delos Hospitality,REF403936
TXN_703,2026-08-25,563.09,DR,PAYMENT TO Pied Piper Tech INV656,Pied Piper Tech,REF438277
TXN_704,2026-08-22,4019.4,DR,PAYMENT TO Rekall Solutions INV801,Rekall Solutions,REF831871
TXN_705,2026-08-01,771.05,DR,PAYMENT TO Massive Dynamic INV481,Massive Dynamic,REF916639
TXN_706,2026-08-07,857.32,DR,PAYMENT TO Prestige Worldwide INV951,Prestige Worldwide,REF297569
TXN_707,2026-08-18,3105.8,DR,PAYMENT TO Omni Consumer INV966,Omni Consumer,REF657942
TXN_708,2026-08-03,671.17,DR,PAYMENT TO Vandelay Trading INV117,Vandelay Trading,REF602811
TXN_709,2026-08-20,2663.29,DR,PAYMENT TO Wernham Hogg INV276,Wernham Hogg,REF844378
TXN_710,2026-08-23,797.56,DR,PAYMENT TO Prestige Worldwide INV414,Prestige Worldwide,REF231432
TXN_711,2026-08-03,192.15,DR,PAYMENT TO Frobozz Electric INV875,Frobozz Electric,REF552195
TXN_712,2026-08-19,390.4,DR,PAYMENT TO Soylent Industries INV359,Soylent Industries,REF145383
TXN_713,2026-08-20,1106.47,DR,PAYMENT TO Bluth Builders INV289,Bluth Builders,REF803175
TXN_714,2026-08-19,1804.4,DR,PAYMENT TO Pied Piper Tech INV975,Pied Piper Tech,REF624953
TXN_715,2026-08-20,1284.93,DR,PAYMENT TO Lestrade & Co INV169,Lestrade & Co,REF203919
TXN_716,2026-08-25,168.52,DR,PAYMENT TO Los Pollos Dist. INV832,Los Pollos Dist.,REF300852
TXN_717,2026-08-06,4518.14,DR,PAYMENT TO  Freight INV104, Freight,REF860583
TXN_718,2026-08-23,2987.96,DR,PAYMENT TO Sirius Cybernetics INV789,Sirius Cybernetics,REF212537
TXN_719,2026-08-07,2619.83,DR,PAYMENT TO Dharma Provisions INV215,Dharma Provisions,REF898395
TXN_720,2026-08-04,2382.92,DR,PAYMENT TO Omni Consumer INV239,Omni Consumer,REF619900
TXN_721,2026-08-23,1512.53,DR,PAYMENT TO Stark Logistics INV184,Stark Logistics,REF444053
TXN_722,2026-08-20,3707.25,DR,PAYMENT TO Sirius Cybernetics INV331,Sirius Cybernetics,REF680822
TXN_723,2026-08-26,2430.82,DR,PAYMENT TO Tyrell Systems INV283,Tyrell Systems,REF113406
TXN_724,2026-08-16,3393.27,DR,PAYMENT TO Primatech Paper INV548,Primatech Paper,REF648051
TXN_725,2026-08-13,2063.06,DR,PAYMENT TO Bachman Electric INV204,Bachman Electric,REF877447
TXN_726,2026-08-06,417.08,DR,PAYMENT TO Bluth Builders INV446,Bluth Builders,REF309991
TXN_727,2026-08-14,3653.48,DR,PAYMENT TO Rekall Solutions INV883,Rekall Solutions,REF848152
TXN_728,2026-08-19,1437.57,DR,PAYMENT TO Primatech Paper INV464,Primatech Paper,REF598940
TXN_729,2026-08-09,822.13,DR,PAYMENT TO Multi Corp INV210,Multi Corp,REF228125
TXN_730,2026-08-01,588.06,DR,PAYMENT TO Wayne Enterprises INV950,Wayne Enterprises,REF171542
TXN_731,2026-08-20,3428.1,DR,PAYMENT TO Dunder Supplies INV410,Dunder Supplies,REF752179
TXN_732,2026-08-07,1538.46,DR,PAYMENT TO Veridian Dynamics INV602,Veridian Dynamics,REF629315
TXN_733,2026-08-14,4412.62,DR,PAYMENT TO Soylent Industries INV492,Soylent Industries,REF571980
TXN_734,2026-08-02,261.01,DR,PAYMENT TO Sorin Systems INV775,Sorin Systems,REF917241
TXN_735,2026-08-05,1631.05,DR,PAYMENT TO Weyland Industries INV599,Weyland Industries,REF901123
TXN_736,2026-08-18,4286.32,DR,PAYMENT TO Momcorp Industries INV157,Momcorp Industries,REF510396
TXN_737,2026-08-25,4891.14,DR,PAYMENT TO Oceanic Freight INV162,Oceanic Freight,REF129514
TXN_738,2026-08-26,3736.08,DR,PAYMENT TO Globex Inc INV883,Globex Inc,REF755520
TXN_739,2026-08-12,2118.46,DR,PAYMENT TO Wayne Enterprises INV777,Wayne Enterprises,REF356092
TXN_740,2026-08-10,660.91,DR,PAYMENT TO Pied Piper Tech INV120,Pied Piper Tech,REF664570
TXN_741,2026-08-14,1406.43,DR,PAYMENT TO Frobozz Electric INV702,Frobozz Electric,REF123316
TXN_742,2026-08-13,2894.73,DR,PAYMENT TO Oceanic Freight INV686,Oceanic Freight,REF202472
TXN_743,2026-08-04,3485.23,DR,PAYMENT TO Los Pollos Dist. INV444,Los Pollos Dist.,REF620860
TXN_744,2026-08-12,4850.2,DR,PAYMENT TO Bluth Builders INV608,Bluth Builders,REF766311
TXN_745,2026-08-26,469.07,DR,PAYMENT TO  Freight INV319, Freight,REF401314
TXN_746,2026-08-20,3740.15,DR,PAYMENT TO Initech Solutions INV834,Initech Solutions,REF985194
TXN_747,2026-08-03,2875.5,DR,PAYMENT TO Omni Consumer INV586,Omni Consumer,REF547852
TXN_748,2026-08-26,1569.55,DR,PAYMENT TO  Freight INV420, Freight,REF309795
TXN_749,2026-08-06,4416.39,DR,PAYMENT TO Omni Consumer INV983,Omni Consumer,REF295600
TXN_750,2026-08-21,2710.32,DR,PAYMENT TO Gekko Capital INV973,Gekko Capital,REF906479
TXN_751,2026-08-19,3660.41,DR,PAYMENT TO Wayne Enterprises INV634,Wayne Enterprises,REF310394
TXN_752,2026-08-24,3458.0,DR,PAYMENT TO Buy n Large Corp INV964,Buy n Large Corp,REF556538
TXN_753,2026-08-09,4136.18,DR,PAYMENT TO Pied Piper Tech INV362,Pied Piper Tech,REF820219
TXN_754,2026-08-05,1040.39,DR,PAYMENT TO Sterling Cooper INV916,Sterling Cooper,REF967412
TXN_755,2026-08-21,4537.71,DR,PAYMENT TO Bluth Builders INV263,Bluth Builders,REF385959
TXN_756,2026-08-21,4277.35,DR,PAYMENT TO Veridian Dynamics INV901,Veridian Dynamics,REF120875
TXN_757,2026-08-03,4512.82,DR,PAYMENT TO Dharma Provisions INV472,Dharma Provisions,REF804299
TXN_758,2026-08-08,648.47,DR,PAYMENT TO Momcorp Industries INV223,Momcorp Industries,REF647312
TXN_759,2026-08-03,1266.58,DR,PAYMENT TO Soylent Industries INV891,Soylent Industries,REF945872
TXN_760,2026-08-14,1168.24,DR,PAYMENT TO Umbrella Corp INV279,Umbrella Corp,REF324509
TXN_761,2026-08-15,2101.04,DR,PAYMENT TO Bachman Electric INV157,Bachman Electric,REF614178
TXN_762,2026-08-14,2426.79,DR,PAYMENT TO Sterling Cooper INV384,Sterling Cooper,REF922370
TXN_763,2026-08-12,2428.59,DR,PAYMENT TO Tyrell Systems INV941,Tyrell Systems,REF423141
TXN_764,2026-08-23,4595.54,DR,PAYMENT TO Sterling Cooper INV359,Sterling Cooper,REF679577
TXN_765,2026-08-08,4302.47,DR,PAYMENT TO Weyland Industries INV108,Weyland Industries,REF512064
TXN_766,2026-08-09,1574.35,DR,PAYMENT TO Sterling Cooper INV404,Sterling Cooper,REF320606
TXN_767,2026-08-06,4587.86,DR,PAYMENT TO Oceanic Freight INV931,Oceanic Freight,REF903986
TXN_768,2026-08-25,4708.43,DR,PAYMENT TO Frobozz Electric INV854,Frobozz Electric,REF533021
TXN_769,2026-08-11,3615.19,DR,PAYMENT TO Umbrella Corp INV944,Umbrella Corp,REF268132
TXN_770,2026-08-14,3050.37,DR,PAYMENT TO Sorin Systems INV855,Sorin Systems,REF442641
TXN_771,2026-08-21,2272.68,DR,PAYMENT TO Vandelay Trading INV103,Vandelay Trading,REF520124
TXN_772,2026-08-04,873.33,DR,PAYMENT TO Omni Consumer INV830,Omni Consumer,REF904894
TXN_773,2026-08-25,737.46,DR,PAYMENT TO Pawnee Power INV802,Pawnee Power,REF530247
TXN_774,2026-08-11,2312.3,DR,PAYMENT TO Vandelay Trading INV366,Vandelay Trading,REF281905
TXN_775,2026-08-03,2131.03,DR,PAYMENT TO Hooli Services INV502,Hooli Services,REF495648
TXN_776,2026-08-19,1199.99,DR,PAYMENT TO Globex Inc INV671,Globex Inc,REF778540
TXN_777,2026-08-07,1382.74,DR,PAYMENT TO Pied Piper Tech INV150,Pied Piper Tech,REF520515
TXN_778,2026-08-03,4794.36,DR,PAYMENT TO Pied Piper Tech INV680,Pied Piper Tech,REF223050
TXN_779,2026-08-22,2521.33,DR,PAYMENT TO Prestige Worldwide INV830,Prestige Worldwide,REF313013
TXN_780,2026-08-13,737.98,DR,PAYMENT TO Los Pollos Dist. INV714,Los Pollos Dist.,REF326037
TXN_781,2026-08-10,3660.87,DR,PAYMENT TO Bluth Builders INV528,Bluth Builders,REF289131
TXN_782,2026-08-09,1253.88,DR,PAYMENT TO Sirius Cybernetics INV354,Sirius Cybernetics,REF487593
TXN_783,2026-08-16,752.7,DR,PAYMENT TO Oceanic Freight INV809,Oceanic Freight,REF516866
TXN_784,2026-08-03,566.87,DR,PAYMENT TO Wayne Enterprises INV153,Wayne Enterprises,REF449031
TXN_785,2026-08-16,4550.31,DR,PAYMENT TO Pawnee Power INV786,Pawnee Power,REF941218
TXN_786,2026-08-17,3136.32,DR,PAYMENT TO Buy n Large Corp INV504,Buy n Large Corp,REF803869
TXN_787,2026-08-09,932.35,DR,PAYMENT TO Veridian Dynamics INV447,Veridian Dynamics,REF590822
TXN_788,2026-08-09,672.53,DR,PAYMENT TO Stark Logistics INV230,Stark Logistics,REF623460
TXN_789,2026-08-09,3764.33,DR,PAYMENT TO InGen Biotech INV389,InGen Biotech,REF376002
TXN_790,2026-08-06,1646.16,DR,PAYMENT TO Veridian Dynamics INV882,Veridian Dynamics,REF258612
TXN_791,2026-08-05,367.38,DR,PAYMENT TO Hooli Services INV136,Hooli Services,REF593090
TXN_792,2026-08-16,299.88,DR,PAYMENT TO Delos Hospitality INV826,Delos Hospitality,REF688098
TXN_793,2026-08-04,1813.06,DR,PAYMENT TO Los Pollos Dist. INV989,Los Pollos Dist.,REF397917
TXN_794,2026-08-19,4990.22,DR,PAYMENT TO ACME Corp INV638,ACME Corp,REF904098
TXN_795,2026-08-25,2540.74,DR,PAYMENT TO Umbrella Corp INV436,Umbrella Corp,REF127223
TXN_796,2026-08-19,4652.83,DR,PAYMENT TO Umbrella Corp INV957,Umbrella Corp,REF439254
TXN_797,2026-08-15,3178.95,DR,PAYMENT TO Rekall Solutions INV708,Rekall Solutions,REF789969
TXN_798,2026-08-24,4999.12,DR,PAYMENT TO Lestrade & Co INV232,Lestrade & Co,REF321634
TXN_799,2026-08-26,3253.86,DR,PAYMENT TO Oceanic Freight INV917,Oceanic Freight,REF158232
TXN_800,2026-08-13,1350.3,DR,PAYMENT TO Sterling Cooper INV889,Sterling Cooper,REF518295
TXN_801,2026-08-25,2071.74,DR,PAYMENT TO Dunder Supplies INV223,Dunder Supplies,REF413048
TXN_802,2026-08-12,3361.05,DR,PAYMENT TO Tyrell Systems INV624,Tyrell Systems,REF309580
TXN_803,2026-08-19,3041.67,DR,PAYMENT TO Initech Solutions INV874,Initech Solutions,REF543061
TXN_804,2026-08-20,1013.14,DR,PAYMENT TO InGen Biotech INV195,InGen Biotech,REF142402
TXN_805,2026-08-16,2683.67,DR,PAYMENT TO Omni Consumer INV185,Omni Consumer,REF404824
TXN_806,2026-08-05,4922.51,DR,PAYMENT TO Buy n Large Corp INV961,Buy n Large Corp,REF360732
TXN_807,2026-08-02,2615.73,DR,PAYMENT TO Momcorp Industries INV535,Momcorp Industries,REF533082
TXN_808,2026-08-09,2969.28,DR,PAYMENT TO Momcorp Industries INV116,Momcorp Industries,REF219470
TXN_809,2026-08-13,321.77,DR,PAYMENT TO Dharma Provisions INV997,Dharma Provisions,REF838594
TXN_810,2026-08-20,4058.39,DR,PAYMENT TO Wernham Hogg INV992,Wernham Hogg,REF949352
TXN_811,2026-08-22,621.02,DR,PAYMENT TO  Freight INV118, Freight,REF106131
TXN_812,2026-08-15,3489.85,DR,PAYMENT TO Pawnee Power INV843,Pawnee Power,REF610365
TXN_813,2026-08-26,1583.02,DR,PAYMENT TO Vandelay Trading INV238,Vandelay Trading,REF114549
TXN_814,2026-08-07,2457.47,DR,PAYMENT TO Dunder Supplies INV765,Dunder Supplies,REF353524
TXN_815,2026-08-10,3871.63,DR,PAYMENT TO Dunder Supplies INV585,Dunder Supplies,REF542372
TXN_816,2026-08-16,2410.3,DR,PAYMENT TO Sirius Cybernetics INV699,Sirius Cybernetics,REF354415
TXN_817,2026-08-11,138.58,DR,PAYMENT TO InGen Biotech INV525,InGen Biotech,REF989838
TXN_818,2026-08-16,2058.43,DR,PAYMENT TO Momcorp Industries INV705,Momcorp Industries,REF859813
TXN_819,2026-08-17,193.2,DR,PAYMENT TO Lestrade & Co INV423,Lestrade & Co,REF680130
TXN_820,2026-08-16,3151.21,DR,PAYMENT TO Delos Hospitality INV559,Delos Hospitality,REF831396
TXN_821,2026-08-16,1784.85,DR,"PAYMENT TO ['Prestige World Wide', 'PRESTIGE WW', 'Prestige'] INV619","['Prestige World Wide', 'PRESTIGE WW', 'Prestige']",REF330374
TXN_822,2026-08-10,3642.68,DR,PAYMENT TO Weyland Industries INV526,Weyland Industries,REF973548
TXN_823,2026-08-21,3699.46,DR,PAYMENT TO Frobozz Electric INV918,Frobozz Electric,REF985555
TXN_824,2026-08-22,2466.16,DR,PAYMENT TO Hooli Services INV304,Hooli Services,REF263907
TXN_825,2026-08-10,1250.12,DR,PAYMENT TO Sorin Systems INV148,Sorin Systems,REF119011
TXN_826,2026-08-06,4156.95,DR,PAYMENT TO Momcorp Industries INV132,Momcorp Industries,REF946007
TXN_827,2026-08-04,2853.71,DR,PAYMENT TO Veridian Dynamics INV364,Veridian Dynamics,REF456855
TXN_828,2026-08-25,328.71,DR,PAYMENT TO Sorin Systems INV373,Sorin Systems,REF258522
TXN_829,2026-08-17,3061.02,DR,PAYMENT TO Umbrella Corp INV823,Umbrella Corp,REF152871
TXN_830,2026-08-15,4015.04,DR,PAYMENT TO Soylent Industries INV208,Soylent Industries,REF919621
TXN_831,2026-08-04,918.53,DR,PAYMENT TO Soylent Industries INV991,Soylent Industries,REF315363
TXN_832,2026-08-06,3668.91,DR,PAYMENT TO Sirius Cybernetics INV880,Sirius Cybernetics,REF630471
TXN_833,2026-08-11,4113.89,DR,PAYMENT TO Soylent Industries INV968,Soylent Industries,REF311697
TXN_834,2026-08-26,2420.95,DR,PAYMENT TO Massive Dynamic INV617,Massive Dynamic,REF279581
TXN_835,2026-08-21,3358.48,DR,PAYMENT TO Dunder Supplies INV871,Dunder Supplies,REF890109
TXN_836,2026-08-14,4598.3,DR,PAYMENT TO Multi Corp INV972,Multi Corp,REF641228
TXN_837,2026-08-12,4724.33,DR,PAYMENT TO Sirius Cybernetics INV249,Sirius Cybernetics,REF907562
TXN_838,2026-08-11,1642.54,DR,PAYMENT TO Pied Piper Tech INV544,Pied Piper Tech,REF164454
TXN_839,2026-08-21,4902.23,DR,PAYMENT TO Omni Consumer INV402,Omni Consumer,REF539673
TXN_840,2026-08-12,138.72,DR,PAYMENT TO Rekall Solutions INV640,Rekall Solutions,REF740051
TXN_841,2026-08-23,2079.3,DR,PAYMENT TO Los Pollos Dist. INV657,Los Pollos Dist.,REF754688
TXN_842,2026-08-21,2266.5,DR,PAYMENT TO Delos Hospitality INV931,Delos Hospitality,REF919528
TXN_843,2026-08-02,2733.42,DR,PAYMENT TO Weyland Industries INV842,Weyland Industries,REF853800
TXN_844,2026-08-03,2607.19,DR,PAYMENT TO Buy n Large Corp INV633,Buy n Large Corp,REF457259
TXN_845,2026-08-06,214.77,DR,PAYMENT TO  Freight INV706, Freight,REF371256
TXN_846,2026-08-04,3686.73,DR,PAYMENT TO Tyrell Systems INV365,Tyrell Systems,REF757446
TXN_847,2026-08-15,1560.01,DR,PAYMENT TO ACME Corp INV564,ACME Corp,REF455446
TXN_848,2026-08-26,3754.21,DR,PAYMENT TO Bachman Electric INV679,Bachman Electric,REF849361
TXN_849,2026-08-21,3361.05,DR,PAYMENT TO Pawnee Power INV339,Pawnee Power,REF467355
TXN_850,2026-08-17,3713.81,DR,PAYMENT TO Umbrella Corp INV435,Umbrella Corp,REF641538
TXN_851,2026-08-05,3587.04,DR,PAYMENT TO Dharma Provisions INV183,Dharma Provisions,REF196729
TXN_852,2026-08-15,482.56,DR,PAYMENT TO Omni Consumer INV512,Omni Consumer,REF716813
TXN_853,2026-08-21,2174.77,DR,PAYMENT TO Sirius Cybernetics INV805,Sirius Cybernetics,REF613321
TXN_854,2026-08-17,722.91,DR,PAYMENT TO Multi Corp INV232,Multi Corp,REF838747
TXN_855,2026-08-15,2419.44,DR,PAYMENT TO Pied Piper Tech INV672,Pied Piper Tech,REF487272
TXN_856,2026-08-04,3047.84,DR,PAYMENT TO Dharma Provisions INV212,Dharma Provisions,REF226737
TXN_857,2026-08-05,676.94,DR,PAYMENT TO Buy n Large Corp INV483,Buy n Large Corp,REF417991
TXN_858,2026-08-26,2989.16,DR,PAYMENT TO Wayne Enterprises INV412,Wayne Enterprises,REF397252
TXN_859,2026-08-18,1808.38,DR,PAYMENT TO Stark Logistics INV527,Stark Logistics,REF604550
TXN_860,2026-08-26,1948.8,DR,PAYMENT TO Pawnee Power INV235,Pawnee Power,REF898963
TXN_861,2026-08-05,4345.09,DR,PAYMENT TO Oceanic Freight INV191,Oceanic Freight,REF938663
TXN_862,2026-08-08,4511.2,DR,PAYMENT TO Wernham Hogg INV653,Wernham Hogg,REF148045
TXN_863,2026-08-15,3705.97,DR,PAYMENT TO Initech Solutions INV986,Initech Solutions,REF273659
TXN_864,2026-08-21,2840.83,DR,PAYMENT TO Bluth Builders INV733,Bluth Builders,REF668154
TXN_865,2026-08-17,4494.63,DR,PAYMENT TO Soylent Industries INV774,Soylent Industries,REF657695
TXN_866,2026-08-08,4165.48,DR,PAYMENT TO Bachman Electric INV554,Bachman Electric,REF188759
TXN_867,2026-08-20,1670.11,DR,PAYMENT TO Bachman Electric INV146,Bachman Electric,REF615346
TXN_868,2026-08-01,1765.79,DR,PAYMENT TO Hooli Services INV524,Hooli Services,REF125225
TXN_869,2026-08-11,1971.85,DR,PAYMENT TO Initech Solutions INV217,Initech Solutions,REF204158
TXN_870,2026-08-09,3864.69,DR,PAYMENT TO Dunder Supplies INV414,Dunder Supplies,REF527060
TXN_871,2026-08-01,3595.17,DR,PAYMENT TO Buy n Large Corp INV499,Buy n Large Corp,REF203540
TXN_872,2026-08-13,4713.73,DR,PAYMENT TO Soylent Industries INV153,Soylent Industries,REF312398
TXN_873,2026-08-17,3786.71,DR,PAYMENT TO Weyland Industries INV217,Weyland Industries,REF382368
TXN_874,2026-08-16,241.64,DR,PAYMENT TO Prestige Worldwide INV119,Prestige Worldwide,REF382234
TXN_875,2026-08-25,2818.07,DR,PAYMENT TO Vandelay Trading INV411,Vandelay Trading,REF695848
TXN_876,2026-08-12,2748.15,DR,PAYMENT TO Pied Piper Tech INV900,Pied Piper Tech,REF357070
TXN_877,2026-08-01,4081.95,DR,PAYMENT TO Gekko Capital INV396,Gekko Capital,REF784781
TXN_878,2026-08-01,394.86,DR,PAYMENT TO Frobozz Electric INV379,Frobozz Electric,REF726909
TXN_879,2026-08-19,4219.35,DR,PAYMENT TO Massive Dynamic INV146,Massive Dynamic,REF269257
TXN_880,2026-08-03,2036.99,DR,PAYMENT TO Soylent Industries INV950,Soylent Industries,REF246433
TXN_881,2026-08-20,2573.62,DR,PAYMENT TO Oceanic Freight INV798,Oceanic Freight,REF459279
TXN_882,2026-08-22,4916.81,DR,PAYMENT TO Wernham Hogg INV315,Wernham Hogg,REF582134
TXN_883,2026-08-11,177.79,DR,PAYMENT TO Vandelay Trading INV761,Vandelay Trading,REF102146
TXN_884,2026-08-14,2823.37,DR,PAYMENT TO Veridian Dynamics INV880,Veridian Dynamics,REF511871
TXN_885,2026-08-22,704.74,DR,PAYMENT TO Weyland Industries INV947,Weyland Industries,REF730520
TXN_886,2026-08-15,1915.36,DR,PAYMENT TO Bluth Builders INV555,Bluth Builders,REF109818
TXN_887,2026-08-07,540.84,DR,PAYMENT TO Gekko Capital INV740,Gekko Capital,REF417905
TXN_888,2026-08-08,1247.86,DR,PAYMENT TO Veridian Dynamics INV471,Veridian Dynamics,REF138583
TXN_889,2026-08-07,4922.89,DR,PAYMENT TO Primatech Paper INV213,Primatech Paper,REF390819
TXN_890,2026-08-22,3720.19,DR,PAYMENT TO Pawnee Power INV678,Pawnee Power,REF284055
TXN_891,2026-08-09,4674.46,DR,PAYMENT TO Prestige Worldwide INV635,Prestige Worldwide,REF864305
TXN_892,2026-08-07,4253.57,DR,PAYMENT TO Globex Inc INV809,Globex Inc,REF810656
TXN_893,2026-08-14,3240.73,DR,PAYMENT TO Wayne Enterprises INV974,Wayne Enterprises,REF438689
TXN_894,2026-08-22,2639.65,DR,PAYMENT TO Veridian Dynamics INV470,Veridian Dynamics,REF642383
TXN_895,2026-08-24,1200.29,DR,PAYMENT TO Rekall Solutions INV530,Rekall Solutions,REF658272
TXN_896,2026-08-11,500.86,DR,PAYMENT TO Lestrade & Co INV927,Lestrade & Co,REF126604
TXN_897,2026-08-08,4892.67,DR,PAYMENT TO InGen Biotech INV176,InGen Biotech,REF362127
TXN_898,2026-08-21,3163.94,DR,PAYMENT TO Globex Inc INV591,Globex Inc,REF552931
TXN_899,2026-08-19,4006.38,DR,PAYMENT TO Wernham Hogg INV960,Wernham Hogg,REF362573
TXN_900,2026-08-02,4126.01,DR,PAYMENT TO Omni Consumer INV913,Omni Consumer,REF348243
TXN_901,2026-08-25,3039.83,DR,PAYMENT TO Sirius Cybernetics INV882,Sirius Cybernetics,REF200318
TXN_902,2026-08-02,4591.9,DR,PAYMENT TO Weyland Industries INV420,Weyland Industries,REF988869
TXN_903,2026-08-02,1577.21,DR,PAYMENT TO InGen Biotech INV167,InGen Biotech,REF206773
TXN_904,2026-08-13,2068.25,DR,PAYMENT TO Gekko Capital INV870,Gekko Capital,REF531077
TXN_905,2026-08-13,2374.62,DR,PAYMENT TO InGen Biotech INV735,InGen Biotech,REF749310
TXN_906,2026-08-11,2980.29,DR,PAYMENT TO Umbrella Corp INV205,Umbrella Corp,REF112885
TXN_907,2026-08-21,2593.6,DR,PAYMENT TO Delos Hospitality INV531,Delos Hospitality,REF604783
TXN_908,2026-08-05,4005.43,DR,PAYMENT TO Wayne Enterprises INV230,Wayne Enterprises,REF426806
TXN_909,2026-08-19,4437.59,DR,PAYMENT TO Dunder Supplies INV250,Dunder Supplies,REF592331
TXN_910,2026-08-01,2636.63,DR,PAYMENT TO Dunder Supplies INV158,Dunder Supplies,REF348918
TXN_911,2026-08-12,1057.49,DR,PAYMENT TO Bluth Builders INV755,Bluth Builders,REF311037
TXN_912,2026-08-11,1027.84,DR,PAYMENT TO Frobozz Electric INV811,Frobozz Electric,REF825447
TXN_913,2026-08-20,3492.83,DR,PAYMENT TO Bachman Electric INV679,Bachman Electric,REF451965
TXN_914,2026-08-04,2326.08,DR,PAYMENT TO Stark Logistics INV607,Stark Logistics,REF330063
TXN_915,2026-08-21,1192.82,DR,PAYMENT TO Prestige Worldwide INV577,Prestige Worldwide,REF754227
TXN_916,2026-08-07,2061.53,DR,PAYMENT TO ACME Corp INV471,ACME Corp,REF110372
TXN_917,2026-08-10,2258.0,DR,PAYMENT TO Bachman Electric INV883,Bachman Electric,REF477392
TXN_918,2026-08-10,953.32,DR,"PAYMENT TO ['Nakatomi Trade', 'NAKATOMI', 'Nakatomi Trading Co'] INV836","['Nakatomi Trade', 'NAKATOMI', 'Nakatomi Trading Co']",REF282750
TXN_919,2026-08-07,205.31,DR,PAYMENT TO Nakatomi Trading INV203,Nakatomi Trading,REF122013
TXN_920,2026-08-05,1956.72,DR,PAYMENT TO Soylent Industries INV446,Soylent Industries,REF320449
TXN_921,2026-08-22,939.66,DR,PAYMENT TO Omni Consumer INV918,Omni Consumer,REF753476
TXN_922,2026-08-23,420.35,DR,PAYMENT TO Dunder Supplies INV233,Dunder Supplies,REF933511
TXN_923,2026-08-11,3037.79,DR,PAYMENT TO Sterling Cooper INV147,Sterling Cooper,REF900149
TXN_924,2026-08-11,1311.14,DR,PAYMENT TO Rekall Solutions INV993,Rekall Solutions,REF232601
TXN_925,2026-08-19,4440.59,DR,PAYMENT TO Los Pollos Dist. INV844,Los Pollos Dist.,REF185362
TXN_926,2026-08-26,3351.16,DR,PAYMENT TO Cyberdyne Systems INV271,Cyberdyne Systems,REF633320
TXN_927,2026-08-17,2374.91,DR,PAYMENT TO Oceanic Freight INV829,Oceanic Freight,REF492040
TXN_928,2026-08-09,2947.81,DR,PAYMENT TO Bachman Electric INV765,Bachman Electric,REF138382
TXN_929,2026-08-13,1171.11,DR,PAYMENT TO InGen Biotech INV486,InGen Biotech,REF699125
TXN_930,2026-08-05,3782.95,DR,PAYMENT TO Massive Dynamic INV555,Massive Dynamic,REF644022
TXN_931,2026-08-17,3143.52,DR,PAYMENT TO InGen Biotech INV561,InGen Biotech,REF590262
TXN_932,2026-08-09,1973.62,DR,PAYMENT TO Hooli Services INV552,Hooli Services,REF345147
TXN_933,2026-08-10,4228.76,DR,PAYMENT TO Momcorp Industries INV659,Momcorp Industries,REF774920
TXN_934,2026-08-04,449.61,DR,PAYMENT TO Stark Logistics INV659,Stark Logistics,REF310036
TXN_935,2026-08-24,4096.27,DR,PAYMENT TO Rekall Solutions INV295,Rekall Solutions,REF839919
TXN_936,2026-08-25,1567.42,DR,PAYMENT TO Delos Hospitality INV901,Delos Hospitality,REF523426
TXN_937,2026-08-19,3813.25,DR,PAYMENT TO ACME Corp INV583,ACME Corp,REF785864
TXN_938,2026-08-08,3644.35,DR,PAYMENT TO Los Pollos Dist. INV585,Los Pollos Dist.,REF345076
TXN_939,2026-08-11,3980.38,DR,PAYMENT TO Oceanic Freight INV966,Oceanic Freight,REF296971
TXN_940,2026-08-15,4279.43,DR,PAYMENT TO Globex Inc INV483,Globex Inc,REF245699
TXN_941,2026-08-16,4070.97,DR,PAYMENT TO Delos Hospitality INV447,Delos Hospitality,REF336444
TXN_942,2026-08-19,213.88,DR,PAYMENT TO Stark Logistics INV242,Stark Logistics,REF261156
TXN_943,2026-08-11,2884.14,DR,PAYMENT TO Pawnee Power INV722,Pawnee Power,REF701755
TXN_944,2026-08-13,1100.6,DR,PAYMENT TO Primatech Paper INV165,Primatech Paper,REF660453
TXN_945,2026-08-19,4813.5,DR,PAYMENT TO Buy n Large Corp INV195,Buy n Large Corp,REF279750
TXN_946,2026-08-23,3056.48,DR,PAYMENT TO Globex Inc INV291,Globex Inc,REF308665
TXN_947,2026-08-08,1526.42,DR,PAYMENT TO Omni Consumer INV171,Omni Consumer,REF576749
TXN_948,2026-08-11,4312.57,DR,PAYMENT TO Dharma Provisions INV500,Dharma Provisions,REF264663
TXN_949,2026-08-05,2728.62,DR,PAYMENT TO Frobozz Electric INV860,Frobozz Electric,REF172103
TXN_950,2026-08-10,2217.78,DR,PAYMENT TO Frobozz Electric INV262,Frobozz Electric,REF733035
TXN_951,2026-08-23,3455.7,DR,PAYMENT TO Rekall Solutions INV306,Rekall Solutions,REF107804
TXN_952,2026-08-15,413.45,DR,PAYMENT TO Primatech Paper INV719,Primatech Paper,REF946794
TXN_953,2026-08-15,2923.05,DR,PAYMENT TO Initech Solutions INV394,Initech Solutions,REF777693
TXN_954,2026-08-15,1799.23,DR,PAYMENT TO Buy n Large Corp INV500,Buy n Large Corp,REF742805
TXN_955,2026-08-06,2133.76,DR,PAYMENT TO Hooli Services INV732,Hooli Services,REF868862
TXN_956,2026-08-13,3523.36,DR,PAYMENT TO Stark Logistics INV345,Stark Logistics,REF265603
TXN_957,2026-08-23,3660.03,DR,PAYMENT TO Los Pollos Dist. INV605,Los Pollos Dist.,REF531256
TXN_958,2026-08-18,694.03,DR,PAYMENT TO Tyrell Systems INV178,Tyrell Systems,REF892091
TXN_959,2026-08-06,1338.56,DR,PAYMENT TO Momcorp Industries INV145,Momcorp Industries,REF584617
TXN_960,2026-08-24,2056.77,DR,PAYMENT TO Bluth Builders INV506,Bluth Builders,REF139609
TXN_961,2026-08-22,3768.51,DR,PAYMENT TO Veridian Dynamics INV572,Veridian Dynamics,REF171551
TXN_962,2026-08-16,4120.09,DR,PAYMENT TO Pied Piper Tech INV274,Pied Piper Tech,REF979226
TXN_963,2026-08-04,2719.8,DR,PAYMENT TO Primatech Paper INV272,Primatech Paper,REF181354
TXN_964,2026-08-15,1854.63,DR,PAYMENT TO Los Pollos Dist. INV831,Los Pollos Dist.,REF136118
TXN_965,2026-08-18,1159.22,DR,PAYMENT TO Wayne Enterprises INV956,Wayne Enterprises,REF765625
TXN_966,2026-08-21,3346.45,DR,PAYMENT TO Umbrella Corp INV499,Umbrella Corp,REF823880
TXN_967,2026-08-25,1949.24,DR,PAYMENT TO Bluth Builders INV355,Bluth Builders,REF492843
TXN_968,2026-08-07,547.79,DR,PAYMENT TO Dharma Provisions INV128,Dharma Provisions,REF115267
TXN_969,2026-08-04,4004.93,DR,PAYMENT TO Pied Piper Tech INV841,Pied Piper Tech,REF275161
TXN_970,2026-08-11,2854.07,DR,PAYMENT TO Bluth Builders INV739,Bluth Builders,REF317180
TXN_971,2026-08-13,4700.72,DR,PAYMENT TO Soylent Industries INV337,Soylent Industries,REF324164
TXN_972,2026-08-13,3304.56,DR,PAYMENT TO ACME Corp INV498,ACME Corp,REF323103
TXN_973,2026-08-02,429.92,DR,PAYMENT TO Los Pollos Dist. INV520,Los Pollos Dist.,REF416181
TXN_974,2026-08-16,4917.2,DR,PAYMENT TO Umbrella Corp INV829,Umbrella Corp,REF662227
TXN_975,2026-08-19,940.15,DR,PAYMENT TO Umbrella Corp INV714,Umbrella Corp,REF440110
TXN_976,2026-08-23,2003.97,DR,PAYMENT TO Vandelay Trading INV440,Vandelay Trading,REF283847
TXN_977,2026-08-11,186.48,DR,PAYMENT TO Bachman Electric INV559,Bachman Electric,REF500945
TXN_978,2026-08-01,3120.11,DR,PAYMENT TO Soylent Industries INV416,Soylent Industries,REF347879
TXN_979,2026-08-05,1935.17,DR,PAYMENT TO Massive Dynamic INV306,Massive Dynamic,REF259038
TXN_980,2026-08-24,4398.93,DR,PAYMENT TO Vandelay Trading INV384,Vandelay Trading,REF432963
TXN_981,2026-08-25,216.1,DR,PAYMENT TO Wernham Hogg INV450,Wernham Hogg,REF354016
TXN_982,2026-08-20,4376.26,DR,PAYMENT TO Omni Consumer INV429,Omni Consumer,REF292461
TXN_983,2026-08-03,4772.94,DR,PAYMENT TO Wayne Enterprises INV749,Wayne Enterprises,REF248407
TXN_984,2026-08-05,549.62,DR,PAYMENT TO Bachman Electric INV662,Bachman Electric,REF971598
TXN_985,2026-08-07,1257.92,DR,PAYMENT TO Initech Solutions INV536,Initech Solutions,REF860206
TXN_986,2026-08-14,964.53,DR,PAYMENT TO Sterling Cooper INV410,Sterling Cooper,REF399214
TXN_987,2026-08-03,4759.96,DR,PAYMENT TO Tyrell Systems INV507,Tyrell Systems,REF496065
TXN_988,2026-08-20,3701.15,DR,PAYMENT TO Dunder Supplies INV939,Dunder Supplies,REF932106
TXN_989,2026-08-25,4541.64,DR,PAYMENT TO Buy n Large Corp INV709,Buy n Large Corp,REF663292
TXN_990,2026-08-15,1598.65,DR,PAYMENT TO Massive Dynamic INV484,Massive Dynamic,REF689448
TXN_991,2026-08-23,2399.37,DR,PAYMENT TO Dunder Supplies INV294,Dunder Supplies,REF104383
TXN_992,2026-08-13,4635.89,DR,PAYMENT TO Primatech Paper INV860,Primatech Paper,REF491270
TXN_993,2026-08-02,4963.12,DR,PAYMENT TO Soylent Industries INV494,Soylent Industries,REF693083
TXN_994,2026-08-17,3574.73,DR,PAYMENT TO Tyrell Systems INV813,Tyrell Systems,REF160507
TXN_995,2026-08-16,269.09,DR,PAYMENT TO Tyrell Systems INV746,Tyrell Systems,REF840880
TXN_996,2026-08-22,822.1,DR,PAYMENT TO Sterling Cooper INV716,Sterling Cooper,REF706435
TXN_997,2026-08-06,160.45,DR,PAYMENT TO Initech Solutions INV759,Initech Solutions,REF846176
TXN_998,2026-08-13,3559.74,DR,PAYMENT TO Initech Solutions INV630,Initech Solutions,REF297995
TXN_999,2026-08-06,4165.77,DR,"PAYMENT TO ['Nakatomi Trade', 'NAKATOMI', 'Nakatomi Trading Co'] INV808","['Nakatomi Trade', 'NAKATOMI', 'Nakatomi Trading Co']",REF416900
TXN_1000,2026-08-24,2116.88,DR,PAYMENT TO Initech Solutions INV211,Initech Solutions,REF767083
TXN_1001,2026-08-24,1126.68,DR,PAYMENT TO Primatech Paper INV815,Primatech Paper,REF423066
TXN_1002,2026-08-04,442.22,DR,PAYMENT TO Dharma Provisions INV637,Dharma Provisions,REF537090
TXN_1003,2026-08-12,1013.36,DR,PAYMENT TO Vandelay Trading INV302,Vandelay Trading,REF610102
TXN_1004,2026-08-06,1084.61,DR,PAYMENT TO Hooli Services INV928,Hooli Services,REF896041
TXN_1005,2026-08-21,914.02,DR,PAYMENT TO Massive Dynamic INV187,Massive Dynamic,REF496077
TXN_1006,2026-08-19,1250.42,DR,PAYMENT TO Veridian Dynamics INV788,Veridian Dynamics,REF897477
TXN_1007,2026-08-22,2953.98,DR,PAYMENT TO Stark Logistics INV199,Stark Logistics,REF321321
TXN_1008,2026-08-25,1402.6,DR,PAYMENT TO Veridian Dynamics INV584,Veridian Dynamics,REF893679
TXN_1009,2026-08-22,4461.75,DR,PAYMENT TO Oceanic Freight INV936,Oceanic Freight,REF351235
TXN_1010,2026-08-22,2052.51,DR,PAYMENT TO Gekko Capital INV158,Gekko Capital,REF473323
TXN_1011,2026-08-26,590.87,DR,PAYMENT TO Multi Corp INV991,Multi Corp,REF832229
TXN_1012,2026-08-17,1469.39,DR,PAYMENT TO Sterling Cooper INV477,Sterling Cooper,REF573870
TXN_1013,2026-08-01,4932.29,DR,PAYMENT TO Oceanic Freight INV117,Oceanic Freight,REF764563
TXN_1014,2026-08-08,3073.14,DR,PAYMENT TO Primatech Paper INV856,Primatech Paper,REF742349
TXN_1015,2026-08-12,2196.79,DR,PAYMENT TO Frobozz Electric INV774,Frobozz Electric,REF998734
TXN_1016,2026-08-20,1055.88,DR,PAYMENT TO Dunder Supplies INV990,Dunder Supplies,REF645316
TXN_1017,2026-08-26,4298.33,DR,PAYMENT TO Momcorp Industries INV132,Momcorp Industries,REF234072
TXN_1018,2026-08-15,923.46,DR,PAYMENT TO Sirius Cybernetics INV218,Sirius Cybernetics,REF605590
TXN_1019,2026-08-06,3790.94,DR,PAYMENT TO Initech Solutions INV208,Initech Solutions,REF556018
TXN_1020,2026-08-01,885.15,DR,PAYMENT TO Oceanic Freight INV492,Oceanic Freight,REF903533
TXN_1021,2026-08-22,765.21,DR,PAYMENT TO  Freight INV748, Freight,REF860652
TXN_1022,2026-08-21,1781.81,DR,PAYMENT TO Weyland Industries INV769,Weyland Industries,REF773292
TXN_1023,2026-08-14,4061.39,DR,PAYMENT TO Prestige Worldwide INV365,Prestige Worldwide,REF221309
TXN_1024,2026-08-24,3001.78,DR,PAYMENT TO Bluth Builders INV862,Bluth Builders,REF221746
TXN_1025,2026-08-19,3710.9,DR,PAYMENT TO Buy n Large Corp INV163,Buy n Large Corp,REF718722
TXN_1026,2026-08-25,1888.62,DR,PAYMENT TO Vandelay Trading INV632,Vandelay Trading,REF795984
TXN_1027,2026-08-01,2737.64,DR,PAYMENT TO Multi Corp INV423,Multi Corp,REF251729
TXN_1028,2026-08-10,4202.36,DR,PAYMENT TO Veridian Dynamics INV796,Veridian Dynamics,REF577924
TXN_1029,2026-08-20,1668.68,DR,PAYMENT TO Momcorp Industries INV805,Momcorp Industries,REF229461
TXN_1030,2026-08-16,1528.33,DR,PAYMENT TO Weyland Industries INV160,Weyland Industries,REF949566
TXN_1031,2026-08-25,977.2,DR,PAYMENT TO Veridian Dynamics INV844,Veridian Dynamics,REF510840
TXN_1032,2026-08-13,1753.31,DR,PAYMENT TO Frobozz Electric INV456,Frobozz Electric,REF894520
TXN_1033,2026-08-23,4623.01,DR,PAYMENT TO Sorin Systems INV503,Sorin Systems,REF202046
TXN_1034,2026-08-15,3307.71,DR,PAYMENT TO Lestrade & Co INV240,Lestrade & Co,REF563348
TXN_1035,2026-08-07,4041.36,DR,PAYMENT TO Bluth Builders INV852,Bluth Builders,REF782872
TXN_1036,2026-08-13,4756.95,DR,PAYMENT TO InGen Biotech INV795,InGen Biotech,REF982544
TXN_1037,2026-08-16,980.2,DR,PAYMENT TO Wayne Enterprises INV220,Wayne Enterprises,REF640472
TXN_1038,2026-08-21,3640.5,DR,PAYMENT TO Sterling Cooper INV134,Sterling Cooper,REF224573
TXN_1039,2026-08-21,3751.48,DR,PAYMENT TO Initech Solutions INV896,Initech Solutions,REF586197
TXN_1040,2026-08-21,1972.29,DR,PAYMENT TO Sirius Cybernetics INV476,Sirius Cybernetics,REF112166
TXN_1041,2026-08-21,3377.08,DR,PAYMENT TO Momcorp Industries INV330,Momcorp Industries,REF124145
TXN_1042,2026-08-23,3752.26,DR,PAYMENT TO Bachman Electric INV285,Bachman Electric,REF502611
TXN_1043,2026-08-04,1693.62,DR,PAYMENT TO  Freight INV289, Freight,REF525019
TXN_1044,2026-08-01,2029.6,DR,PAYMENT TO  Freight INV902, Freight,REF951649
TXN_1045,2026-08-22,4498.25,DR,PAYMENT TO Hooli Services INV982,Hooli Services,REF728204
TXN_1046,2026-08-04,291.8,DR,PAYMENT TO Lestrade & Co INV311,Lestrade & Co,REF784343
TXN_1047,2026-08-03,4901.65,DR,PAYMENT TO Momcorp Industries INV405,Momcorp Industries,REF481219
TXN_1048,2026-08-06,2172.95,DR,PAYMENT TO ACME Corp INV354,ACME Corp,REF415201
TXN_1049,2026-08-15,785.29,DR,PAYMENT TO Veridian Dynamics INV811,Veridian Dynamics,REF428137
TXN_1050,2026-08-22,4116.84,DR,PAYMENT TO Sterling Cooper INV137,Sterling Cooper,REF297209
TXN_1051,2026-08-19,1859.42,DR,PAYMENT TO Vandelay Trading INV846,Vandelay Trading,REF752542
TXN_1052,2026-08-13,3283.87,DR,PAYMENT TO Pied Piper Tech INV509,Pied Piper Tech,REF578221
TXN_1053,2026-08-18,1098.44,DR,PAYMENT TO Rekall Solutions INV748,Rekall Solutions,REF830650
TXN_1054,2026-08-05,1650.17,DR,PAYMENT TO InGen Biotech INV488,InGen Biotech,REF127168
TXN_1055,2026-08-08,479.87,DR,PAYMENT TO Soylent Industries INV644,Soylent Industries,REF215333
TXN_1056,2026-08-21,535.97,DR,PAYMENT TO Wernham Hogg INV896,Wernham Hogg,REF386526
TXN_1057,2026-08-04,1948.06,DR,PAYMENT TO Prestige Worldwide INV487,Prestige Worldwide,REF210103
TXN_1058,2026-08-04,961.08,DR,PAYMENT TO Buy n Large Corp INV702,Buy n Large Corp,REF961240
TXN_1059,2026-08-04,2691.9,DR,PAYMENT TO Lestrade & Co INV986,Lestrade & Co,REF395694
TXN_1060,2026-08-06,1658.18,DR,PAYMENT TO Weyland Industries INV285,Weyland Industries,REF461940
TXN_1061,2026-08-22,4843.2,DR,PAYMENT TO  Freight INV664, Freight,REF723501
TXN_1062,2026-08-13,2436.62,DR,PAYMENT TO Vandelay Trading INV365,Vandelay Trading,REF109958
TXN_1063,2026-08-13,2881.05,DR,PAYMENT TO Rekall Solutions INV154,Rekall Solutions,REF860657
TXN_1064,2026-08-23,2343.15,DR,PAYMENT TO Sirius Cybernetics INV462,Sirius Cybernetics,REF937255
TXN_1065,2026-08-17,4714.22,DR,PAYMENT TO Prestige Worldwide INV412,Prestige Worldwide,REF766511
TXN_1066,2026-08-10,2091.92,DR,PAYMENT TO Oceanic Freight INV965,Oceanic Freight,REF194519
TXN_1067,2026-08-06,2919.05,DR,PAYMENT TO Initech Solutions INV861,Initech Solutions,REF399736
TXN_1068,2026-08-22,2592.54,DR,PAYMENT TO Vandelay Trading INV591,Vandelay Trading,REF621986
TXN_1069,2026-08-01,3119.8,DR,PAYMENT TO ACME Corp INV831,ACME Corp,REF545622
TXN_1070,2026-08-22,3085.05,DR,PAYMENT TO Pawnee Power INV559,Pawnee Power,REF276718
TXN_1071,2026-08-03,1898.55,DR,PAYMENT TO Vandelay Trading INV626,Vandelay Trading,REF470453
TXN_1072,2026-08-14,2527.99,DR,PAYMENT TO Pied Piper Tech INV482,Pied Piper Tech,REF218733
TXN_1073,2026-08-10,2467.31,DR,PAYMENT TO Nakatomi Trading INV318,Nakatomi Trading,REF102342
TXN_1074,2026-08-10,4652.63,DR,PAYMENT TO Momcorp Industries INV945,Momcorp Industries,REF137150
TXN_1075,2026-08-20,4256.92,DR,PAYMENT TO Wayne Enterprises INV464,Wayne Enterprises,REF106177
TXN_1076,2026-08-04,125.26,DR,PAYMENT TO Hooli Services INV511,Hooli Services,REF471754
TXN_1077,2026-08-03,2692.57,DR,PAYMENT TO Dunder Supplies INV520,Dunder Supplies,REF229858
TXN_1078,2026-08-01,862.59,DR,PAYMENT TO Nakatomi Trading INV331,Nakatomi Trading,REF593563
TXN_1079,2026-08-06,2728.49,DR,PAYMENT TO Rekall Solutions INV211,Rekall Solutions,REF559876
TXN_1080,2026-08-12,3760.75,DR,PAYMENT TO ACME Corp INV467,ACME Corp,REF843670
TXN_1081,2026-08-05,2033.28,DR,PAYMENT TO Wernham Hogg INV132,Wernham Hogg,REF268099
TXN_1082,2026-08-14,2496.43,DR,PAYMENT TO Veridian Dynamics INV919,Veridian Dynamics,REF814852
TXN_1083,2026-08-24,4625.45,DR,PAYMENT TO Weyland Industries INV234,Weyland Industries,REF215063
TXN_1084,2026-08-26,203.65,DR,PAYMENT TO Dunder Supplies INV452,Dunder Supplies,REF624288
TXN_1085,2026-08-14,4884.55,DR,PAYMENT TO ACME Corp INV544,ACME Corp,REF603518
TXN_1086,2026-08-08,3126.3,DR,PAYMENT TO Momcorp Industries INV291,Momcorp Industries,REF361584
TXN_1087,2026-08-22,4120.99,DR,PAYMENT TO Bluth Builders INV585,Bluth Builders,REF840777
TXN_1088,2026-08-04,3535.61,DR,PAYMENT TO Momcorp Industries INV725,Momcorp Industries,REF289989
TXN_1089,2026-08-04,748.25,DR,PAYMENT TO Stark Logistics INV380,Stark Logistics,REF301512
TXN_1090,2026-08-14,186.54,DR,PAYMENT TO Bluth Builders INV193,Bluth Builders,REF153430
TXN_1091,2026-08-08,1747.27,DR,PAYMENT TO Frobozz Electric INV162,Frobozz Electric,REF634630
TXN_1092,2026-08-09,1881.52,DR,PAYMENT TO Delos Hospitality INV828,Delos Hospitality,REF538382
TXN_1093,2026-08-01,355.44,DR,PAYMENT TO Oceanic Freight INV317,Oceanic Freight,REF399176
TXN_1094,2026-08-06,1336.09,DR,PAYMENT TO Veridian Dynamics INV472,Veridian Dynamics,REF450520
TXN_1095,2026-08-11,1866.79,DR,PAYMENT TO Tyrell Systems INV860,Tyrell Systems,REF916639
TXN_1096,2026-08-21,1452.14,DR,PAYMENT TO Bachman Electric INV493,Bachman Electric,REF191468
TXN_1097,2026-08-05,3184.84,DR,PAYMENT TO Pawnee Power INV223,Pawnee Power,REF143032
TXN_1098,2026-08-04,466.91,DR,PAYMENT TO  Freight INV733, Freight,REF459554
TXN_1099,2026-08-24,852.99,DR,PAYMENT TO Vandelay Trading INV296,Vandelay Trading,REF538527
TXN_1100,2026-08-15,3186.34,DR,PAYMENT TO Soylent Industries INV546,Soylent Industries,REF170997
TXN_1101,2026-08-20,1443.33,DR,PAYMENT TO Vandelay Trading INV396,Vandelay Trading,REF147652
TXN_1102,2026-08-02,3992.51,DR,PAYMENT TO Bluth Builders INV858,Bluth Builders,REF954100
TXN_1103,2026-08-15,3778.57,DR,PAYMENT TO Weyland Industries INV675,Weyland Industries,REF917230
TXN_1104,2026-08-06,117.64,DR,PAYMENT TO Lestrade & Co INV323,Lestrade & Co,REF720875
TXN_1105,2026-08-23,3630.84,DR,PAYMENT TO Nakatomi Trading INV410,Nakatomi Trading,REF993884
TXN_1106,2026-08-08,323.5,DR,PAYMENT TO Sterling Cooper INV398,Sterling Cooper,REF140989
TXN_1107,2026-08-26,352.45,DR,PAYMENT TO Sterling Cooper INV943,Sterling Cooper,REF320172
TXN_1108,2026-08-11,507.91,DR,PAYMENT TO Sorin Systems INV370,Sorin Systems,REF857155
TXN_1109,2026-08-02,3167.18,DR,PAYMENT TO ACME Corp INV943,ACME Corp,REF472751
TXN_1110,2026-08-01,2733.2,DR,PAYMENT TO Bachman Electric INV208,Bachman Electric,REF857703
TXN_1111,2026-08-15,1181.13,DR,PAYMENT TO Rekall Solutions INV308,Rekall Solutions,REF709918
TXN_1112,2026-08-08,3676.08,DR,PAYMENT TO InGen Biotech INV477,InGen Biotech,REF255539
TXN_1113,2026-08-03,2530.21,DR,PAYMENT TO Multi Corp INV289,Multi Corp,REF955216
TXN_1114,2026-08-07,2891.32,DR,PAYMENT TO Hooli Services INV763,Hooli Services,REF395744
TXN_1115,2026-08-22,3078.33,DR,PAYMENT TO Cyberdyne Systems INV246,Cyberdyne Systems,REF175548
TXN_1116,2026-08-24,2681.21,DR,PAYMENT TO ACME Corp INV717,ACME Corp,REF204574
TXN_1117,2026-08-25,4169.53,DR,PAYMENT TO Stark Logistics INV235,Stark Logistics,REF360406
TXN_1118,2026-08-09,798.91,DR,PAYMENT TO Pawnee Power INV113,Pawnee Power,REF930892
TXN_1119,2026-08-26,621.06,DR,PAYMENT TO Wernham Hogg INV973,Wernham Hogg,REF841821
TXN_1120,2026-08-06,1606.19,DR,PAYMENT TO Frobozz Electric INV258,Frobozz Electric,REF355652
TXN_1121,2026-08-02,603.8,DR,PAYMENT TO Massive Dynamic INV205,Massive Dynamic,REF636391
TXN_1122,2026-08-14,794.99,DR,PAYMENT TO Prestige Worldwide INV124,Prestige Worldwide,REF337686
TXN_1123,2026-08-08,4616.29,DR,PAYMENT TO Weyland Industries INV803,Weyland Industries,REF849575
TXN_1124,2026-08-04,2509.92,DR,PAYMENT TO Soylent Industries INV329,Soylent Industries,REF206678
TXN_1125,2026-08-10,1850.81,DR,PAYMENT TO Gekko Capital INV441,Gekko Capital,REF224099
TXN_1126,2026-08-06,2200.28,DR,PAYMENT TO Wernham Hogg INV714,Wernham Hogg,REF290175
TXN_1127,2026-08-12,4389.47,DR,PAYMENT TO Rekall Solutions INV611,Rekall Solutions,REF793875
TXN_1128,2026-08-05,3911.14,DR,PAYMENT TO Dunder Supplies INV427,Dunder Supplies,REF254958
TXN_1129,2026-08-19,2194.52,DR,PAYMENT TO Rekall Solutions INV248,Rekall Solutions,REF194840
TXN_1130,2026-08-12,1664.65,DR,PAYMENT TO InGen Biotech INV592,InGen Biotech,REF827104
TXN_1131,2026-08-20,3988.16,DR,PAYMENT TO Wernham Hogg INV241,Wernham Hogg,REF941105
TXN_1132,2026-08-08,1977.61,DR,PAYMENT TO Sorin Systems INV609,Sorin Systems,REF664917
TXN_1133,2026-08-03,2946.72,DR,PAYMENT TO Dharma Provisions INV639,Dharma Provisions,REF705947
TXN_1134,2026-08-26,3766.59,DR,PAYMENT TO Initech Solutions INV340,Initech Solutions,REF479279
TXN_1135,2026-08-05,4612.43,DR,PAYMENT TO Wayne Enterprises INV457,Wayne Enterprises,REF478387
TXN_1136,2026-08-25,4113.15,DR,PAYMENT TO Massive Dynamic INV571,Massive Dynamic,REF251141
TXN_1137,2026-08-18,4861.92,DR,PAYMENT TO Dharma Provisions INV348,Dharma Provisions,REF320974
TXN_1138,2026-08-02,3760.28,DR,PAYMENT TO Soylent Industries INV812,Soylent Industries,REF838158
TXN_1139,2026-08-02,3536.87,DR,PAYMENT TO Bachman Electric INV175,Bachman Electric,REF599988
TXN_1140,2026-08-06,247.91,DR,PAYMENT TO Tyrell Systems INV244,Tyrell Systems,REF182830
TXN_1141,2026-08-25,993.88,DR,PAYMENT TO Vandelay Trading INV866,Vandelay Trading,REF653071
TXN_1142,2026-08-24,1752.95,DR,PAYMENT TO ACME Corp INV393,ACME Corp,REF216671
TXN_1143,2026-08-06,153.25,DR,PAYMENT TO InGen Biotech INV796,InGen Biotech,REF576364
TXN_1144,2026-08-14,4664.11,DR,PAYMENT TO Rekall Solutions INV194,Rekall Solutions,REF646833
TXN_1145,2026-08-20,374.38,DR,PAYMENT TO Primatech Paper INV288,Primatech Paper,REF962458
TXN_1146,2026-08-16,1634.63,DR,PAYMENT TO Primatech Paper INV947,Primatech Paper,REF498951
TXN_1147,2026-08-09,631.16,DR,PAYMENT TO Cyberdyne Systems INV471,Cyberdyne Systems,REF732490
TXN_1148,2026-08-11,237.44,DR,PAYMENT TO Massive Dynamic INV266,Massive Dynamic,REF667875
TXN_1149,2026-08-07,2803.29,DR,PAYMENT TO Stark Logistics INV346,Stark Logistics,REF382243
TXN_1150,2026-08-02,335.44,DR,PAYMENT TO Initech Solutions INV416,Initech Solutions,REF108890
TXN_1151,2026-08-25,1483.77,DR,PAYMENT TO Primatech Paper INV612,Primatech Paper,REF304350
TXN_1152,2026-08-23,3405.96,DR,PAYMENT TO Wernham Hogg INV517,Wernham Hogg,REF877468
TXN_1153,2026-08-19,4000.74,DR,PAYMENT TO Frobozz Electric INV700,Frobozz Electric,REF993415
TXN_1154,2026-08-03,4437.5,DR,PAYMENT TO Initech Solutions INV835,Initech Solutions,REF342818
TXN_1155,2026-08-26,3439.15,DR,PAYMENT TO Dunder Supplies INV887,Dunder Supplies,REF853459
TXN_1156,2026-08-26,742.87,DR,PAYMENT TO Massive Dynamic INV468,Massive Dynamic,REF753756
TXN_1157,2026-08-14,296.06,DR,PAYMENT TO Weyland Industries INV344,Weyland Industries,REF318964
TXN_1158,2026-08-20,467.49,DR,PAYMENT TO Dunder Supplies INV680,Dunder Supplies,REF758285
TXN_1159,2026-08-04,4043.16,DR,PAYMENT TO Dunder Supplies INV884,Dunder Supplies,REF424578
TXN_1160,2026-08-15,1637.22,DR,PAYMENT TO Massive Dynamic INV265,Massive Dynamic,REF171472
TXN_1161,2026-08-03,978.01,DR,PAYMENT TO Multi Corp INV364,Multi Corp,REF596250
TXN_1162,2026-08-25,4395.62,DR,PAYMENT TO Vandelay Trading INV226,Vandelay Trading,REF696360
TXN_1163,2026-08-14,4299.3,DR,PAYMENT TO Vandelay Trading INV551,Vandelay Trading,REF484546
TXN_1164,2026-08-03,3442.78,DR,PAYMENT TO Momcorp Industries INV560,Momcorp Industries,REF375594
TXN_1165,2026-08-22,309.11,DR,PAYMENT TO Wayne Enterprises INV858,Wayne Enterprises,REF928994
TXN_1166,2026-08-04,1524.24,DR,PAYMENT TO Pied Piper Tech INV683,Pied Piper Tech,REF518675
TXN_1167,2026-08-08,2002.29,DR,PAYMENT TO Multi Corp INV785,Multi Corp,REF198045
TXN_1168,2026-08-03,983.34,DR,PAYMENT TO Umbrella Corp INV506,Umbrella Corp,REF905533
TXN_1169,2026-08-11,1777.88,DR,PAYMENT TO Pawnee Power INV597,Pawnee Power,REF322964
TXN_1170,2026-08-15,287.58,DR,PAYMENT TO Dunder Supplies INV581,Dunder Supplies,REF252582
TXN_1171,2026-08-02,4688.65,DR,PAYMENT TO Tyrell Systems INV908,Tyrell Systems,REF551002
TXN_1172,2026-08-07,364.98,DR,PAYMENT TO Globex Inc INV876,Globex Inc,REF816881
TXN_1173,2026-08-05,439.37,DR,"PAYMENT TO ['Primatech', 'PRIMATECH PAPER', 'Prima Tech'] INV183","['Primatech', 'PRIMATECH PAPER', 'Prima Tech']",REF412828
TXN_1174,2026-08-15,4369.32,DR,PAYMENT TO Omni Consumer INV319,Omni Consumer,REF802173
TXN_1175,2026-08-06,4169.69,DR,PAYMENT TO Initech Solutions INV538,Initech Solutions,REF458633
TXN_1176,2026-08-10,906.21,DR,PAYMENT TO Delos Hospitality INV529,Delos Hospitality,REF605020
TXN_1177,2026-08-23,2894.55,DR,PAYMENT TO ACME Corp INV674,ACME Corp,REF921110
TXN_1178,2026-08-07,481.26,DR,PAYMENT TO Bachman Electric INV731,Bachman Electric,REF251642
TXN_1179,2026-08-15,4675.72,DR,PAYMENT TO Veridian Dynamics INV985,Veridian Dynamics,REF431777
TXN_1180,2026-08-24,118.02,DR,PAYMENT TO Sirius Cybernetics INV952,Sirius Cybernetics,REF998909
TXN_1181,2026-08-07,3753.97,DR,PAYMENT TO Bluth Builders INV530,Bluth Builders,REF830276
TXN_1182,2026-08-12,1127.84,DR,PAYMENT TO Bluth Builders INV795,Bluth Builders,REF704856
TXN_1183,2026-08-12,4087.52,DR,PAYMENT TO Globex Inc INV409,Globex Inc,REF421876
TXN_1184,2026-08-14,2110.9,DR,PAYMENT TO Delos Hospitality INV948,Delos Hospitality,REF668817
TXN_1185,2026-08-15,2199.08,DR,PAYMENT TO Hooli Services INV666,Hooli Services,REF723789
TXN_1186,2026-08-22,3473.9,DR,PAYMENT TO InGen Biotech INV749,InGen Biotech,REF397007
TXN_1187,2026-08-03,3283.16,DR,PAYMENT TO Gekko Capital INV521,Gekko Capital,REF208711
TXN_1188,2026-08-17,2948.04,DR,PAYMENT TO Stark Logistics INV783,Stark Logistics,REF403986
TXN_1189,2026-08-07,1192.11,DR,PAYMENT TO Multi Corp INV664,Multi Corp,REF499591
TXN_1190,2026-08-26,4578.74,DR,PAYMENT TO Dharma Provisions INV940,Dharma Provisions,REF776184
TXN_1191,2026-08-26,1197.29,DR,PAYMENT TO Massive Dynamic INV374,Massive Dynamic,REF790677
TXN_1192,2026-08-14,260.11,DR,PAYMENT TO Globex Inc INV257,Globex Inc,REF928909
TXN_1193,2026-08-06,4799.89,DR,PAYMENT TO InGen Biotech INV347,InGen Biotech,REF682735
TXN_1194,2026-08-07,3119.71,DR,PAYMENT TO Primatech Paper INV948,Primatech Paper,REF154086
TXN_1195,2026-08-19,2202.6,DR,PAYMENT TO Weyland Industries INV845,Weyland Industries,REF282155
TXN_1196,2026-08-08,587.93,DR,PAYMENT TO Vandelay Trading INV616,Vandelay Trading,REF224122
TXN_1197,2026-08-11,1098.44,DR,PAYMENT TO Initech Solutions INV126,Initech Solutions,REF558669
TXN_1198,2026-08-20,3567.12,DR,PAYMENT TO Initech Solutions INV685,Initech Solutions,REF500980
TXN_1199,2026-08-06,1274.64,DR,PAYMENT TO Prestige Worldwide INV404,Prestige Worldwide,REF303244
TXN_1200,2026-08-22,353.57,DR,PAYMENT TO Initech Solutions INV247,Initech Solutions,REF757916
TXN_1201,2026-08-15,4643.28,DR,PAYMENT TO Soylent Industries INV209,Soylent Industries,REF248725
TXN_1202,2026-08-16,4238.66,DR,PAYMENT TO Los Pollos Dist. INV500,Los Pollos Dist.,REF205561
TXN_1203,2026-08-16,4800.16,DR,PAYMENT TO Cyberdyne Systems INV315,Cyberdyne Systems,REF820724
TXN_1204,2026-08-06,1563.9,DR,PAYMENT TO Hooli Services INV775,Hooli Services,REF694850
TXN_1205,2026-08-12,2471.16,DR,PAYMENT TO Gekko Capital INV714,Gekko Capital,REF673028
TXN_1206,2026-08-07,3069.94,DR,PAYMENT TO  Freight INV123, Freight,REF643157
TXN_1207,2026-08-04,4503.0,DR,"PAYMENT TO ['Globex Industries', 'GLOBEX INC', 'Globex', 'Globex Inc.'] INV435","['Globex Industries', 'GLOBEX INC', 'Globex', 'Globex Inc.']",REF245295
TXN_1208,2026-08-16,1076.26,DR,PAYMENT TO Initech Solutions INV456,Initech Solutions,REF842479
TXN_1209,2026-08-14,2612.02,DR,PAYMENT TO Primatech Paper INV297,Primatech Paper,REF362241
TXN_1210,2026-08-19,3986.45,DR,PAYMENT TO Bachman Electric INV419,Bachman Electric,REF273699
TXN_1211,2026-08-24,2490.38,DR,PAYMENT TO Sirius Cybernetics INV533,Sirius Cybernetics,REF725297
TXN_1212,2026-08-14,1078.63,DR,PAYMENT TO Delos Hospitality INV482,Delos Hospitality,REF763432
TXN_1213,2026-08-15,919.52,DR,PAYMENT TO Stark Logistics INV623,Stark Logistics,REF365356
TXN_1214,2026-08-01,661.78,DR,PAYMENT TO Oceanic Freight INV539,Oceanic Freight,REF929314
TXN_1215,2026-08-22,1921.14,DR,PAYMENT TO Dunder Supplies INV898,Dunder Supplies,REF429727
TXN_1216,2026-08-07,2380.35,DR,PAYMENT TO Oceanic Freight INV338,Oceanic Freight,REF688922
TXN_1217,2026-08-07,604.31,DR,PAYMENT TO Rekall Solutions INV833,Rekall Solutions,REF737433
TXN_1218,2026-08-26,4313.57,DR,PAYMENT TO Cyberdyne Systems INV687,Cyberdyne Systems,REF777663
TXN_1219,2026-08-07,1065.9,DR,PAYMENT TO Veridian Dynamics INV610,Veridian Dynamics,REF149064
TXN_1220,2026-08-14,684.37,DR,PAYMENT TO Sirius Cybernetics INV275,Sirius Cybernetics,REF730645
TXN_1221,2026-08-10,187.4,DR,PAYMENT TO Lestrade & Co INV104,Lestrade & Co,REF584202
TXN_1222,2026-08-17,291.69,DR,PAYMENT TO Globex Inc INV171,Globex Inc,REF592718
TXN_1223,2026-08-11,3793.09,DR,PAYMENT TO Primatech Paper INV181,Primatech Paper,REF683480
TXN_1224,2026-08-16,3100.37,DR,PAYMENT TO Primatech Paper INV405,Primatech Paper,REF830288
TXN_1225,2026-08-16,4258.49,DR,PAYMENT TO Soylent Industries INV963,Soylent Industries,REF492068
TXN_1226,2026-08-04,243.51,DR,PAYMENT TO Wayne Enterprises INV945,Wayne Enterprises,REF110901
TXN_1227,2026-08-06,531.28,DR,PAYMENT TO Tyrell Systems INV935,Tyrell Systems,REF663670
TXN_1228,2026-08-23,4353.27,DR,PAYMENT TO Nakatomi Trading INV903,Nakatomi Trading,REF145168
TXN_1229,2026-08-11,3470.82,DR,PAYMENT TO Weyland Industries INV376,Weyland Industries,REF832603
TXN_1230,2026-08-05,1664.73,DR,PAYMENT TO Dunder Supplies INV871,Dunder Supplies,REF712505
TXN_1231,2026-08-14,3220.83,DR,PAYMENT TO Soylent Industries INV634,Soylent Industries,REF653217
TXN_1232,2026-08-11,3885.96,DR,PAYMENT TO Frobozz Electric INV331,Frobozz Electric,REF196258
TXN_1233,2026-08-18,4194.16,DR,PAYMENT TO Sterling Cooper INV775,Sterling Cooper,REF778569
TXN_1234,2026-08-16,395.31,DR,PAYMENT TO ACME Corp INV786,ACME Corp,REF326634
TXN_1235,2026-08-04,1768.21,DR,PAYMENT TO Bachman Electric INV879,Bachman Electric,REF653275
TXN_1236,2026-08-21,854.59,DR,PAYMENT TO Momcorp Industries INV208,Momcorp Industries,REF236378
TXN_1237,2026-08-20,2615.97,DR,PAYMENT TO Primatech Paper INV292,Primatech Paper,REF171973
TXN_1238,2026-08-05,2358.68,DR,PAYMENT TO Umbrella Corp INV862,Umbrella Corp,REF215552
TXN_1239,2026-08-01,2433.58,DR,PAYMENT TO Omni Consumer INV563,Omni Consumer,REF469053
TXN_1240,2026-08-14,1139.12,DR,PAYMENT TO Primatech Paper INV614,Primatech Paper,REF551777
TXN_1241,2026-08-12,579.28,DR,PAYMENT TO Weyland Industries INV849,Weyland Industries,REF543116
TXN_1242,2026-08-20,1452.04,DR,PAYMENT TO Pawnee Power INV605,Pawnee Power,REF643810
TXN_1243,2026-08-08,664.42,DR,PAYMENT TO Stark Logistics INV689,Stark Logistics,REF379108
TXN_1244,2026-08-08,4424.74,DR,PAYMENT TO Primatech Paper INV501,Primatech Paper,REF511970
TXN_1245,2026-08-06,3950.07,DR,PAYMENT TO Delos Hospitality INV752,Delos Hospitality,REF401982
TXN_1246,2026-08-06,2565.88,DR,PAYMENT TO Gekko Capital INV588,Gekko Capital,REF874992
TXN_1247,2026-08-22,440.33,DR,PAYMENT TO Hooli Services INV440,Hooli Services,REF577328
TXN_1248,2026-08-11,202.05,DR,PAYMENT TO Nakatomi Trading INV178,Nakatomi Trading,REF279018
TXN_1249,2026-08-19,104.93,DR,PAYMENT TO Sterling Cooper INV583,Sterling Cooper,REF214699
TXN_1250,2026-08-17,2565.42,DR,PAYMENT TO Dunder Supplies INV893,Dunder Supplies,REF198471
TXN_1251,2026-08-24,1818.83,DR,PAYMENT TO  Freight INV363, Freight,REF795634
TXN_1252,2026-08-12,1575.56,DR,PAYMENT TO Wernham Hogg INV630,Wernham Hogg,REF912149
TXN_1253,2026-08-09,3460.34,DR,PAYMENT TO Globex Inc INV251,Globex Inc,REF530250
TXN_1254,2026-08-22,4971.03,DR,PAYMENT TO Delos Hospitality INV609,Delos Hospitality,REF132405
TXN_1255,2026-08-24,537.44,DR,PAYMENT TO Weyland Industries INV754,Weyland Industries,REF213174
TXN_1256,2026-08-21,3426.13,DR,PAYMENT TO Sirius Cybernetics INV997,Sirius Cybernetics,REF652501
TXN_1257,2026-08-19,2144.74,DR,PAYMENT TO Rekall Solutions INV416,Rekall Solutions,REF299829
TXN_1258,2026-08-14,3997.13,DR,PAYMENT TO Lestrade & Co INV911,Lestrade & Co,REF930829
TXN_1259,2026-08-22,820.94,DR,PAYMENT TO Dunder Supplies INV635,Dunder Supplies,REF403858
TXN_1260,2026-08-10,416.62,DR,PAYMENT TO Massive Dynamic INV115,Massive Dynamic,REF575904
TXN_1261,2026-08-16,1598.53,DR,PAYMENT TO InGen Biotech INV460,InGen Biotech,REF792325
TXN_1262,2026-08-02,1332.02,DR,PAYMENT TO Delos Hospitality INV999,Delos Hospitality,REF397025
TXN_1263,2026-08-17,3360.1,DR,PAYMENT TO Sorin Systems INV258,Sorin Systems,REF190181
TXN_1264,2026-08-19,4599.47,DR,PAYMENT TO Massive Dynamic INV324,Massive Dynamic,REF133697
TXN_1265,2026-08-14,2055.66,DR,PAYMENT TO Umbrella Corp INV367,Umbrella Corp,REF416693
TXN_1266,2026-08-26,2933.02,DR,PAYMENT TO Bluth Builders INV356,Bluth Builders,REF242282
TXN_1267,2026-08-03,1556.94,DR,PAYMENT TO Multi Corp INV658,Multi Corp,REF292279
TXN_1268,2026-08-17,2265.32,DR,PAYMENT TO Oceanic Freight INV615,Oceanic Freight,REF818445
TXN_1269,2026-08-15,2160.48,DR,PAYMENT TO Dharma Provisions INV572,Dharma Provisions,REF129017
TXN_1270,2026-08-01,4791.71,DR,PAYMENT TO Dharma Provisions INV190,Dharma Provisions,REF892572
TXN_1271,2026-08-12,723.65,DR,PAYMENT TO  Freight INV679, Freight,REF407592
TXN_1272,2026-08-22,129.17,DR,PAYMENT TO Omni Consumer INV571,Omni Consumer,REF979962
TXN_1273,2026-08-11,3012.26,DR,PAYMENT TO Massive Dynamic INV679,Massive Dynamic,REF604855
TXN_1274,2026-08-24,3613.06,DR,PAYMENT TO Los Pollos Dist. INV628,Los Pollos Dist.,REF251154
TXN_1275,2026-08-22,3234.37,DR,PAYMENT TO Dunder Supplies INV408,Dunder Supplies,REF758756
TXN_1276,2026-08-04,429.0,DR,PAYMENT TO Dunder Supplies INV718,Dunder Supplies,REF226913
TXN_1277,2026-08-16,220.82,DR,PAYMENT TO Momcorp Industries INV554,Momcorp Industries,REF509693
TXN_1278,2026-08-16,4915.21,DR,PAYMENT TO Sterling Cooper INV961,Sterling Cooper,REF988907
TXN_1279,2026-08-14,816.61,DR,PAYMENT TO Globex Inc INV289,Globex Inc,REF248568
TXN_1280,2026-08-22,1279.34,DR,PAYMENT TO Momcorp Industries INV859,Momcorp Industries,REF833613
TXN_1281,2026-08-10,3370.92,DR,PAYMENT TO Bachman Electric INV604,Bachman Electric,REF485183
TXN_1282,2026-08-15,2142.79,DR,PAYMENT TO InGen Biotech INV251,InGen Biotech,REF129329
TXN_1283,2026-08-19,1583.53,DR,PAYMENT TO Gekko Capital INV555,Gekko Capital,REF144702
TXN_1284,2026-08-12,4817.7,DR,PAYMENT TO Multi Corp INV840,Multi Corp,REF580614
TXN_1285,2026-08-17,1132.82,DR,PAYMENT TO Omni Consumer INV499,Omni Consumer,REF637966
TXN_1286,2026-08-15,3604.39,DR,PAYMENT TO Vandelay Trading INV385,Vandelay Trading,REF923091
TXN_1287,2026-08-10,4625.04,DR,PAYMENT TO Cyberdyne Systems INV959,Cyberdyne Systems,REF776472
TXN_1288,2026-08-25,3328.63,DR,PAYMENT TO Nakatomi Trading INV232,Nakatomi Trading,REF831663
TXN_1289,2026-08-03,320.15,DR,PAYMENT TO Pied Piper Tech INV337,Pied Piper Tech,REF201229
TXN_1290,2026-08-25,1234.52,DR,PAYMENT TO Sterling Cooper INV207,Sterling Cooper,REF282450
TXN_1291,2026-08-02,3098.33,DR,PAYMENT TO Soylent Industries INV138,Soylent Industries,REF987936
TXN_1292,2026-08-06,1673.68,DR,PAYMENT TO Sirius Cybernetics INV486,Sirius Cybernetics,REF239687
TXN_1293,2026-08-19,2826.69,DR,PAYMENT TO Bluth Builders INV358,Bluth Builders,REF614958
TXN_1294,2026-08-24,894.24,DR,PAYMENT TO Omni Consumer INV928,Omni Consumer,REF928379
TXN_1295,2026-08-07,262.87,DR,PAYMENT TO Vandelay Trading INV105,Vandelay Trading,REF477027
TXN_1296,2026-08-19,2778.25,DR,PAYMENT TO Cyberdyne Systems INV448,Cyberdyne Systems,REF294305
TXN_1297,2026-08-07,2894.81,DR,PAYMENT TO Frobozz Electric INV612,Frobozz Electric,REF469209
TXN_1298,2026-08-15,2194.81,DR,PAYMENT TO Weyland Industries INV994,Weyland Industries,REF174310
TXN_1299,2026-08-04,2543.69,DR,PAYMENT TO Wayne Enterprises INV715,Wayne Enterprises,REF666795
TXN_1300,2026-08-13,3546.04,DR,PAYMENT TO Cyberdyne Systems INV993,Cyberdyne Systems,REF265531
TXN_1301,2026-08-03,2718.68,DR,PAYMENT TO Sterling Cooper INV973,Sterling Cooper,REF642910
TXN_1302,2026-08-17,1629.97,DR,PAYMENT TO Gekko Capital INV158,Gekko Capital,REF672461
TXN_1303,2026-08-21,246.89,DR,PAYMENT TO Wernham Hogg INV531,Wernham Hogg,REF373553
TXN_1304,2026-08-18,4102.14,DR,PAYMENT TO Wernham Hogg INV875,Wernham Hogg,REF795558
TXN_1305,2026-08-02,1254.52,DR,PAYMENT TO Cyberdyne Systems INV924,Cyberdyne Systems,REF691246
TXN_1306,2026-08-23,4191.52,DR,PAYMENT TO Stark Logistics INV454,Stark Logistics,REF174200
TXN_1307,2026-08-20,3722.52,DR,PAYMENT TO Initech Solutions INV664,Initech Solutions,REF602028
TXN_1308,2026-08-09,3644.32,DR,PAYMENT TO Umbrella Corp INV136,Umbrella Corp,REF620719
TXN_1309,2026-08-10,3929.56,DR,PAYMENT TO Prestige Worldwide INV121,Prestige Worldwide,REF158045
TXN_1310,2026-08-18,2462.65,DR,PAYMENT TO Weyland Industries INV884,Weyland Industries,REF495552
TXN_1311,2026-08-04,2245.97,DR,PAYMENT TO Gekko Capital INV476,Gekko Capital,REF468877
TXN_1312,2026-08-08,550.75,DR,PAYMENT TO ACME Corp INV332,ACME Corp,REF533130
TXN_1313,2026-08-24,1324.62,DR,PAYMENT TO Wayne Enterprises INV178,Wayne Enterprises,REF159406
TXN_1314,2026-08-11,1813.37,DR,PAYMENT TO Sterling Cooper INV399,Sterling Cooper,REF236017
TXN_1315,2026-08-03,1325.97,DR,PAYMENT TO  Freight INV310, Freight,REF618970
TXN_1316,2026-08-23,1583.32,DR,PAYMENT TO Tyrell Systems INV898,Tyrell Systems,REF678190
TXN_1317,2026-08-23,2752.95,DR,PAYMENT TO Umbrella Corp INV155,Umbrella Corp,REF463473
TXN_1318,2026-08-23,4757.76,DR,PAYMENT TO Veridian Dynamics INV386,Veridian Dynamics,REF182256
TXN_1319,2026-08-24,2809.53,DR,PAYMENT TO Soylent Industries INV481,Soylent Industries,REF860124
TXN_1320,2026-08-05,275.75,DR,PAYMENT TO Sterling Cooper INV815,Sterling Cooper,REF561664
TXN_1321,2026-08-16,4197.99,DR,PAYMENT TO Rekall Solutions INV384,Rekall Solutions,REF716814
TXN_1322,2026-08-20,1981.29,DR,PAYMENT TO Globex Inc INV983,Globex Inc,REF501172
TXN_1323,2026-08-13,1003.69,DR,PAYMENT TO InGen Biotech INV645,InGen Biotech,REF154798
TXN_1324,2026-08-20,3796.94,DR,PAYMENT TO Wernham Hogg INV948,Wernham Hogg,REF375285
TXN_1325,2026-08-19,1161.07,DR,PAYMENT TO Globex Inc INV449,Globex Inc,REF861042
TXN_1326,2026-08-14,4342.14,DR,PAYMENT TO Wayne Enterprises INV926,Wayne Enterprises,REF214515
TXN_1327,2026-08-19,3624.18,DR,PAYMENT TO Omni Consumer INV366,Omni Consumer,REF270444
TXN_1328,2026-08-15,3753.61,DR,PAYMENT TO Sterling Cooper INV235,Sterling Cooper,REF115920
TXN_1329,2026-08-25,2759.74,DR,PAYMENT TO Wernham Hogg INV684,Wernham Hogg,REF513769
TXN_1330,2026-08-22,1327.52,DR,PAYMENT TO Pawnee Power INV112,Pawnee Power,REF230344
TXN_1331,2026-08-15,2367.35,DR,PAYMENT TO Sirius Cybernetics INV109,Sirius Cybernetics,REF589097
TXN_1332,2026-08-14,387.07,DR,PAYMENT TO Initech Solutions INV383,Initech Solutions,REF739975
TXN_1333,2026-08-09,3853.29,DR,PAYMENT TO Rekall Solutions INV365,Rekall Solutions,REF618970
TXN_1334,2026-08-08,660.79,DR,PAYMENT TO Stark Logistics INV288,Stark Logistics,REF817688
TXN_1335,2026-08-18,3615.05,DR,PAYMENT TO Wayne Enterprises INV831,Wayne Enterprises,REF371638
TXN_1336,2026-08-01,3424.1,DR,PAYMENT TO Delos Hospitality INV653,Delos Hospitality,REF853212
TXN_1337,2026-08-03,2584.0,DR,PAYMENT TO Soylent Industries INV623,Soylent Industries,REF181212
TXN_1338,2026-08-03,3245.25,DR,PAYMENT TO Massive Dynamic INV246,Massive Dynamic,REF125894
TXN_1339,2026-08-21,1936.11,DR,PAYMENT TO Massive Dynamic INV736,Massive Dynamic,REF132670
TXN_1340,2026-08-19,225.12,DR,PAYMENT TO Pawnee Power INV316,Pawnee Power,REF947285
TXN_1341,2026-08-13,4170.56,DR,PAYMENT TO Stark Logistics INV772,Stark Logistics,REF861538
TXN_1342,2026-08-19,2567.13,DR,PAYMENT TO Lestrade & Co INV745,Lestrade & Co,REF674863
TXN_1343,2026-08-26,352.01,DR,PAYMENT TO Frobozz Electric INV775,Frobozz Electric,REF649923
TXN_1344,2026-08-19,1536.02,DR,PAYMENT TO Sterling Cooper INV436,Sterling Cooper,REF354880
TXN_1345,2026-08-12,1231.36,DR,"PAYMENT TO ['Oceanic Freight Ltd', 'OCEANIC', 'Oceanic Frt.'] INV866","['Oceanic Freight Ltd', 'OCEANIC', 'Oceanic Frt.']",REF221023
TXN_1346,2026-08-03,1824.72,DR,PAYMENT TO Momcorp Industries INV178,Momcorp Industries,REF479895
TXN_1347,2026-08-26,2152.37,DR,PAYMENT TO Lestrade & Co INV947,Lestrade & Co,REF966945
TXN_1348,2026-08-18,1300.23,DR,PAYMENT TO Dharma Provisions INV790,Dharma Provisions,REF713160
TXN_1349,2026-08-11,1637.84,DR,PAYMENT TO Initech Solutions INV518,Initech Solutions,REF541474
TXN_1350,2026-08-06,4394.39,DR,PAYMENT TO ACME Corp INV270,ACME Corp,REF226656
TXN_1351,2026-08-05,4360.35,DR,PAYMENT TO InGen Biotech INV124,InGen Biotech,REF823566
TXN_1352,2026-08-17,4601.25,DR,PAYMENT TO InGen Biotech INV462,InGen Biotech,REF233644
TXN_1353,2026-08-04,1750.36,DR,PAYMENT TO Wernham Hogg INV705,Wernham Hogg,REF738328
TXN_1354,2026-08-15,4562.3,DR,PAYMENT TO Sirius Cybernetics INV858,Sirius Cybernetics,REF975356
TXN_1355,2026-08-24,3853.18,DR,PAYMENT TO Momcorp Industries INV185,Momcorp Industries,REF259652
TXN_1356,2026-08-19,3005.94,DR,PAYMENT TO Multi Corp INV488,Multi Corp,REF436002
TXN_1357,2026-08-08,1557.01,DR,PAYMENT TO Wernham Hogg INV149,Wernham Hogg,REF691534
TXN_1358,2026-08-11,1981.93,DR,PAYMENT TO Hooli Services INV246,Hooli Services,REF143971
TXN_1359,2026-08-24,4423.68,DR,PAYMENT TO Los Pollos Dist. INV540,Los Pollos Dist.,REF644352
TXN_1360,2026-08-12,1495.48,DR,PAYMENT TO Soylent Industries INV394,Soylent Industries,REF387150
TXN_1361,2026-08-09,4945.15,DR,PAYMENT TO Umbrella Corp INV337,Umbrella Corp,REF798806
TXN_1362,2026-08-25,927.38,DR,PAYMENT TO Pawnee Power INV140,Pawnee Power,REF666052
TXN_1363,2026-08-01,1910.75,DR,PAYMENT TO Massive Dynamic INV684,Massive Dynamic,REF547220
TXN_1364,2026-08-10,4598.18,DR,PAYMENT TO Soylent Industries INV555,Soylent Industries,REF553263
TXN_1365,2026-08-24,3376.71,DR,PAYMENT TO Delos Hospitality INV922,Delos Hospitality,REF182907
TXN_1366,2026-08-06,2584.59,DR,PAYMENT TO Rekall Solutions INV564,Rekall Solutions,REF761257
TXN_1367,2026-08-14,592.15,DR,PAYMENT TO Omni Consumer INV425,Omni Consumer,REF299647
TXN_1368,2026-08-22,4204.41,DR,PAYMENT TO Stark Logistics INV749,Stark Logistics,REF757756
TXN_1369,2026-08-22,1058.82,DR,PAYMENT TO Frobozz Electric INV255,Frobozz Electric,REF608042
TXN_1370,2026-08-24,2533.96,DR,PAYMENT TO Vandelay Trading INV303,Vandelay Trading,REF765607
TXN_1371,2026-08-17,4300.07,DR,PAYMENT TO Los Pollos Dist. INV103,Los Pollos Dist.,REF555416
TXN_1372,2026-08-02,2148.98,DR,PAYMENT TO Nakatomi Trading INV728,Nakatomi Trading,REF498763
TXN_1373,2026-08-17,3319.01,DR,PAYMENT TO Hooli Services INV998,Hooli Services,REF414678
TXN_1374,2026-08-10,3373.08,DR,PAYMENT TO Veridian Dynamics INV915,Veridian Dynamics,REF760631
TXN_1375,2026-08-04,1172.76,DR,PAYMENT TO Massive Dynamic INV529,Massive Dynamic,REF568894
TXN_1376,2026-08-15,4785.95,DR,PAYMENT TO Soylent Industries INV455,Soylent Industries,REF830824
TXN_1377,2026-08-20,2118.81,DR,PAYMENT TO Sterling Cooper INV129,Sterling Cooper,REF405062
TXN_1378,2026-08-18,3881.81,DR,PAYMENT TO Nakatomi Trading INV791,Nakatomi Trading,REF433046
TXN_1379,2026-08-09,4570.61,DR,PAYMENT TO Rekall Solutions INV597,Rekall Solutions,REF863559
TXN_1380,2026-08-14,1184.42,DR,PAYMENT TO Pied Piper Tech INV648,Pied Piper Tech,REF316217
TXN_1381,2026-08-04,4744.6,DR,PAYMENT TO Gekko Capital INV725,Gekko Capital,REF445698
TXN_1382,2026-08-26,1958.02,DR,PAYMENT TO Wernham Hogg INV461,Wernham Hogg,REF904092
TXN_1383,2026-08-03,3309.16,DR,PAYMENT TO Omni Consumer INV315,Omni Consumer,REF479687
TXN_1384,2026-08-10,4026.3,DR,PAYMENT TO Tyrell Systems INV439,Tyrell Systems,REF533476
TXN_1385,2026-08-01,3800.1,DR,PAYMENT TO Omni Consumer INV204,Omni Consumer,REF625860
TXN_1386,2026-08-10,1577.19,DR,PAYMENT TO Prestige Worldwide INV746,Prestige Worldwide,REF909932
TXN_1387,2026-08-26,1951.5,DR,PAYMENT TO Primatech Paper INV234,Primatech Paper,REF958045
TXN_1388,2026-08-03,2572.1,DR,PAYMENT TO Dharma Provisions INV120,Dharma Provisions,REF115457
TXN_1389,2026-08-24,2982.16,DR,PAYMENT TO Primatech Paper INV298,Primatech Paper,REF971861
TXN_1390,2026-08-17,3743.07,DR,PAYMENT TO Buy n Large Corp INV380,Buy n Large Corp,REF581197
TXN_1391,2026-08-10,2204.72,DR,PAYMENT TO Prestige Worldwide INV516,Prestige Worldwide,REF688247
TXN_1392,2026-08-01,4966.45,DR,PAYMENT TO Primatech Paper INV481,Primatech Paper,REF899749
TXN_1393,2026-08-19,4878.43,DR,PAYMENT TO Primatech Paper INV889,Primatech Paper,REF343390
TXN_1394,2026-08-11,804.48,DR,PAYMENT TO Initech Solutions INV197,Initech Solutions,REF688130
TXN_1395,2026-08-05,2075.66,DR,PAYMENT TO Frobozz Electric INV635,Frobozz Electric,REF858154
TXN_1396,2026-08-25,1238.91,DR,PAYMENT TO Veridian Dynamics INV358,Veridian Dynamics,REF531865
TXN_1397,2026-08-11,3476.09,DR,PAYMENT TO Pawnee Power INV516,Pawnee Power,REF105842
TXN_1398,2026-08-16,1633.78,DR,PAYMENT TO Sterling Cooper INV429,Sterling Cooper,REF583783
TXN_1399,2026-08-14,3526.35,DR,PAYMENT TO Weyland Industries INV230,Weyland Industries,REF893653
TXN_1400,2026-08-07,2244.25,DR,PAYMENT TO Soylent Industries INV139,Soylent Industries,REF544787
TXN_1401,2026-08-24,4383.65,DR,PAYMENT TO Dharma Provisions INV508,Dharma Provisions,REF109708
TXN_1402,2026-08-17,1679.69,DR,PAYMENT TO Tyrell Systems INV677,Tyrell Systems,REF781805
TXN_1403,2026-08-17,3062.14,DR,PAYMENT TO Frobozz Electric INV573,Frobozz Electric,REF320848
TXN_1404,2026-08-24,3628.64,DR,PAYMENT TO Vandelay Trading INV268,Vandelay Trading,REF649850
TXN_1405,2026-08-14,978.21,DR,PAYMENT TO Frobozz Electric INV168,Frobozz Electric,REF105874
TXN_1406,2026-08-18,2347.11,DR,PAYMENT TO Umbrella Corp INV162,Umbrella Corp,REF755331
TXN_1407,2026-08-21,2839.86,DR,PAYMENT TO Prestige Worldwide INV453,Prestige Worldwide,REF759367
TXN_1408,2026-08-14,2963.9,DR,PAYMENT TO Buy n Large Corp INV476,Buy n Large Corp,REF754836
TXN_1409,2026-08-09,2849.45,DR,PAYMENT TO Bluth Builders INV179,Bluth Builders,REF721427
TXN_1410,2026-08-09,2861.93,DR,PAYMENT TO Vandelay Trading INV916,Vandelay Trading,REF647689
TXN_1411,2026-08-26,3712.6,DR,PAYMENT TO Gekko Capital INV784,Gekko Capital,REF596403
TXN_1412,2026-08-03,4654.78,DR,PAYMENT TO Gekko Capital INV250,Gekko Capital,REF250295
TXN_1413,2026-08-02,771.18,DR,PAYMENT TO Sirius Cybernetics INV535,Sirius Cybernetics,REF797137
TXN_1414,2026-08-18,2026.91,DR,PAYMENT TO Weyland Industries INV823,Weyland Industries,REF597526
TXN_1415,2026-08-03,4428.1,DR,PAYMENT TO Los Pollos Dist. INV270,Los Pollos Dist.,REF764555
TXN_1416,2026-08-23,800.13,DR,PAYMENT TO InGen Biotech INV673,InGen Biotech,REF563100
TXN_1417,2026-08-21,1806.08,DR,PAYMENT TO Globex Inc INV986,Globex Inc,REF483450
TXN_1418,2026-08-25,3383.19,DR,PAYMENT TO InGen Biotech INV318,InGen Biotech,REF746944
TXN_1419,2026-08-06,4672.64,DR,PAYMENT TO ACME Corp INV300,ACME Corp,REF563555
TXN_1420,2026-08-11,561.13,DR,PAYMENT TO Tyrell Systems INV359,Tyrell Systems,REF627217
TXN_1421,2026-08-20,1437.84,DR,PAYMENT TO Rekall Solutions INV757,Rekall Solutions,REF601989
TXN_1422,2026-08-19,4134.3,DR,PAYMENT TO Frobozz Electric INV722,Frobozz Electric,REF762951
TXN_1423,2026-08-26,609.05,DR,PAYMENT TO Tyrell Systems INV129,Tyrell Systems,REF742693
TXN_1424,2026-08-05,3557.63,DR,PAYMENT TO Hooli Services INV991,Hooli Services,REF992278
TXN_1425,2026-08-15,3223.64,DR,PAYMENT TO Wayne Enterprises INV421,Wayne Enterprises,REF202210
TXN_1426,2026-08-09,4918.68,DR,PAYMENT TO Bluth Builders INV770,Bluth Builders,REF743829
TXN_1427,2026-08-19,3638.46,DR,PAYMENT TO Tyrell Systems INV628,Tyrell Systems,REF114859
TXN_1428,2026-08-13,2140.26,DR,PAYMENT TO Wayne Enterprises INV166,Wayne Enterprises,REF302312
TXN_1429,2026-08-17,822.82,DR,PAYMENT TO Rekall Solutions INV185,Rekall Solutions,REF280968
TXN_1430,2026-08-14,947.54,DR,PAYMENT TO ACME Corp INV418,ACME Corp,REF387061
TXN_1431,2026-08-19,4196.92,DR,PAYMENT TO Initech Solutions INV679,Initech Solutions,REF585496
TXN_1432,2026-08-06,1655.76,DR,PAYMENT TO Globex Inc INV885,Globex Inc,REF277561
TXN_1433,2026-08-07,3225.93,DR,PAYMENT TO Multi Corp INV183,Multi Corp,REF859459
TXN_1434,2026-08-10,4202.81,DR,PAYMENT TO Bluth Builders INV865,Bluth Builders,REF892547
TXN_1435,2026-08-23,1506.68,DR,PAYMENT TO Rekall Solutions INV243,Rekall Solutions,REF692487
TXN_1436,2026-08-07,967.85,DR,PAYMENT TO Massive Dynamic INV365,Massive Dynamic,REF831442
TXN_1437,2026-08-19,1881.7,DR,PAYMENT TO Omni Consumer INV560,Omni Consumer,REF969793
TXN_1438,2026-08-05,2735.95,DR,"PAYMENT TO ['Los Pollos Distribution', 'LOS POLLOS', 'L Pollos Dist'] INV819","['Los Pollos Distribution', 'LOS POLLOS', 'L Pollos Dist']",REF554928
TXN_1439,2026-08-23,4845.6,DR,PAYMENT TO Sorin Systems INV949,Sorin Systems,REF879230
TXN_1440,2026-08-03,2615.04,DR,PAYMENT TO Los Pollos Dist. INV364,Los Pollos Dist.,REF328856
TXN_1441,2026-08-22,3192.46,DR,PAYMENT TO Frobozz Electric INV243,Frobozz Electric,REF589943
TXN_1442,2026-08-11,3536.31,DR,PAYMENT TO Delos Hospitality INV990,Delos Hospitality,REF108281
TXN_1443,2026-08-21,4524.6,DR,PAYMENT TO Hooli Services INV466,Hooli Services,REF421153
TXN_1444,2026-08-15,4065.18,DR,PAYMENT TO Multi Corp INV707,Multi Corp,REF703943
TXN_1445,2026-08-09,3644.53,DR,PAYMENT TO Pawnee Power INV445,Pawnee Power,REF605998
TXN_1446,2026-08-25,4680.3,DR,PAYMENT TO Momcorp Industries INV210,Momcorp Industries,REF541435
TXN_1447,2026-08-06,2609.8,DR,PAYMENT TO Buy n Large Corp INV711,Buy n Large Corp,REF831519
TXN_1448,2026-08-07,4762.32,DR,PAYMENT TO Lestrade & Co INV869,Lestrade & Co,REF246327
TXN_1449,2026-08-10,3985.03,DR,PAYMENT TO Dunder Supplies INV920,Dunder Supplies,REF462914
TXN_1450,2026-08-22,822.71,DR,PAYMENT TO Hooli Services INV408,Hooli Services,REF422465
TXN_1451,2026-08-03,3648.26,DR,PAYMENT TO Dunder Supplies INV801,Dunder Supplies,REF682324
TXN_1452,2026-08-12,124.23,DR,PAYMENT TO Pied Piper Tech INV452,Pied Piper Tech,REF204766
TXN_1453,2026-08-22,1943.83,DR,PAYMENT TO Multi Corp INV823,Multi Corp,REF354533
TXN_1454,2026-08-04,1999.11,DR,PAYMENT TO Oceanic Freight INV881,Oceanic Freight,REF240012
TXN_1455,2026-08-20,2029.87,DR,"PAYMENT TO ['Cyberdyne Sys', 'CYBERDYNE', 'Cyberdyne Sys.', 'Cyberdyne'] INV455","['Cyberdyne Sys', 'CYBERDYNE', 'Cyberdyne Sys.', 'Cyberdyne']",REF612029
TXN_1456,2026-08-20,972.98,DR,PAYMENT TO Sterling Cooper INV477,Sterling Cooper,REF479878
TXN_1457,2026-08-21,1227.36,DR,PAYMENT TO Veridian Dynamics INV292,Veridian Dynamics,REF146397
TXN_1458,2026-08-13,3304.82,DR,PAYMENT TO InGen Biotech INV254,InGen Biotech,REF398806
TXN_1459,2026-08-14,979.64,DR,PAYMENT TO Primatech Paper INV798,Primatech Paper,REF642479
TXN_1460,2026-08-15,4050.52,DR,PAYMENT TO Delos Hospitality INV802,Delos Hospitality,REF868260
TXN_1461,2026-08-11,730.82,DR,PAYMENT TO Momcorp Industries INV493,Momcorp Industries,REF819636
TXN_1462,2026-08-25,367.11,DR,PAYMENT TO InGen Biotech INV364,InGen Biotech,REF878111
TXN_1463,2026-08-12,3926.92,DR,PAYMENT TO Wernham Hogg INV964,Wernham Hogg,REF661013
TXN_1464,2026-08-04,3948.92,DR,PAYMENT TO InGen Biotech INV644,InGen Biotech,REF896509
TXN_1465,2026-08-11,4746.19,DR,PAYMENT TO Bachman Electric INV364,Bachman Electric,REF307212
TXN_1466,2026-08-02,2377.34,DR,PAYMENT TO Stark Logistics INV224,Stark Logistics,REF613405
TXN_1467,2026-08-14,1753.56,DR,PAYMENT TO Massive Dynamic INV885,Massive Dynamic,REF958961
TXN_1468,2026-08-12,2143.6,DR,PAYMENT TO Sirius Cybernetics INV432,Sirius Cybernetics,REF412143
TXN_1469,2026-08-24,279.4,DR,PAYMENT TO Primatech Paper INV354,Primatech Paper,REF283745
TXN_1470,2026-08-21,2517.91,DR,PAYMENT TO Rekall Solutions INV453,Rekall Solutions,REF580280
TXN_1471,2026-08-03,1700.28,DR,PAYMENT TO Stark Logistics INV250,Stark Logistics,REF738953
TXN_1472,2026-08-21,4081.13,DR,PAYMENT TO Umbrella Corp INV491,Umbrella Corp,REF637533
TXN_1473,2026-08-03,1755.09,DR,PAYMENT TO Buy n Large Corp INV532,Buy n Large Corp,REF520205
TXN_1474,2026-08-04,3988.86,DR,PAYMENT TO Lestrade & Co INV367,Lestrade & Co,REF417929
TXN_1475,2026-08-12,2909.35,DR,PAYMENT TO Los Pollos Dist. INV878,Los Pollos Dist.,REF558170
TXN_1476,2026-08-22,324.14,DR,PAYMENT TO Primatech Paper INV285,Primatech Paper,REF811152
TXN_1477,2026-08-01,3932.05,DR,PAYMENT TO Vandelay Trading INV381,Vandelay Trading,REF380025
TXN_1478,2026-08-08,188.56,DR,PAYMENT TO Oceanic Freight INV326,Oceanic Freight,REF166817
TXN_1479,2026-08-21,3016.63,DR,PAYMENT TO  Freight INV498, Freight,REF598705
TXN_1480,2026-08-01,1780.46,DR,PAYMENT TO Oceanic Freight INV454,Oceanic Freight,REF962588
TXN_1481,2026-08-18,3518.85,DR,PAYMENT TO Weyland Industries INV361,Weyland Industries,REF522511
TXN_1482,2026-08-18,4926.24,DR,PAYMENT TO Initech Solutions INV312,Initech Solutions,REF884346
TXN_1483,2026-08-12,1589.76,DR,PAYMENT TO Oceanic Freight INV562,Oceanic Freight,REF807265
TXN_1484,2026-08-19,2214.5,DR,PAYMENT TO Globex Inc INV869,Globex Inc,REF397677
TXN_1485,2026-08-18,745.32,DR,PAYMENT TO Pawnee Power INV970,Pawnee Power,REF229492
TXN_1486,2026-08-19,1517.81,DR,PAYMENT TO Pied Piper Tech INV885,Pied Piper Tech,REF915293
TXN_1487,2026-08-13,2795.34,DR,PAYMENT TO Delos Hospitality INV869,Delos Hospitality,REF328330
TXN_1488,2026-08-25,1879.56,DR,PAYMENT TO Umbrella Corp INV780,Umbrella Corp,REF820208
TXN_1489,2026-08-25,3217.44,DR,PAYMENT TO Momcorp Industries INV648,Momcorp Industries,REF658375
TXN_1490,2026-08-10,4148.08,DR,PAYMENT TO Sirius Cybernetics INV260,Sirius Cybernetics,REF286255
TXN_1491,2026-08-21,944.13,DR,PAYMENT TO Umbrella Corp INV492,Umbrella Corp,REF708339
TXN_1492,2026-08-21,242.3,DR,PAYMENT TO Prestige Worldwide INV241,Prestige Worldwide,REF739323
TXN_1493,2026-08-11,3088.08,DR,PAYMENT TO Pied Piper Tech INV682,Pied Piper Tech,REF755879
TXN_1494,2026-08-24,3046.58,DR,PAYMENT TO Weyland Industries INV665,Weyland Industries,REF636174
TXN_1495,2026-08-06,2343.07,DR,PAYMENT TO Sterling Cooper INV279,Sterling Cooper,REF595104
TXN_1496,2026-08-07,1681.35,DR,PAYMENT TO Massive Dynamic INV166,Massive Dynamic,REF132390
TXN_1497,2026-08-22,3055.92,DR,PAYMENT TO Sterling Cooper INV915,Sterling Cooper,REF285469
TXN_1498,2026-08-17,3242.76,DR,PAYMENT TO Pawnee Power INV957,Pawnee Power,REF447350
TXN_1499,2026-08-06,1299.83,DR,PAYMENT TO Cyberdyne Systems INV107,Cyberdyne Systems,REF884972
TXN_1500,2026-08-03,3936.91,DR,PAYMENT TO Nakatomi Trading INV833,Nakatomi Trading,REF663443
TXN_1501,2026-08-16,4155.99,DR,PAYMENT TO Wayne Enterprises INV399,Wayne Enterprises,REF951089
TXN_1502,2026-08-23,4644.21,DR,PAYMENT TO Sirius Cybernetics INV538,Sirius Cybernetics,REF925673
TXN_1503,2026-08-24,927.87,DR,PAYMENT TO Dharma Provisions INV772,Dharma Provisions,REF456342
TXN_1504,2026-08-09,575.92,DR,PAYMENT TO Cyberdyne Systems INV569,Cyberdyne Systems,REF843527
TXN_1505,2026-08-10,3477.05,DR,PAYMENT TO Wernham Hogg INV906,Wernham Hogg,REF572253
TXN_1506,2026-08-25,786.1,DR,PAYMENT TO Omni Consumer INV395,Omni Consumer,REF127200
TXN_1507,2026-08-10,4729.48,DR,PAYMENT TO Pied Piper Tech INV681,Pied Piper Tech,REF764686
TXN_1508,2026-08-24,4045.47,DR,PAYMENT TO Vandelay Trading INV250,Vandelay Trading,REF736956
TXN_1509,2026-08-01,4269.5,DR,PAYMENT TO Bachman Electric INV410,Bachman Electric,REF255570
TXN_1510,2026-08-24,4364.14,DR,PAYMENT TO Omni Consumer INV515,Omni Consumer,REF600143
TXN_1511,2026-08-19,4277.79,DR,PAYMENT TO Oceanic Freight INV635,Oceanic Freight,REF492547
TXN_1512,2026-08-16,959.4,DR,PAYMENT TO Weyland Industries INV114,Weyland Industries,REF801229
TXN_1513,2026-08-11,1201.64,DR,PAYMENT TO Los Pollos Dist. INV329,Los Pollos Dist.,REF257379
TXN_1514,2026-08-16,2350.68,DR,PAYMENT TO ACME Corp INV960,ACME Corp,REF882506
TXN_1515,2026-08-26,3959.66,DR,PAYMENT TO Prestige Worldwide INV859,Prestige Worldwide,REF312368
TXN_1516,2026-08-11,2586.34,DR,PAYMENT TO Rekall Solutions INV666,Rekall Solutions,REF660730
TXN_1517,2026-08-18,4375.82,DR,PAYMENT TO Wayne Enterprises INV557,Wayne Enterprises,REF694230
TXN_1518,2026-08-23,4688.03,DR,PAYMENT TO Sterling Cooper INV333,Sterling Cooper,REF823137
TXN_1519,2026-08-18,1459.64,DR,PAYMENT TO Bluth Builders INV850,Bluth Builders,REF971044
TXN_1520,2026-08-05,2660.53,DR,PAYMENT TO Wayne Enterprises INV312,Wayne Enterprises,REF338641
TXN_1521,2026-08-04,2730.97,DR,PAYMENT TO Wayne Enterprises INV426,Wayne Enterprises,REF928391
TXN_1522,2026-08-15,508.59,DR,PAYMENT TO Bluth Builders INV202,Bluth Builders,REF668714
TXN_1523,2026-08-19,147.05,DR,PAYMENT TO InGen Biotech INV981,InGen Biotech,REF216941
TXN_1524,2026-08-01,1333.56,DR,PAYMENT TO Dharma Provisions INV715,Dharma Provisions,REF383894
TXN_1525,2026-08-16,2619.58,DR,PAYMENT TO Buy n Large Corp INV370,Buy n Large Corp,REF658041
TXN_1526,2026-08-04,4888.42,DR,PAYMENT TO Hooli Services INV599,Hooli Services,REF106833
TXN_1527,2026-08-06,976.1,DR,PAYMENT TO InGen Biotech INV789,InGen Biotech,REF419439
TXN_1528,2026-08-06,1048.62,DR,PAYMENT TO Umbrella Corp INV881,Umbrella Corp,REF343062
TXN_1529,2026-08-25,2698.96,DR,PAYMENT TO Umbrella Corp INV801,Umbrella Corp,REF414637
TXN_1530,2026-08-07,2897.94,DR,PAYMENT TO Dunder Supplies INV431,Dunder Supplies,REF263984
TXN_1531,2026-08-20,3346.69,DR,PAYMENT TO Oceanic Freight INV628,Oceanic Freight,REF596789
TXN_1532,2026-08-09,2412.71,DR,PAYMENT TO Buy n Large Corp INV479,Buy n Large Corp,REF252029
TXN_1533,2026-08-10,2183.96,DR,PAYMENT TO Primatech Paper INV880,Primatech Paper,REF537385
TXN_1534,2026-08-12,3264.38,DR,PAYMENT TO Vandelay Trading INV567,Vandelay Trading,REF904308
TXN_1535,2026-08-10,4179.5,DR,PAYMENT TO Globex Inc INV429,Globex Inc,REF548264
TXN_1536,2026-08-11,2834.53,DR,PAYMENT TO Bluth Builders INV916,Bluth Builders,REF325422
TXN_1537,2026-08-03,1291.38,DR,PAYMENT TO Oceanic Freight INV840,Oceanic Freight,REF602983
TXN_1538,2026-08-19,2402.37,DR,PAYMENT TO Stark Logistics INV899,Stark Logistics,REF791450
TXN_1539,2026-08-20,2971.96,DR,PAYMENT TO Wayne Enterprises INV203,Wayne Enterprises,REF158840
TXN_1540,2026-08-10,644.05,DR,PAYMENT TO Vandelay Trading INV867,Vandelay Trading,REF177582
TXN_1541,2026-08-19,1564.39,DR,PAYMENT TO Bluth Builders INV675,Bluth Builders,REF192280
TXN_1542,2026-08-10,3478.89,DR,PAYMENT TO Vandelay Trading INV890,Vandelay Trading,REF907304
TXN_1543,2026-08-24,4434.47,DR,PAYMENT TO Hooli Services INV428,Hooli Services,REF591075
TXN_1544,2026-08-22,4860.05,DR,PAYMENT TO Nakatomi Trading INV361,Nakatomi Trading,REF732938
TXN_1545,2026-08-21,2112.82,DR,PAYMENT TO Primatech Paper INV925,Primatech Paper,REF609982
TXN_1546,2026-08-17,395.4,DR,PAYMENT TO Momcorp Industries INV482,Momcorp Industries,REF116988
TXN_1547,2026-08-16,1484.97,DR,PAYMENT TO Wernham Hogg INV749,Wernham Hogg,REF170369
TXN_1548,2026-08-18,875.3,DR,PAYMENT TO Momcorp Industries INV966,Momcorp Industries,REF992847
TXN_1549,2026-08-25,3451.37,DR,PAYMENT TO Rekall Solutions INV576,Rekall Solutions,REF573210
TXN_1550,2026-08-24,845.81,DR,PAYMENT TO Wernham Hogg INV174,Wernham Hogg,REF290498
TXN_1551,2026-08-25,3493.67,DR,PAYMENT TO InGen Biotech INV121,InGen Biotech,REF520967
TXN_1552,2026-08-01,1203.63,DR,PAYMENT TO InGen Biotech INV254,InGen Biotech,REF371426
TXN_1553,2026-08-19,3405.24,DR,PAYMENT TO Oceanic Freight INV645,Oceanic Freight,REF579989
TXN_1554,2026-08-07,3887.66,DR,PAYMENT TO Los Pollos Dist. INV415,Los Pollos Dist.,REF290407
TXN_1555,2026-08-18,1807.75,DR,PAYMENT TO Cyberdyne Systems INV435,Cyberdyne Systems,REF430654
TXN_1556,2026-08-22,1123.16,DR,PAYMENT TO Buy n Large Corp INV267,Buy n Large Corp,REF544893
TXN_1557,2026-08-08,4687.88,DR,PAYMENT TO Los Pollos Dist. INV890,Los Pollos Dist.,REF472605
TXN_1558,2026-08-01,2275.37,DR,PAYMENT TO Los Pollos Dist. INV489,Los Pollos Dist.,REF151604
TXN_1559,2026-08-25,1964.47,DR,PAYMENT TO Soylent Industries INV195,Soylent Industries,REF283602
TXN_1560,2026-08-25,1127.23,DR,PAYMENT TO Veridian Dynamics INV858,Veridian Dynamics,REF734229
TXN_1561,2026-08-07,4927.25,DR,PAYMENT TO Momcorp Industries INV468,Momcorp Industries,REF601197
TXN_1562,2026-08-01,1962.14,DR,PAYMENT TO Dharma Provisions INV509,Dharma Provisions,REF999146
TXN_1563,2026-08-14,4735.11,DR,PAYMENT TO Buy n Large Corp INV334,Buy n Large Corp,REF835276
TXN_1564,2026-08-09,3675.18,DR,PAYMENT TO Oceanic Freight INV146,Oceanic Freight,REF247572
TXN_1565,2026-08-06,2866.44,DR,PAYMENT TO Vandelay Trading INV631,Vandelay Trading,REF263324
TXN_1566,2026-08-20,4031.66,DR,PAYMENT TO Massive Dynamic INV480,Massive Dynamic,REF747553
TXN_1567,2026-08-06,4687.83,DR,PAYMENT TO Dunder Supplies INV859,Dunder Supplies,REF948735
TXN_1568,2026-08-06,1888.83,DR,PAYMENT TO Soylent Industries INV905,Soylent Industries,REF270261
TXN_1569,2026-08-21,1928.6,DR,PAYMENT TO Nakatomi Trading INV736,Nakatomi Trading,REF436669
TXN_1570,2026-08-16,267.69,DR,PAYMENT TO Dunder Supplies INV517,Dunder Supplies,REF148758
TXN_1571,2026-08-04,173.2,DR,PAYMENT TO Prestige Worldwide INV194,Prestige Worldwide,REF540279
TXN_1572,2026-08-04,4846.78,DR,PAYMENT TO Multi Corp INV525,Multi Corp,REF997728
TXN_1573,2026-08-15,758.59,DR,PAYMENT TO Pawnee Power INV928,Pawnee Power,REF767791
TXN_1574,2026-08-05,1682.09,DR,PAYMENT TO  Freight INV474, Freight,REF743416
TXN_1575,2026-08-24,4172.34,DR,"PAYMENT TO ['Lestrade Co.', 'LESTRADE', 'Lestrade and Co'] INV300","['Lestrade Co.', 'LESTRADE', 'Lestrade and Co']",REF231945
TXN_1576,2026-08-22,502.73,DR,PAYMENT TO Umbrella Corp INV834,Umbrella Corp,REF523455
TXN_1577,2026-08-08,1328.29,DR,PAYMENT TO Buy n Large Corp INV436,Buy n Large Corp,REF844971
TXN_1578,2026-08-22,2994.84,DR,PAYMENT TO Omni Consumer INV691,Omni Consumer,REF379682
TXN_1579,2026-08-05,1706.93,DR,PAYMENT TO Tyrell Systems INV777,Tyrell Systems,REF252275
TXN_1580,2026-08-26,1069.69,DR,PAYMENT TO Hooli Services INV114,Hooli Services,REF249898
TXN_1581,2026-08-11,157.39,DR,PAYMENT TO Frobozz Electric INV595,Frobozz Electric,REF999343
TXN_1582,2026-08-07,2320.65,DR,PAYMENT TO Nakatomi Trading INV658,Nakatomi Trading,REF561229
TXN_1583,2026-08-06,1350.89,DR,PAYMENT TO Veridian Dynamics INV890,Veridian Dynamics,REF675564
TXN_1584,2026-08-09,409.28,DR,PAYMENT TO Tyrell Systems INV536,Tyrell Systems,REF773492
TXN_1585,2026-08-08,4877.93,DR,PAYMENT TO Soylent Industries INV223,Soylent Industries,REF677204
TXN_1586,2026-08-15,2237.2,DR,PAYMENT TO Initech Solutions INV987,Initech Solutions,REF629241
TXN_1587,2026-08-22,1187.1,DR,PAYMENT TO Globex Inc INV303,Globex Inc,REF869038
TXN_1588,2026-08-17,330.28,DR,PAYMENT TO  Freight INV471, Freight,REF665661
TXN_1589,2026-08-06,590.68,DR,PAYMENT TO Pied Piper Tech INV750,Pied Piper Tech,REF765124
TXN_1590,2026-08-08,4231.87,DR,PAYMENT TO Dunder Supplies INV653,Dunder Supplies,REF739280
TXN_1591,2026-08-13,1552.83,DR,PAYMENT TO Omni Consumer INV531,Omni Consumer,REF599694
TXN_1592,2026-08-03,1331.51,DR,PAYMENT TO Sorin Systems INV784,Sorin Systems,REF426741
TXN_1593,2026-08-25,2110.84,DR,PAYMENT TO Dunder Supplies INV592,Dunder Supplies,REF962392
TXN_1594,2026-08-21,2153.15,DR,PAYMENT TO Bachman Electric INV298,Bachman Electric,REF360647
TXN_1595,2026-08-03,1208.89,DR,PAYMENT TO Rekall Solutions INV243,Rekall Solutions,REF520940
TXN_1596,2026-08-15,797.8,DR,PAYMENT TO Rekall Solutions INV878,Rekall Solutions,REF443376
TXN_1597,2026-08-04,3881.12,DR,PAYMENT TO Pawnee Power INV582,Pawnee Power,REF343459
TXN_1598,2026-08-24,3089.17,DR,PAYMENT TO Dunder Supplies INV172,Dunder Supplies,REF890888
TXN_1599,2026-08-11,4388.65,DR,PAYMENT TO Stark Logistics INV490,Stark Logistics,REF978683
TXN_1600,2026-08-04,3171.8,DR,PAYMENT TO InGen Biotech INV699,InGen Biotech,REF276638
TXN_1601,2026-08-23,4340.98,DR,PAYMENT TO Veridian Dynamics INV876,Veridian Dynamics,REF405247
TXN_1602,2026-08-08,4359.87,DR,PAYMENT TO Veridian Dynamics INV956,Veridian Dynamics,REF835679
TXN_1603,2026-08-14,377.6,DR,PAYMENT TO Umbrella Corp INV985,Umbrella Corp,REF907346
TXN_1604,2026-08-11,2156.26,DR,PAYMENT TO Nakatomi Trading INV465,Nakatomi Trading,REF187129
TXN_1605,2026-08-08,2996.31,DR,PAYMENT TO Rekall Solutions INV206,Rekall Solutions,REF918855
TXN_1606,2026-08-16,2847.29,DR,PAYMENT TO Lestrade & Co INV484,Lestrade & Co,REF736095
TXN_1607,2026-08-19,4207.21,DR,PAYMENT TO Umbrella Corp INV689,Umbrella Corp,REF199524
TXN_1608,2026-08-13,3619.62,DR,PAYMENT TO Stark Logistics INV455,Stark Logistics,REF778521
TXN_1609,2026-08-15,2909.39,DR,PAYMENT TO Omni Consumer INV138,Omni Consumer,REF518059
TXN_1610,2026-08-21,3747.49,DR,PAYMENT TO InGen Biotech INV785,InGen Biotech,REF126886
TXN_1611,2026-08-04,1532.16,DR,PAYMENT TO Dharma Provisions INV921,Dharma Provisions,REF129752
TXN_1612,2026-08-12,4870.54,DR,PAYMENT TO Sterling Cooper INV383,Sterling Cooper,REF567672
TXN_1613,2026-08-11,2345.2,DR,PAYMENT TO Nakatomi Trading INV887,Nakatomi Trading,REF932192
TXN_1614,2026-08-25,1807.84,DR,PAYMENT TO Hooli Services INV964,Hooli Services,REF624116
TXN_1615,2026-08-11,1823.84,DR,PAYMENT TO  Freight INV857, Freight,REF944266
TXN_1616,2026-08-08,1651.02,DR,PAYMENT TO Buy n Large Corp INV203,Buy n Large Corp,REF857009
TXN_1617,2026-08-21,1012.34,DR,PAYMENT TO Weyland Industries INV307,Weyland Industries,REF377537
TXN_1618,2026-08-16,1817.91,DR,PAYMENT TO Sirius Cybernetics INV470,Sirius Cybernetics,REF891434
TXN_1619,2026-08-04,1029.97,DR,PAYMENT TO Buy n Large Corp INV618,Buy n Large Corp,REF834242
TXN_1620,2026-08-20,3508.62,DR,PAYMENT TO Bluth Builders INV195,Bluth Builders,REF194940
TXN_1621,2026-08-23,1766.8,DR,PAYMENT TO Delos Hospitality INV506,Delos Hospitality,REF239494
TXN_1622,2026-08-04,4240.55,DR,PAYMENT TO Massive Dynamic INV728,Massive Dynamic,REF697800
TXN_1623,2026-08-11,4997.25,DR,PAYMENT TO Sirius Cybernetics INV945,Sirius Cybernetics,REF142753
TXN_1624,2026-08-16,1199.9,DR,PAYMENT TO Prestige Worldwide INV351,Prestige Worldwide,REF336802
TXN_1625,2026-08-10,1294.03,DR,PAYMENT TO Globex Inc INV978,Globex Inc,REF741959
TXN_1626,2026-08-14,1011.68,DR,PAYMENT TO Omni Consumer INV694,Omni Consumer,REF519028
TXN_1627,2026-08-26,4028.45,DR,PAYMENT TO InGen Biotech INV479,InGen Biotech,REF482221
TXN_1628,2026-08-08,1668.76,DR,PAYMENT TO Delos Hospitality INV178,Delos Hospitality,REF826871
TXN_1629,2026-08-26,4928.97,DR,PAYMENT TO Frobozz Electric INV648,Frobozz Electric,REF428712
TXN_1630,2026-08-23,3540.51,DR,PAYMENT TO Sorin Systems INV940,Sorin Systems,REF334843
TXN_1631,2026-08-20,2245.57,DR,PAYMENT TO Bachman Electric INV546,Bachman Electric,REF167798
TXN_1632,2026-08-06,208.36,DR,PAYMENT TO Sirius Cybernetics INV672,Sirius Cybernetics,REF781865
TXN_1633,2026-08-03,3441.83,DR,PAYMENT TO Cyberdyne Systems INV836,Cyberdyne Systems,REF389501
TXN_1634,2026-08-23,3845.39,DR,PAYMENT TO Vandelay Trading INV505,Vandelay Trading,REF325657
TXN_1635,2026-08-08,2892.3,DR,PAYMENT TO Momcorp Industries INV516,Momcorp Industries,REF251239
TXN_1636,2026-08-22,2975.68,DR,PAYMENT TO ACME Corp INV724,ACME Corp,REF155544
TXN_1637,2026-08-20,411.78,DR,PAYMENT TO Dharma Provisions INV847,Dharma Provisions,REF269038
TXN_1638,2026-08-01,3282.09,DR,PAYMENT TO Veridian Dynamics INV846,Veridian Dynamics,REF225304
TXN_1639,2026-08-26,2097.11,DR,PAYMENT TO Frobozz Electric INV241,Frobozz Electric,REF988422
TXN_1640,2026-08-06,3565.59,DR,PAYMENT TO Nakatomi Trading INV611,Nakatomi Trading,REF195142
TXN_1641,2026-08-12,4929.62,DR,PAYMENT TO Initech Solutions INV447,Initech Solutions,REF573670
TXN_1642,2026-08-17,1363.06,DR,PAYMENT TO Pawnee Power INV162,Pawnee Power,REF684191
TXN_1643,2026-08-01,4821.64,DR,PAYMENT TO Omni Consumer INV112,Omni Consumer,REF104887
TXN_1644,2026-08-03,4782.99,DR,PAYMENT TO Bluth Builders INV751,Bluth Builders,REF751031
TXN_1645,2026-08-04,4373.28,DR,PAYMENT TO Dunder Supplies INV714,Dunder Supplies,REF492343
TXN_1646,2026-08-05,4090.37,DR,PAYMENT TO Sirius Cybernetics INV131,Sirius Cybernetics,REF752300
TXN_1647,2026-08-10,628.1,DR,"PAYMENT TO ['Hooli Svc', 'HOOLI', 'Hooli Services Ltd'] INV704","['Hooli Svc', 'HOOLI', 'Hooli Services Ltd']",REF643674
TXN_1648,2026-08-20,860.74,DR,PAYMENT TO Gekko Capital INV445,Gekko Capital,REF576752
TXN_1649,2026-08-18,4175.67,DR,PAYMENT TO Sirius Cybernetics INV219,Sirius Cybernetics,REF801188
TXN_1650,2026-08-05,1273.31,DR,PAYMENT TO Veridian Dynamics INV292,Veridian Dynamics,REF932625
TXN_1651,2026-08-26,4233.65,DR,PAYMENT TO Bachman Electric INV201,Bachman Electric,REF988955
TXN_1652,2026-08-21,1084.57,DR,PAYMENT TO Oceanic Freight INV238,Oceanic Freight,REF569661
TXN_1653,2026-08-10,4726.81,DR,PAYMENT TO InGen Biotech INV513,InGen Biotech,REF556276
TXN_1654,2026-08-04,1675.42,DR,PAYMENT TO Frobozz Electric INV724,Frobozz Electric,REF507695
TXN_1655,2026-08-02,1021.59,DR,PAYMENT TO Initech Solutions INV414,Initech Solutions,REF716006
TXN_1656,2026-08-24,334.98,DR,PAYMENT TO Globex Inc INV148,Globex Inc,REF417661
TXN_1657,2026-08-24,2591.04,DR,PAYMENT TO Hooli Services INV620,Hooli Services,REF488837
TXN_1658,2026-08-15,4754.83,DR,PAYMENT TO Prestige Worldwide INV829,Prestige Worldwide,REF435869
TXN_1659,2026-08-19,3238.06,DR,PAYMENT TO ACME Corp INV146,ACME Corp,REF500019
TXN_1660,2026-08-08,3332.01,DR,PAYMENT TO Wernham Hogg INV281,Wernham Hogg,REF508856
TXN_1661,2026-08-12,4596.16,DR,PAYMENT TO Primatech Paper INV145,Primatech Paper,REF263503
TXN_1662,2026-08-22,2895.64,DR,PAYMENT TO Buy n Large Corp INV309,Buy n Large Corp,REF785072
TXN_1663,2026-08-14,4135.42,DR,PAYMENT TO Weyland Industries INV384,Weyland Industries,REF983566
TXN_1664,2026-08-25,2492.26,DR,PAYMENT TO Pawnee Power INV110,Pawnee Power,REF756971
TXN_1665,2026-08-22,3478.55,DR,PAYMENT TO Cyberdyne Systems INV752,Cyberdyne Systems,REF219936
TXN_1666,2026-08-18,1704.15,DR,PAYMENT TO Nakatomi Trading INV797,Nakatomi Trading,REF849756
TXN_1667,2026-08-13,1495.55,DR,PAYMENT TO Massive Dynamic INV391,Massive Dynamic,REF997065
TXN_1668,2026-08-07,4756.02,DR,PAYMENT TO Sorin Systems INV966,Sorin Systems,REF622156
TXN_1669,2026-08-16,635.79,DR,PAYMENT TO Prestige Worldwide INV138,Prestige Worldwide,REF973563
TXN_1670,2026-08-14,3115.07,DR,PAYMENT TO Sirius Cybernetics INV856,Sirius Cybernetics,REF249693
TXN_1671,2026-08-24,1657.81,DR,PAYMENT TO Lestrade & Co INV114,Lestrade & Co,REF260128
TXN_1672,2026-08-15,1083.18,DR,PAYMENT TO Wayne Enterprises INV500,Wayne Enterprises,REF498494
TXN_1673,2026-08-06,3173.35,DR,PAYMENT TO Wernham Hogg INV773,Wernham Hogg,REF856213
TXN_1674,2026-08-20,2689.93,DR,PAYMENT TO Sorin Systems INV264,Sorin Systems,REF250327
TXN_1675,2026-08-22,419.14,DR,PAYMENT TO Omni Consumer INV647,Omni Consumer,REF118310
TXN_1676,2026-08-02,803.08,DR,PAYMENT TO Umbrella Corp INV800,Umbrella Corp,REF345012
TXN_1677,2026-08-25,2878.08,DR,PAYMENT TO Prestige Worldwide INV880,Prestige Worldwide,REF758806
TXN_1678,2026-08-21,4137.59,DR,PAYMENT TO Frobozz Electric INV685,Frobozz Electric,REF776111
TXN_1679,2026-08-24,1264.58,DR,PAYMENT TO Veridian Dynamics INV727,Veridian Dynamics,REF362188
TXN_1680,2026-08-15,2728.63,DR,PAYMENT TO Tyrell Systems INV329,Tyrell Systems,REF251422
TXN_1681,2026-08-06,1903.58,DR,PAYMENT TO Globex Inc INV542,Globex Inc,REF944576
TXN_1682,2026-08-23,4411.04,DR,PAYMENT TO Prestige Worldwide INV511,Prestige Worldwide,REF231097
TXN_1683,2026-08-12,1119.69,DR,PAYMENT TO Primatech Paper INV531,Primatech Paper,REF538017
TXN_1684,2026-08-15,1881.45,DR,PAYMENT TO Oceanic Freight INV781,Oceanic Freight,REF518259
TXN_1685,2026-08-07,3591.69,DR,PAYMENT TO Lestrade & Co INV299,Lestrade & Co,REF864733
TXN_1686,2026-08-18,4325.95,DR,PAYMENT TO Dharma Provisions INV483,Dharma Provisions,REF775282
TXN_1687,2026-08-04,2759.86,DR,PAYMENT TO Sirius Cybernetics INV407,Sirius Cybernetics,REF973346
TXN_1688,2026-08-20,2119.38,DR,PAYMENT TO Bluth Builders INV322,Bluth Builders,REF454086
TXN_1689,2026-08-14,983.54,DR,PAYMENT TO Sirius Cybernetics INV124,Sirius Cybernetics,REF827679
TXN_1690,2026-08-24,3435.09,DR,PAYMENT TO Dunder Supplies INV756,Dunder Supplies,REF521398
TXN_1691,2026-08-11,2396.04,DR,PAYMENT TO Vandelay Trading INV880,Vandelay Trading,REF610326
TXN_1692,2026-08-26,420.26,DR,PAYMENT TO Globex Inc INV108,Globex Inc,REF155315
TXN_1693,2026-08-07,3743.56,DR,PAYMENT TO Los Pollos Dist. INV414,Los Pollos Dist.,REF981515
TXN_1694,2026-08-16,1759.24,DR,PAYMENT TO Hooli Services INV396,Hooli Services,REF417970
TXN_1695,2026-08-06,2134.41,DR,PAYMENT TO  Freight INV733, Freight,REF529580
TXN_1696,2026-08-23,4255.17,DR,PAYMENT TO Sterling Cooper INV216,Sterling Cooper,REF796117
TXN_1697,2026-08-15,575.64,DR,PAYMENT TO Stark Logistics INV238,Stark Logistics,REF499454
TXN_1698,2026-08-19,3471.8,DR,PAYMENT TO Tyrell Systems INV551,Tyrell Systems,REF713302
TXN_1699,2026-08-22,2877.24,DR,PAYMENT TO Wernham Hogg INV187,Wernham Hogg,REF487939
TXN_1700,2026-08-05,643.76,DR,PAYMENT TO Bluth Builders INV749,Bluth Builders,REF436276
TXN_1701,2026-08-01,3147.12,DR,PAYMENT TO Bachman Electric INV527,Bachman Electric,REF277272
TXN_1702,2026-08-09,4911.98,DR,PAYMENT TO Globex Inc INV601,Globex Inc,REF434042
TXN_1703,2026-08-02,3282.09,DR,PAYMENT TO Buy n Large Corp INV369,Buy n Large Corp,REF570738
TXN_1704,2026-08-11,298.23,DR,PAYMENT TO Multi Corp INV775,Multi Corp,REF184142
TXN_1705,2026-08-24,2910.9,DR,PAYMENT TO Buy n Large Corp INV489,Buy n Large Corp,REF309340
TXN_1706,2026-08-13,2003.15,DR,PAYMENT TO Rekall Solutions INV813,Rekall Solutions,REF493364
TXN_1707,2026-08-23,1776.43,DR,PAYMENT TO Delos Hospitality INV836,Delos Hospitality,REF374294
TXN_1708,2026-08-03,4575.45,DR,PAYMENT TO Initech Solutions INV924,Initech Solutions,REF798585
TXN_1709,2026-08-17,4489.51,DR,PAYMENT TO Globex Inc INV930,Globex Inc,REF234769
TXN_1710,2026-08-04,1290.51,DR,PAYMENT TO Hooli Services INV482,Hooli Services,REF168114
TXN_1711,2026-08-01,3643.22,DR,PAYMENT TO Wernham Hogg INV991,Wernham Hogg,REF747454
TXN_1712,2026-08-26,3358.2,DR,PAYMENT TO Gekko Capital INV224,Gekko Capital,REF158894
TXN_1713,2026-08-03,3619.45,DR,PAYMENT TO Initech Solutions INV103,Initech Solutions,REF554001
TXN_1714,2026-08-08,1130.07,DR,PAYMENT TO Initech Solutions INV496,Initech Solutions,REF435968
TXN_1715,2026-08-23,4940.85,DR,"PAYMENT TO ['Pawnee Pwr.', 'PAWNEE POWER', 'Pawnee Energy'] INV823","['Pawnee Pwr.', 'PAWNEE POWER', 'Pawnee Energy']",REF295103
TXN_1716,2026-08-06,2587.16,DR,PAYMENT TO Initech Solutions INV280,Initech Solutions,REF307324
TXN_1717,2026-08-23,3832.17,DR,PAYMENT TO Bluth Builders INV291,Bluth Builders,REF989838
TXN_1718,2026-08-21,4196.6,DR,PAYMENT TO Massive Dynamic INV715,Massive Dynamic,REF532308
TXN_1719,2026-08-09,4139.9,DR,PAYMENT TO Sterling Cooper INV643,Sterling Cooper,REF107322
TXN_1720,2026-08-03,401.94,DR,PAYMENT TO Veridian Dynamics INV452,Veridian Dynamics,REF868516
TXN_1721,2026-08-01,4888.12,DR,PAYMENT TO Initech Solutions INV426,Initech Solutions,REF716708
TXN_1722,2026-08-12,3520.57,DR,PAYMENT TO Pawnee Power INV794,Pawnee Power,REF169078
TXN_1723,2026-08-24,4073.73,DR,PAYMENT TO Tyrell Systems INV611,Tyrell Systems,REF414831
TXN_1724,2026-08-11,2774.99,DR,PAYMENT TO Bluth Builders INV333,Bluth Builders,REF715754
TXN_1725,2026-08-15,1689.4,DR,PAYMENT TO Primatech Paper INV574,Primatech Paper,REF586950
TXN_1726,2026-08-01,4379.47,DR,PAYMENT TO Oceanic Freight INV490,Oceanic Freight,REF762902
TXN_1727,2026-08-26,4105.28,DR,PAYMENT TO Hooli Services INV254,Hooli Services,REF721739
TXN_1728,2026-08-07,564.75,DR,PAYMENT TO Primatech Paper INV583,Primatech Paper,REF257181
TXN_1729,2026-08-13,875.75,DR,PAYMENT TO Sorin Systems INV384,Sorin Systems,REF338801
TXN_1730,2026-08-14,4741.92,DR,"PAYMENT TO ['Pied Piper', 'PIED PIPER TECH', 'Pied Piper Technologies'] INV599","['Pied Piper', 'PIED PIPER TECH', 'Pied Piper Technologies']",REF798130
TXN_1731,2026-08-23,2435.83,DR,PAYMENT TO Massive Dynamic INV244,Massive Dynamic,REF346575
TXN_1732,2026-08-16,163.54,DR,PAYMENT TO Buy n Large Corp INV746,Buy n Large Corp,REF266306
TXN_1733,2026-08-20,734.2,DR,PAYMENT TO Massive Dynamic INV449,Massive Dynamic,REF859962
TXN_1734,2026-08-03,186.78,DR,PAYMENT TO Tyrell Systems INV527,Tyrell Systems,REF358064
TXN_1735,2026-08-21,4587.12,DR,PAYMENT TO Frobozz Electric INV905,Frobozz Electric,REF394158
TXN_1736,2026-08-05,4830.82,DR,PAYMENT TO Lestrade & Co INV334,Lestrade & Co,REF842501
TXN_1737,2026-08-19,2401.79,DR,PAYMENT TO Globex Inc INV420,Globex Inc,REF635780
TXN_1738,2026-08-13,3775.94,DR,PAYMENT TO Gekko Capital INV429,Gekko Capital,REF185257
TXN_1739,2026-08-15,2008.92,DR,PAYMENT TO Bluth Builders INV910,Bluth Builders,REF907346
TXN_1740,2026-08-16,1308.27,DR,PAYMENT TO ACME Corp INV435,ACME Corp,REF473470
TXN_1741,2026-08-16,2853.2,DR,PAYMENT TO Rekall Solutions INV427,Rekall Solutions,REF608242
TXN_1742,2026-08-20,4427.75,DR,PAYMENT TO Bluth Builders INV943,Bluth Builders,REF950110
TXN_1743,2026-08-24,396.76,DR,PAYMENT TO Bluth Builders INV636,Bluth Builders,REF937653
TXN_1744,2026-08-23,4111.07,DR,PAYMENT TO ACME Corp INV405,ACME Corp,REF373665
TXN_1745,2026-08-21,3255.54,DR,PAYMENT TO Dharma Provisions INV180,Dharma Provisions,REF486538
TXN_1746,2026-08-18,869.19,DR,PAYMENT TO Sirius Cybernetics INV876,Sirius Cybernetics,REF429344
TXN_1747,2026-08-07,3560.85,DR,PAYMENT TO Multi Corp INV391,Multi Corp,REF270814
TXN_1748,2026-08-02,4351.91,DR,PAYMENT TO Sorin Systems INV588,Sorin Systems,REF486737
TXN_1749,2026-08-21,1687.03,DR,PAYMENT TO Hooli Services INV434,Hooli Services,REF742863
TXN_1750,2026-08-02,3253.74,DR,PAYMENT TO Oceanic Freight INV679,Oceanic Freight,REF893238
TXN_1751,2026-08-16,413.0,DR,PAYMENT TO Cyberdyne Systems INV243,Cyberdyne Systems,REF258932
TXN_1752,2026-08-25,1865.55,DR,PAYMENT TO Delos Hospitality INV446,Delos Hospitality,REF185101
TXN_1753,2026-08-18,404.54,DR,PAYMENT TO Dharma Provisions INV757,Dharma Provisions,REF928090
TXN_1754,2026-08-15,879.4,DR,PAYMENT TO Nakatomi Trading INV332,Nakatomi Trading,REF350887
TXN_1755,2026-08-21,4230.18,DR,PAYMENT TO Prestige Worldwide INV590,Prestige Worldwide,REF144454
TXN_1756,2026-08-17,1665.35,DR,PAYMENT TO Weyland Industries INV874,Weyland Industries,REF765143
TXN_1757,2026-08-01,3381.25,DR,PAYMENT TO Dharma Provisions INV663,Dharma Provisions,REF171262
TXN_1758,2026-08-08,2955.42,DR,PAYMENT TO ACME Corp INV457,ACME Corp,REF835916
TXN_1759,2026-08-07,846.05,DR,PAYMENT TO ACME Corp INV742,ACME Corp,REF880406
TXN_1760,2026-08-13,883.33,DR,PAYMENT TO Bluth Builders INV872,Bluth Builders,REF737134
TXN_1761,2026-08-13,683.92,DR,PAYMENT TO Massive Dynamic INV562,Massive Dynamic,REF130217
TXN_1762,2026-08-06,652.2,DR,PAYMENT TO Weyland Industries INV923,Weyland Industries,REF211914
TXN_1763,2026-08-23,3403.61,DR,PAYMENT TO Bachman Electric INV937,Bachman Electric,REF418107
TXN_1764,2026-08-07,2604.39,DR,PAYMENT TO Buy n Large Corp INV112,Buy n Large Corp,REF326936
TXN_1765,2026-08-11,1111.13,DR,PAYMENT TO Weyland Industries INV837,Weyland Industries,REF443260
TXN_1766,2026-08-16,2848.07,DR,PAYMENT TO Massive Dynamic INV914,Massive Dynamic,REF799425
TXN_1767,2026-08-08,480.6,DR,PAYMENT TO Umbrella Corp INV100,Umbrella Corp,REF994101
TXN_1768,2026-08-01,1586.89,DR,PAYMENT TO Weyland Industries INV846,Weyland Industries,REF695707
TXN_1769,2026-08-04,362.34,DR,PAYMENT TO Los Pollos Dist. INV761,Los Pollos Dist.,REF300053
TXN_1770,2026-08-24,4394.58,DR,PAYMENT TO Cyberdyne Systems INV386,Cyberdyne Systems,REF537766
TXN_1771,2026-08-10,795.01,DR,PAYMENT TO Multi Corp INV919,Multi Corp,REF314607
TXN_1772,2026-08-01,651.68,DR,PAYMENT TO Sterling Cooper INV566,Sterling Cooper,REF707940
TXN_1773,2026-08-23,2859.83,DR,PAYMENT TO Cyberdyne Systems INV848,Cyberdyne Systems,REF825406
TXN_1774,2026-08-01,282.09,DR,PAYMENT TO InGen Biotech INV950,InGen Biotech,REF588323
TXN_1775,2026-08-25,4394.24,DR,PAYMENT TO Massive Dynamic INV836,Massive Dynamic,REF602447
TXN_1776,2026-08-07,1250.61,DR,PAYMENT TO Sirius Cybernetics INV929,Sirius Cybernetics,REF102043
TXN_1777,2026-08-02,4380.25,DR,PAYMENT TO InGen Biotech INV672,InGen Biotech,REF837093
TXN_1778,2026-08-12,533.24,DR,PAYMENT TO Tyrell Systems INV567,Tyrell Systems,REF960581
TXN_1779,2026-08-24,2800.02,DR,PAYMENT TO Dunder Supplies INV428,Dunder Supplies,REF870907
TXN_1780,2026-08-12,2390.67,DR,PAYMENT TO Delos Hospitality INV885,Delos Hospitality,REF406655
TXN_1781,2026-08-14,523.58,DR,"PAYMENT TO ['Nakatomi Trade', 'NAKATOMI', 'Nakatomi Trading Co'] INV240","['Nakatomi Trade', 'NAKATOMI', 'Nakatomi Trading Co']",REF448970
TXN_1782,2026-08-21,2386.12,DR,PAYMENT TO  Freight INV982, Freight,REF813385
TXN_1783,2026-08-21,810.75,DR,PAYMENT TO Wernham Hogg INV653,Wernham Hogg,REF763431
TXN_1784,2026-08-06,4270.38,DR,PAYMENT TO Lestrade & Co INV242,Lestrade & Co,REF955908
TXN_1785,2026-08-23,2042.12,DR,PAYMENT TO Dharma Provisions INV214,Dharma Provisions,REF625738
TXN_1786,2026-08-09,4679.08,DR,PAYMENT TO Pied Piper Tech INV857,Pied Piper Tech,REF337798
TXN_1787,2026-08-11,3686.09,DR,PAYMENT TO Tyrell Systems INV661,Tyrell Systems,REF514146
TXN_1788,2026-08-24,2099.19,DR,PAYMENT TO Umbrella Corp INV331,Umbrella Corp,REF771580
TXN_1789,2026-08-26,4849.47,DR,PAYMENT TO Umbrella Corp INV607,Umbrella Corp,REF251367
TXN_1790,2026-08-23,4755.54,DR,PAYMENT TO Sterling Cooper INV873,Sterling Cooper,REF525847
TXN_1791,2026-08-01,179.48,DR,PAYMENT TO Massive Dynamic INV223,Massive Dynamic,REF317146
TXN_1792,2026-08-15,4759.96,DR,PAYMENT TO InGen Biotech INV466,InGen Biotech,REF793722
TXN_1793,2026-08-13,1937.09,DR,PAYMENT TO Buy n Large Corp INV538,Buy n Large Corp,REF749338
TXN_1794,2026-08-02,2549.97,DR,PAYMENT TO Delos Hospitality INV131,Delos Hospitality,REF368207
TXN_1795,2026-08-23,2976.91,DR,PAYMENT TO Delos Hospitality INV801,Delos Hospitality,REF614125
TXN_1796,2026-08-13,289.49,DR,PAYMENT TO Veridian Dynamics INV877,Veridian Dynamics,REF191046
TXN_1797,2026-08-08,3648.97,DR,PAYMENT TO Umbrella Corp INV565,Umbrella Corp,REF498302
TXN_1798,2026-08-11,1618.09,DR,PAYMENT TO Sirius Cybernetics INV321,Sirius Cybernetics,REF743529
TXN_1799,2026-08-17,2277.71,DR,PAYMENT TO Momcorp Industries INV285,Momcorp Industries,REF585679
TXN_1800,2026-08-21,3649.22,DR,PAYMENT TO Nakatomi Trading INV699,Nakatomi Trading,REF223384
TXN_1801,2026-08-10,4282.42,DR,PAYMENT TO Stark Logistics INV397,Stark Logistics,REF730320
TXN_1802,2026-08-07,2462.52,DR,PAYMENT TO Sterling Cooper INV105,Sterling Cooper,REF506117
TXN_1803,2026-08-26,3303.97,DR,"PAYMENT TO ['Hooli Svc', 'HOOLI', 'Hooli Services Ltd'] INV891","['Hooli Svc', 'HOOLI', 'Hooli Services Ltd']",REF495019
TXN_1804,2026-08-22,2959.49,DR,PAYMENT TO Veridian Dynamics INV334,Veridian Dynamics,REF848502
TXN_1805,2026-08-05,746.8,DR,PAYMENT TO Pawnee Power INV676,Pawnee Power,REF124828
TXN_1806,2026-08-23,2673.36,DR,PAYMENT TO Tyrell Systems INV750,Tyrell Systems,REF669884
TXN_1807,2026-08-14,2830.68,DR,PAYMENT TO InGen Biotech INV168,InGen Biotech,REF168341
TXN_1808,2026-08-17,4604.44,DR,PAYMENT TO Vandelay Trading INV223,Vandelay Trading,REF125280
TXN_1809,2026-08-15,3333.32,DR,PAYMENT TO  Freight INV482, Freight,REF684443
TXN_1810,2026-08-04,2842.37,DR,PAYMENT TO Prestige Worldwide INV307,Prestige Worldwide,REF254546
TXN_1811,2026-08-02,2599.96,DR,PAYMENT TO ACME Corp INV215,ACME Corp,REF650044
TXN_1812,2026-08-26,771.6,DR,PAYMENT TO Sterling Cooper INV981,Sterling Cooper,REF603724
TXN_1813,2026-08-07,3353.78,DR,PAYMENT TO Frobozz Electric INV590,Frobozz Electric,REF324523
TXN_1814,2026-08-22,722.08,DR,PAYMENT TO Momcorp Industries INV248,Momcorp Industries,REF897460
TXN_1815,2026-08-08,3172.01,DR,PAYMENT TO Dharma Provisions INV959,Dharma Provisions,REF756013
TXN_1816,2026-08-02,3786.62,DR,PAYMENT TO Stark Logistics INV991,Stark Logistics,REF436055
TXN_1817,2026-08-01,1043.77,DR,PAYMENT TO Tyrell Systems INV500,Tyrell Systems,REF571679
TXN_1818,2026-08-20,4752.0,DR,PAYMENT TO Momcorp Industries INV516,Momcorp Industries,REF777423
TXN_1819,2026-08-21,870.7,DR,PAYMENT TO Pawnee Power INV633,Pawnee Power,REF401599
TXN_1820,2026-08-14,425.04,DR,PAYMENT TO Initech Solutions INV821,Initech Solutions,REF914793
TXN_1821,2026-08-13,1476.08,DR,PAYMENT TO Wernham Hogg INV410,Wernham Hogg,REF976949
TXN_1822,2026-08-17,2490.16,DR,PAYMENT TO Bachman Electric INV811,Bachman Electric,REF687399
TXN_1823,2026-08-20,3036.78,DR,PAYMENT TO Lestrade & Co INV240,Lestrade & Co,REF592126
TXN_1824,2026-08-17,3120.2,DR,PAYMENT TO Cyberdyne Systems INV357,Cyberdyne Systems,REF759681
TXN_1825,2026-08-08,1633.95,DR,"PAYMENT TO ['Oceanic Freight Ltd', 'OCEANIC', 'Oceanic Frt.'] INV345","['Oceanic Freight Ltd', 'OCEANIC', 'Oceanic Frt.']",REF693509
TXN_1826,2026-08-17,3412.89,DR,PAYMENT TO Rekall Solutions INV370,Rekall Solutions,REF726797
TXN_1827,2026-08-07,3466.81,DR,PAYMENT TO Tyrell Systems INV829,Tyrell Systems,REF669141
TXN_1828,2026-08-06,674.33,DR,PAYMENT TO Massive Dynamic INV753,Massive Dynamic,REF359026
TXN_1829,2026-08-12,1303.61,DR,PAYMENT TO Frobozz Electric INV834,Frobozz Electric,REF383891
TXN_1830,2026-08-15,2733.3,DR,PAYMENT TO Dunder Supplies INV360,Dunder Supplies,REF735420
TXN_1831,2026-08-01,426.08,DR,PAYMENT TO Nakatomi Trading INV606,Nakatomi Trading,REF576851
TXN_1832,2026-08-18,2959.56,DR,PAYMENT TO Rekall Solutions INV623,Rekall Solutions,REF695018
TXN_1833,2026-08-21,4910.31,DR,PAYMENT TO Pawnee Power INV210,Pawnee Power,REF599508
TXN_1834,2026-08-06,702.29,DR,PAYMENT TO Wayne Enterprises INV142,Wayne Enterprises,REF988327
TXN_1835,2026-08-26,569.86,DR,PAYMENT TO InGen Biotech INV309,InGen Biotech,REF141877
TXN_1836,2026-08-19,393.41,DR,PAYMENT TO Soylent Industries INV445,Soylent Industries,REF754688
TXN_1837,2026-08-08,1180.14,DR,PAYMENT TO Pawnee Power INV684,Pawnee Power,REF888242
TXN_1838,2026-08-05,212.47,DR,PAYMENT TO Bachman Electric INV424,Bachman Electric,REF899383
TXN_1839,2026-08-20,185.46,DR,PAYMENT TO Pied Piper Tech INV193,Pied Piper Tech,REF698988
TXN_1840,2026-08-04,1306.35,DR,PAYMENT TO Dharma Provisions INV326,Dharma Provisions,REF353781
TXN_1841,2026-08-09,626.2,DR,PAYMENT TO Sterling Cooper INV787,Sterling Cooper,REF423479
TXN_1842,2026-08-07,1237.69,DR,PAYMENT TO Initech Solutions INV518,Initech Solutions,REF847031
TXN_1843,2026-08-01,2752.2,DR,PAYMENT TO Rekall Solutions INV310,Rekall Solutions,REF806017
TXN_1844,2026-08-01,2545.26,DR,PAYMENT TO Gekko Capital INV497,Gekko Capital,REF978936
TXN_1845,2026-08-23,479.05,DR,PAYMENT TO Weyland Industries INV272,Weyland Industries,REF926351
TXN_1846,2026-08-13,1443.29,DR,PAYMENT TO Massive Dynamic INV336,Massive Dynamic,REF497875
TXN_1847,2026-08-21,3518.15,DR,PAYMENT TO Sirius Cybernetics INV830,Sirius Cybernetics,REF938966
TXN_1848,2026-08-13,200.42,DR,PAYMENT TO InGen Biotech INV841,InGen Biotech,REF566959
TXN_1849,2026-08-03,2243.08,DR,"PAYMENT TO ['Delos Hosp.', 'DELOS', 'Delos Hospitality Inc'] INV334","['Delos Hosp.', 'DELOS', 'Delos Hospitality Inc']",REF382194
TXN_1850,2026-08-06,1173.77,DR,PAYMENT TO Bachman Electric INV760,Bachman Electric,REF642291
TXN_1851,2026-08-12,335.09,DR,PAYMENT TO Prestige Worldwide INV192,Prestige Worldwide,REF841452
TXN_1852,2026-08-03,3115.7,DR,"PAYMENT TO ['Sorin Sys.', 'SORIN', 'Sorin Systems Inc'] INV151","['Sorin Sys.', 'SORIN', 'Sorin Systems Inc']",REF362554
TXN_1853,2026-08-10,794.01,DR,PAYMENT TO InGen Biotech INV385,InGen Biotech,REF295056
TXN_1854,2026-08-03,1235.9,DR,PAYMENT TO Initech Solutions INV735,Initech Solutions,REF154679
TXN_1855,2026-08-16,4715.88,DR,PAYMENT TO Pied Piper Tech INV341,Pied Piper Tech,REF118016
TXN_1856,2026-08-07,3052.91,DR,PAYMENT TO Cyberdyne Systems INV168,Cyberdyne Systems,REF910377
TXN_1857,2026-08-18,3828.22,DR,PAYMENT TO Hooli Services INV256,Hooli Services,REF659580
TXN_1858,2026-08-08,3955.85,DR,PAYMENT TO Oceanic Freight INV975,Oceanic Freight,REF280139
TXN_1859,2026-08-17,4085.2,DR,PAYMENT TO Momcorp Industries INV616,Momcorp Industries,REF159611
TXN_1860,2026-08-05,4248.03,DR,PAYMENT TO Sterling Cooper INV982,Sterling Cooper,REF738550
TXN_1861,2026-08-19,3937.47,DR,PAYMENT TO Multi Corp INV351,Multi Corp,REF577043
TXN_1862,2026-08-21,3069.45,DR,PAYMENT TO Stark Logistics INV168,Stark Logistics,REF495758
TXN_1863,2026-08-26,2500.79,DR,PAYMENT TO Primatech Paper INV663,Primatech Paper,REF667771
TXN_1864,2026-08-12,3953.29,DR,PAYMENT TO Lestrade & Co INV835,Lestrade & Co,REF978316
TXN_1865,2026-08-17,4303.84,DR,PAYMENT TO Vandelay Trading INV924,Vandelay Trading,REF138185
TXN_1866,2026-08-04,3061.54,DR,PAYMENT TO Dharma Provisions INV491,Dharma Provisions,REF494206
TXN_1867,2026-08-07,3776.53,DR,PAYMENT TO Los Pollos Dist. INV545,Los Pollos Dist.,REF912721
TXN_1868,2026-08-21,3989.43,DR,PAYMENT TO Primatech Paper INV350,Primatech Paper,REF249228
TXN_1869,2026-08-16,2056.27,DR,PAYMENT TO Multi Corp INV480,Multi Corp,REF314635
TXN_1870,2026-08-05,4495.49,DR,PAYMENT TO Umbrella Corp INV402,Umbrella Corp,REF492204
TXN_1871,2026-08-03,3031.36,DR,PAYMENT TO Delos Hospitality INV940,Delos Hospitality,REF637459
TXN_1872,2026-08-12,1724.12,DR,"PAYMENT TO ['Buy N Large', 'BUY N LARGE CORP', 'BnL Corp'] INV618","['Buy N Large', 'BUY N LARGE CORP', 'BnL Corp']",REF274006
TXN_1873,2026-08-02,220.95,DR,PAYMENT TO Los Pollos Dist. INV745,Los Pollos Dist.,REF646403
TXN_1874,2026-08-26,3103.34,DR,PAYMENT TO Delos Hospitality INV736,Delos Hospitality,REF442406
TXN_1875,2026-08-25,2488.83,DR,PAYMENT TO Momcorp Industries INV137,Momcorp Industries,REF798687
TXN_1876,2026-08-24,3769.79,DR,PAYMENT TO Momcorp Industries INV168,Momcorp Industries,REF260778
TXN_1877,2026-08-13,1717.75,DR,PAYMENT TO Sirius Cybernetics INV849,Sirius Cybernetics,REF857641
TXN_1878,2026-08-03,3122.68,DR,PAYMENT TO Rekall Solutions INV503,Rekall Solutions,REF330935
TXN_1879,2026-08-07,2150.04,DR,PAYMENT TO Bluth Builders INV527,Bluth Builders,REF938306
TXN_1880,2026-08-05,2191.87,DR,PAYMENT TO Lestrade & Co INV361,Lestrade & Co,REF320846
TXN_1881,2026-08-09,3663.47,DR,PAYMENT TO Cyberdyne Systems INV324,Cyberdyne Systems,REF591055
TXN_1882,2026-08-06,4631.63,DR,PAYMENT TO Veridian Dynamics INV216,Veridian Dynamics,REF183854
TXN_1883,2026-08-09,2927.51,DR,PAYMENT TO Sorin Systems INV933,Sorin Systems,REF878160
TXN_1884,2026-08-22,1466.93,DR,PAYMENT TO Pawnee Power INV896,Pawnee Power,REF357212
TXN_1885,2026-08-09,1707.95,DR,PAYMENT TO Momcorp Industries INV407,Momcorp Industries,REF623107
TXN_1886,2026-08-13,351.3,DR,PAYMENT TO Bachman Electric INV407,Bachman Electric,REF940615
TXN_1887,2026-08-04,4137.94,DR,PAYMENT TO Sorin Systems INV328,Sorin Systems,REF985510
TXN_1888,2026-08-08,2375.3,DR,PAYMENT TO Dunder Supplies INV200,Dunder Supplies,REF831257
TXN_1889,2026-08-14,2876.21,DR,"PAYMENT TO ['Buy N Large', 'BUY N LARGE CORP', 'BnL Corp'] INV183","['Buy N Large', 'BUY N LARGE CORP', 'BnL Corp']",REF354273
TXN_1890,2026-08-02,2234.55,DR,PAYMENT TO InGen Biotech INV257,InGen Biotech,REF534344
TXN_1891,2026-08-04,1609.24,DR,PAYMENT TO Veridian Dynamics INV603,Veridian Dynamics,REF515597
TXN_1892,2026-08-10,1291.86,DR,PAYMENT TO Pied Piper Tech INV444,Pied Piper Tech,REF266924
TXN_1893,2026-08-04,502.26,DR,PAYMENT TO ACME Corp INV253,ACME Corp,REF666619
TXN_1894,2026-08-01,2408.92,DR,PAYMENT TO Stark Logistics INV236,Stark Logistics,REF405579
TXN_1895,2026-08-12,3425.82,DR,PAYMENT TO Delos Hospitality INV782,Delos Hospitality,REF699782
TXN_1896,2026-08-04,290.82,DR,PAYMENT TO Bachman Electric INV184,Bachman Electric,REF141433
TXN_1897,2026-08-16,626.94,DR,PAYMENT TO Bachman Electric INV398,Bachman Electric,REF745330
TXN_1898,2026-08-03,4175.83,DR,PAYMENT TO Massive Dynamic INV241,Massive Dynamic,REF168097
TXN_1899,2026-08-04,2532.44,DR,PAYMENT TO Prestige Worldwide INV805,Prestige Worldwide,REF397477
TXN_1900,2026-08-26,2317.29,DR,PAYMENT TO Momcorp Industries INV413,Momcorp Industries,REF407917
TXN_1901,2026-08-26,4924.53,DR,PAYMENT TO Buy n Large Corp INV782,Buy n Large Corp,REF442475
TXN_1902,2026-08-02,489.32,DR,PAYMENT TO Bachman Electric INV996,Bachman Electric,REF223436
TXN_1903,2026-08-24,459.87,DR,PAYMENT TO Wernham Hogg INV804,Wernham Hogg,REF435492
TXN_1904,2026-08-04,4656.38,DR,PAYMENT TO Sorin Systems INV846,Sorin Systems,REF716217
TXN_1905,2026-08-12,867.0,DR,PAYMENT TO Bluth Builders INV453,Bluth Builders,REF169264
TXN_1906,2026-08-16,2371.17,DR,PAYMENT TO Primatech Paper INV902,Primatech Paper,REF843588
TXN_1907,2026-08-15,751.23,DR,PAYMENT TO Oceanic Freight INV863,Oceanic Freight,REF841746
TXN_1908,2026-08-26,904.48,DR,PAYMENT TO Nakatomi Trading INV525,Nakatomi Trading,REF197744
TXN_1909,2026-08-05,1276.11,DR,PAYMENT TO Pawnee Power INV607,Pawnee Power,REF391359
TXN_1910,2026-08-24,984.51,DR,PAYMENT TO Stark Logistics INV889,Stark Logistics,REF109673
TXN_1911,2026-08-01,612.53,DR,PAYMENT TO Momcorp Industries INV306,Momcorp Industries,REF321314
TXN_1912,2026-08-13,4458.97,DR,PAYMENT TO Bachman Electric INV727,Bachman Electric,REF741963
TXN_1913,2026-08-10,2740.08,DR,"PAYMENT TO ['Multi Corporation', 'MULTI CORP', 'MultiCorp'] INV145","['Multi Corporation', 'MULTI CORP', 'MultiCorp']",REF398304
TXN_1914,2026-08-14,4652.34,DR,PAYMENT TO Pawnee Power INV685,Pawnee Power,REF342163
TXN_1915,2026-08-19,1192.21,DR,PAYMENT TO Nakatomi Trading INV407,Nakatomi Trading,REF783728
TXN_1916,2026-08-08,3375.32,DR,PAYMENT TO Bachman Electric INV360,Bachman Electric,REF513990
TXN_1917,2026-08-08,4764.84,DR,PAYMENT TO Sirius Cybernetics INV344,Sirius Cybernetics,REF516263
TXN_1918,2026-08-18,4090.68,DR,PAYMENT TO  Freight INV526, Freight,REF117137
TXN_1919,2026-08-19,1145.73,DR,PAYMENT TO Sorin Systems INV394,Sorin Systems,REF917548
TXN_1920,2026-08-06,2770.81,DR,PAYMENT TO Bluth Builders INV114,Bluth Builders,REF818362
TXN_1921,2026-08-01,587.35,DR,PAYMENT TO Nakatomi Trading INV273,Nakatomi Trading,REF789393
TXN_1922,2026-08-14,1100.06,DR,PAYMENT TO Pied Piper Tech INV470,Pied Piper Tech,REF202345
TXN_1923,2026-08-10,1616.51,DR,PAYMENT TO  Freight INV808, Freight,REF675333
TXN_1924,2026-08-01,4772.57,DR,PAYMENT TO Cyberdyne Systems INV897,Cyberdyne Systems,REF907759
TXN_1925,2026-08-09,4829.2,DR,PAYMENT TO Soylent Industries INV883,Soylent Industries,REF573213
TXN_1926,2026-08-04,2458.09,DR,PAYMENT TO Gekko Capital INV384,Gekko Capital,REF923653
TXN_1927,2026-08-13,4052.35,DR,PAYMENT TO  Freight INV356, Freight,REF860548
TXN_1928,2026-08-06,814.48,DR,PAYMENT TO Pied Piper Tech INV634,Pied Piper Tech,REF954817
TXN_1929,2026-08-01,1766.89,DR,PAYMENT TO Weyland Industries INV911,Weyland Industries,REF893516
TXN_1930,2026-08-06,1031.7,DR,PAYMENT TO Frobozz Electric INV892,Frobozz Electric,REF714837
TXN_1931,2026-08-18,3877.11,DR,PAYMENT TO Weyland Industries INV429,Weyland Industries,REF773738
TXN_1932,2026-08-07,118.24,DR,PAYMENT TO Delos Hospitality INV117,Delos Hospitality,REF796862
TXN_1933,2026-08-21,1759.76,DR,PAYMENT TO ACME Corp INV422,ACME Corp,REF585995
TXN_1934,2026-08-16,2522.29,DR,PAYMENT TO Sorin Systems INV843,Sorin Systems,REF898578
TXN_1935,2026-08-08,1629.09,DR,PAYMENT TO InGen Biotech INV400,InGen Biotech,REF140830
TXN_1936,2026-08-02,4701.34,DR,PAYMENT TO Vandelay Trading INV812,Vandelay Trading,REF370827
TXN_1937,2026-08-05,1475.27,DR,PAYMENT TO Dharma Provisions INV176,Dharma Provisions,REF656754
TXN_1938,2026-08-14,211.39,DR,PAYMENT TO Massive Dynamic INV435,Massive Dynamic,REF293751
TXN_1939,2026-08-04,566.27,DR,PAYMENT TO Nakatomi Trading INV886,Nakatomi Trading,REF449999
TXN_1940,2026-08-19,4021.82,DR,PAYMENT TO Prestige Worldwide INV150,Prestige Worldwide,REF389946
TXN_1941,2026-08-19,4364.47,DR,PAYMENT TO  Freight INV404, Freight,REF679198
TXN_1942,2026-08-10,4602.31,DR,PAYMENT TO Dharma Provisions INV195,Dharma Provisions,REF789855
TXN_1943,2026-08-04,4750.02,DR,PAYMENT TO Bachman Electric INV104,Bachman Electric,REF212018
TXN_1944,2026-08-02,2399.19,DR,PAYMENT TO Tyrell Systems INV515,Tyrell Systems,REF668290
TXN_1945,2026-08-11,925.06,DR,PAYMENT TO Lestrade & Co INV817,Lestrade & Co,REF208919
TXN_1946,2026-08-24,3569.99,DR,PAYMENT TO Pied Piper Tech INV855,Pied Piper Tech,REF962113
TXN_1947,2026-08-17,1269.07,DR,PAYMENT TO Dharma Provisions INV105,Dharma Provisions,REF814511
TXN_1948,2026-08-18,1265.77,DR,PAYMENT TO InGen Biotech INV316,InGen Biotech,REF743047
TXN_1949,2026-08-05,2082.15,DR,PAYMENT TO Bachman Electric INV521,Bachman Electric,REF706424
TXN_1950,2026-08-09,3276.85,DR,"PAYMENT TO ['Veridian Dyn.', 'VERIDIAN', 'Veridian Dynamics LLC'] INV101","['Veridian Dyn.', 'VERIDIAN', 'Veridian Dynamics LLC']",REF220178
TXN_1951,2026-08-19,1003.35,DR,PAYMENT TO Bachman Electric INV222,Bachman Electric,REF803619
TXN_1952,2026-08-24,328.16,DR,PAYMENT TO Cyberdyne Systems INV800,Cyberdyne Systems,REF513892
TXN_1953,2026-08-19,113.81,DR,PAYMENT TO Los Pollos Dist. INV834,Los Pollos Dist.,REF216155
TXN_1954,2026-08-01,2125.44,DR,PAYMENT TO Wernham Hogg INV311,Wernham Hogg,REF568791
TXN_1955,2026-08-14,1955.75,DR,"PAYMENT TO ['Omni Consumer Prod.', 'OMNI', 'OCP Industries'] INV796","['Omni Consumer Prod.', 'OMNI', 'OCP Industries']",REF388426
TXN_1956,2026-08-13,1830.57,DR,PAYMENT TO Sterling Cooper INV601,Sterling Cooper,REF612662
TXN_1957,2026-08-14,339.77,DR,PAYMENT TO ACME Corp INV543,ACME Corp,REF586101
TXN_1958,2026-08-10,1098.82,DR,PAYMENT TO Soylent Industries INV394,Soylent Industries,REF247532
TXN_1959,2026-08-16,3949.91,DR,PAYMENT TO Omni Consumer INV166,Omni Consumer,REF714973
TXN_1960,2026-08-07,3473.31,DR,PAYMENT TO Rekall Solutions INV959,Rekall Solutions,REF599997
TXN_1961,2026-08-09,886.25,DR,PAYMENT TO Prestige Worldwide INV548,Prestige Worldwide,REF239970
TXN_1962,2026-08-08,4933.82,DR,PAYMENT TO Sorin Systems INV621,Sorin Systems,REF773068
TXN_1963,2026-08-04,1411.61,DR,PAYMENT TO Tyrell Systems INV634,Tyrell Systems,REF367188
TXN_1964,2026-08-01,408.54,DR,PAYMENT TO Umbrella Corp INV347,Umbrella Corp,REF396551
TXN_1965,2026-08-17,116.52,DR,PAYMENT TO Globex Inc INV435,Globex Inc,REF905823
TXN_1966,2026-08-01,2456.99,DR,PAYMENT TO Hooli Services INV211,Hooli Services,REF868206
TXN_1967,2026-08-19,1077.39,DR,PAYMENT TO Primatech Paper INV785,Primatech Paper,REF982806
TXN_1968,2026-08-19,2863.71,DR,PAYMENT TO Umbrella Corp INV489,Umbrella Corp,REF594775
TXN_1969,2026-08-11,1848.72,DR,PAYMENT TO Sterling Cooper INV645,Sterling Cooper,REF449625
TXN_1970,2026-08-04,2869.28,DR,"PAYMENT TO ['Vandelay Trade', 'VANDELAY', 'Vandelay Trading Co.'] INV336","['Vandelay Trade', 'VANDELAY', 'Vandelay Trading Co.']",REF530687
TXN_1971,2026-08-07,2388.71,DR,PAYMENT TO  Freight INV856, Freight,REF176130
TXN_1972,2026-08-08,3716.32,DR,PAYMENT TO Los Pollos Dist. INV479,Los Pollos Dist.,REF201561
TXN_1973,2026-08-09,3250.79,DR,PAYMENT TO Sirius Cybernetics INV314,Sirius Cybernetics,REF198023
TXN_1974,2026-08-26,1326.55,DR,PAYMENT TO Pawnee Power INV649,Pawnee Power,REF882675
TXN_1975,2026-08-23,1457.7,DR,PAYMENT TO Pied Piper Tech INV773,Pied Piper Tech,REF894114
TXN_1976,2026-08-26,2117.86,DR,PAYMENT TO Wernham Hogg INV202,Wernham Hogg,REF193019
TXN_1977,2026-08-14,3512.26,DR,PAYMENT TO Delos Hospitality INV871,Delos Hospitality,REF574329
TXN_1978,2026-08-21,2901.35,DR,PAYMENT TO Rekall Solutions INV297,Rekall Solutions,REF280426
TXN_1979,2026-08-08,3713.63,DR,PAYMENT TO Hooli Services INV300,Hooli Services,REF967463
TXN_1980,2026-08-02,3342.14,DR,PAYMENT TO Prestige Worldwide INV733,Prestige Worldwide,REF241049
TXN_1981,2026-08-22,2215.93,DR,PAYMENT TO Cyberdyne Systems INV953,Cyberdyne Systems,REF266795
TXN_1982,2026-08-02,2711.85,DR,PAYMENT TO Dharma Provisions INV211,Dharma Provisions,REF188947
TXN_1983,2026-08-07,458.74,DR,PAYMENT TO Dharma Provisions INV211,Dharma Provisions,REF555730
TXN_1984,2026-08-23,2819.49,DR,PAYMENT TO Omni Consumer INV705,Omni Consumer,REF714067
TXN_1985,2026-08-15,871.25,DR,PAYMENT TO Pawnee Power INV645,Pawnee Power,REF792601
TXN_1986,2026-08-20,4199.78,DR,PAYMENT TO Sirius Cybernetics INV385,Sirius Cybernetics,REF431067
TXN_1987,2026-08-13,1548.12,DR,PAYMENT TO  Freight INV576, Freight,REF195446
TXN_1988,2026-08-04,4003.35,DR,PAYMENT TO Vandelay Trading INV155,Vandelay Trading,REF340897
TXN_1989,2026-08-13,4555.73,DR,PAYMENT TO Bachman Electric INV829,Bachman Electric,REF873442
TXN_1990,2026-08-02,2637.98,DR,PAYMENT TO  Freight INV996, Freight,REF343060
TXN_1991,2026-08-08,4549.21,DR,PAYMENT TO Momcorp Industries INV978,Momcorp Industries,REF736382
TXN_1992,2026-08-18,509.48,DR,PAYMENT TO Omni Consumer INV650,Omni Consumer,REF198080
TXN_1993,2026-08-02,2195.83,DR,PAYMENT TO Los Pollos Dist. INV243,Los Pollos Dist.,REF941870
TXN_1994,2026-08-23,3217.62,DR,PAYMENT TO Omni Consumer INV251,Omni Consumer,REF755192
TXN_1995,2026-08-15,906.71,DR,PAYMENT TO Rekall Solutions INV967,Rekall Solutions,REF454084
TXN_1996,2026-08-26,3643.14,DR,PAYMENT TO Initech Solutions INV430,Initech Solutions,REF272935
TXN_1997,2026-08-26,3221.49,DR,PAYMENT TO Initech Solutions INV184,Initech Solutions,REF821374
TXN_1998,2026-08-21,1920.54,DR,PAYMENT TO Pawnee Power INV126,Pawnee Power,REF854162
TXN_1999,2026-08-22,664.27,DR,PAYMENT TO Momcorp Industries INV761,Momcorp Industries,REF403942
TXN_2000,2026-08-09,880.44,DR,PAYMENT TO  Freight INV932, Freight,REF255130
