entry_id,date,amount,account_code,memo,vendor_id,journal_ref,created_by
GL_001,2026-08-08,2157.15,ACC_5010,Booking for Gekko Capital,VEND_40,JRN-9555,johnsonjoshua
GL_002,2026-08-19,1285.5,ACC_6010,Booking for Dunder Supplies,VEND_10,JRN-3378,donaldgarcia
GL_003,2026-08-06,3355.42,ACC_8010,Booking for Initech Solutions,VEND_06,JRN-6999,garzaanthony
GL_004,2026-08-16,313.32,ACC_8020,Booking for Weyland Industries,VEND_25,JRN-7293,robinsonwilliam
GL_005,2026-08-08,3691.41,ACC_8010,Booking for Umbrella Corp,VEND_07,JRN-5066,hoffmanjennifer
GL_006,2026-08-12,2775.47,ACC_5020,Booking for Hooli Services,VEND_12,JRN-6412,lrobinson
GL_007,2026-08-03,3608.62,ACC_8010,Booking for Multi Corp,VEND_30,JRN-2686,lisa02
GL_008,2026-08-10,2625.38,ACC_6020,Booking for  Freight,VEND_35,JRN-1348,jpeterson
GL_009,2026-08-25,334.24,ACC_8020,Booking for Wernham Hogg,VEND_22,JRN-6072,susanrogers
GL_010,2026-08-14,4458.48,ACC_8010,Booking for Sirius Cybernetics,VEND_29,JRN-4185,jamesmichael
GL_011,2026-08-16,3489.36,ACC_5010,Booking for Tyrell Systems,VEND_24,JRN-4030,cassandra07
GL_012,2026-08-14,3052.02,ACC_5020,Booking for Hooli Services,VEND_12,JRN-5823,dudleynicholas
GL_013,2026-08-10,2284.99,ACC_5020,Booking for InGen Biotech,VEND_28,JRN-8043,maria95
GL_014,2026-08-20,4990.94,ACC_7020,Booking for Rekall Solutions,VEND_18,JRN-1897,janetwilliams
GL_015,2026-08-03,3388.8,ACC_7020,Booking for Primatech Paper,VEND_26,JRN-1376,kendragalloway
GL_016,2026-08-22,883.93,ACC_8010,Booking for Globex Inc,VEND_02,JRN-8749,michellejames
GL_017,2026-08-04,1256.38,ACC_6020,Booking for Tyrell Systems,VEND_24,JRN-2928,xreid
GL_019,2026-08-12,2050.37,ACC_7020,Booking for Rekall Solutions,VEND_18,JRN-7843,mitchellclark
GL_020,2026-08-13,4576.36,ACC_5010,Booking for Soylent Industries,VEND_08,JRN-8241,jacqueline19
GL_021,2026-08-23,4590.75,ACC_5020,Booking for Veridian Dynamics,VEND_32,JRN-4537,amandasanchez
GL_022,2026-08-23,2281.04,ACC_6020,Booking for Initech Solutions,VEND_06,JRN-4737,ogray
GL_023,2026-08-11,3372.41,ACC_8010,Booking for Cyberdyne Systems,VEND_05,JRN-4610,gabriellecameron
GL_024,2026-08-26,1871.31,ACC_6010,Booking for Prestige Worldwide,VEND_15,JRN-6927,perezantonio
GL_025,2026-08-08,3972.83,ACC_5020,Booking for Globex Inc,VEND_02,JRN-9523,richard13
GL_026,2026-08-03,1615.52,ACC_5020,Booking for Frobozz Electric,VEND_31,JRN-1286,jason76
GL_027,2026-08-19,463.04,ACC_6020,Booking for Oceanic Freight,VEND_21,JRN-7676,ithomas
GL_028,2026-08-25,2801.39,ACC_8020,Booking for Bachman Electric,VEND_38,JRN-2930,julieryan
GL_029,2026-08-14,2564.03,ACC_5020,Booking for Wayne Enterprises,VEND_04,JRN-8113,zhurst
GL_030,2026-08-11,4680.22,ACC_6020,Booking for Prestige Worldwide,VEND_15,JRN-1490,jeffrey28
GL_031,2026-08-03,1327.97,ACC_7020,Booking for Sorin Systems,VEND_36,JRN-3412,ddavis
GL_033,2026-08-01,497.99,ACC_8010,Booking for Lestrade & Co,VEND_37,JRN-6877,hernandezernest
GL_034,2026-08-16,4456.08,ACC_8010,Booking for  Freight,VEND_35,JRN-3402,ycarlson
GL_035,2026-08-16,1301.23,ACC_5010,Booking for Primatech Paper,VEND_26,JRN-7265,dcarlson
GL_036,2026-08-14,2472.83,ACC_8010,Booking for Los Pollos Dist.,VEND_14,JRN-7198,tasha01
GL_037,2026-08-05,3827.26,ACC_6020,Booking for Momcorp Industries,VEND_33,JRN-7667,kayla51
GL_038,2026-08-15,1314.8,ACC_8010,Booking for Umbrella Corp,VEND_07,JRN-2192,ryan70
GL_039,2026-08-20,2148.86,ACC_5020,Booking for Pied Piper Tech,VEND_11,JRN-1244,teresa28
GL_040,2026-08-24,1632.3,ACC_7020,Booking for Pied Piper Tech,VEND_11,JRN-8895,harrellkenneth
GL_041,2026-08-03,4731.85,ACC_5020,Booking for Momcorp Industries,VEND_33,JRN-4117,ericfarmer
GL_042,2026-08-12,2524.98,ACC_8010,Booking for Frobozz Electric,VEND_31,JRN-6518,georgetracy
GL_043,2026-08-09,3664.79,ACC_5010,Booking for Primatech Paper,VEND_26,JRN-5127,hickmannatasha
GL_044,2026-08-18,1514.15,ACC_8020,Booking for Weyland Industries,VEND_25,JRN-4146,john39
GL_045,2026-08-09,4144.03,ACC_6020,Booking for Gekko Capital,VEND_40,JRN-7531,millertodd
GL_046,2026-08-26,4934.77,ACC_6020,Booking for Sorin Systems,VEND_36,JRN-9339,spenceamanda
GL_047,2026-08-02,323.25,ACC_5020,Booking for Vandelay Trading,VEND_09,JRN-1482,davidalvarez
GL_048,2026-08-18,2339.24,ACC_7020,Booking for Pawnee Power,VEND_39,JRN-4665,josephbrennan
GL_049,2026-08-13,4954.0,ACC_8010,Booking for Buy n Large Corp,VEND_20,JRN-8114,ibrandt
GL_051,2026-08-20,2425.49,ACC_8010,Booking for Bachman Electric,VEND_38,JRN-7400,jenniferross
GL_052,2026-08-17,3182.22,ACC_7020,Booking for Gekko Capital,VEND_40,JRN-2025,samuel87
GL_053,2026-08-07,192.79,ACC_6010,Booking for Oceanic Freight,VEND_21,JRN-2913,wrightcaleb
GL_054,2026-08-25,3096.24,ACC_7020,Booking for Frobozz Electric,VEND_31,JRN-9255,chapmanjerry
GL_055,2026-08-07,2848.35,ACC_5020,Booking for Frobozz Electric,VEND_31,JRN-2229,adrianzimmerman
GL_056,2026-08-11,2775.4,ACC_8010,Booking for Nakatomi Trading,VEND_17,JRN-6486,perezrebecca
GL_057,2026-08-08,4713.28,ACC_5010,Booking for Buy n Large Corp,VEND_20,JRN-1785,chad34
GL_058,2026-08-12,2846.39,ACC_5010,Booking for Rekall Solutions,VEND_18,JRN-7147,ilewis
GL_059,2026-08-12,4777.58,ACC_8010,Booking for Dunder Supplies,VEND_10,JRN-1917,esanchez
GL_060,2026-08-21,1356.58,ACC_7020,Booking for Frobozz Electric,VEND_31,JRN-5575,glee
GL_061,2026-08-09,4671.82,ACC_5010,Booking for Rekall Solutions,VEND_18,JRN-5801,agomez
GL_062,2026-08-02,3382.19,ACC_8010,Booking for Omni Consumer,VEND_34,JRN-2198,dshields
GL_063,2026-08-23,2414.78,ACC_8020,Booking for Vandelay Trading,VEND_09,JRN-6265,brownjessica
GL_064,2026-08-06,2093.85,ACC_5010,Booking for Frobozz Electric,VEND_31,JRN-8424,wrightjames
GL_065,2026-08-21,389.9,ACC_8010,Booking for Initech Solutions,VEND_06,JRN-3903,ltaylor
GL_066,2026-08-06,4676.22,ACC_8010,Booking for Stark Logistics,VEND_03,JRN-4209,steven17
GL_067,2026-08-06,4689.38,ACC_8010,Booking for Massive Dynamic,VEND_19,JRN-8263,williamsyvette
GL_068,2026-08-12,2326.31,ACC_8020,Booking for  Freight,VEND_35,JRN-3353,novaksara
GL_069,2026-08-05,4270.19,ACC_5010,Booking for Multi Corp,VEND_30,JRN-7035,gabrieltucker
GL_070,2026-08-11,896.22,ACC_5020,Booking for Multi Corp,VEND_30,JRN-5584,michellebarrera
GL_071,2026-08-19,3404.57,ACC_6020,Booking for Bluth Builders,VEND_13,JRN-1275,nicholasgalloway
GL_072,2026-08-13,4152.25,ACC_7020,Booking for Momcorp Industries,VEND_33,JRN-8219,sara74
GL_074,2026-08-10,2954.06,ACC_7020,Booking for Lestrade & Co,VEND_37,JRN-5612,uhorton
GL_075,2026-08-17,1603.35,ACC_5020,Booking for Primatech Paper,VEND_26,JRN-1953,smoore
GL_076,2026-08-23,3872.22,ACC_7020,Booking for Soylent Industries,VEND_08,JRN-3289,tanyariley
GL_077,2026-08-16,850.61,ACC_8020,Booking for Pawnee Power,VEND_39,JRN-7606,adkinsbrian
GL_078,2026-08-22,3798.22,ACC_7020,Booking for Initech Solutions,VEND_06,JRN-3130,hshaw
GL_079,2026-08-02,4160.99,ACC_8010,Booking for Momcorp Industries,VEND_33,JRN-3247,brianromero
GL_080,2026-08-15,669.58,ACC_6010,Booking for Los Pollos Dist.,VEND_14,JRN-1318,caseyjones
GL_081,2026-08-15,746.53,ACC_8010,Booking for Dharma Provisions,VEND_27,JRN-2508,richarddavid
GL_082,2026-08-13,1346.84,ACC_8010,Booking for ACME Corp,VEND_01,JRN-9062,bethwilliams
GL_083,2026-08-23,412.42,ACC_8010,Booking for Wayne Enterprises,VEND_04,JRN-7299,barnesbrandy
GL_084,2026-08-25,3243.47,ACC_5010,Booking for Dharma Provisions,VEND_27,JRN-3637,sarah35
GL_085,2026-08-22,4824.31,ACC_8010,Booking for  Freight,VEND_35,JRN-2094,josephanderson
GL_086,2026-08-04,974.52,ACC_6010,Booking for  Freight,VEND_35,JRN-1372,stephen10
GL_087,2026-08-10,2368.72,ACC_7020,Booking for  Freight,VEND_35,JRN-9584,khowell
GL_088,2026-08-12,860.09,ACC_8020,Booking for Bluth Builders,VEND_13,JRN-9741,jonesjason
GL_089,2026-08-02,4066.44,ACC_6020,Booking for Dharma Provisions,VEND_27,JRN-2100,david51
GL_090,2026-08-02,1279.26,ACC_5020,Booking for Cyberdyne Systems,VEND_05,JRN-4320,mikemoore
GL_091,2026-08-26,316.76,ACC_6010,Booking for Sirius Cybernetics,VEND_29,JRN-2461,cheryl80
GL_092,2026-08-10,1247.39,ACC_5020,Booking for Lestrade & Co,VEND_37,JRN-6147,sarah12
GL_093,2026-08-05,4929.91,ACC_6020,Booking for Omni Consumer,VEND_34,JRN-3805,darrell18
GL_094,2026-08-18,2528.54,ACC_5020,Booking for Delos Hospitality,VEND_23,JRN-6648,josephjacobs
GL_095,2026-08-14,831.17,ACC_6020,Booking for Weyland Industries,VEND_25,JRN-2781,james48
GL_096,2026-08-23,807.32,ACC_6020,Booking for Multi Corp,VEND_30,JRN-9924,dking
GL_097,2026-08-08,1349.48,ACC_5010,Booking for Wernham Hogg,VEND_22,JRN-8606,waltersmaria
GL_098,2026-08-12,553.07,ACC_5010,Booking for Bluth Builders,VEND_13,JRN-4357,smithkellie
GL_099,2026-08-07,4041.43,ACC_5010,Booking for Bachman Electric,VEND_38,JRN-3676,evan78
GL_100,2026-08-10,4789.4,ACC_5010,Booking for ACME Corp,VEND_01,JRN-7223,hhoffman
GL_101,2026-08-05,3759.71,ACC_5020,Booking for Frobozz Electric,VEND_31,JRN-7912,landryhannah
GL_102,2026-08-18,1675.91,ACC_5020,Booking for Massive Dynamic,VEND_19,JRN-9409,amydavenport
GL_103,2026-08-12,2613.07,ACC_7020,Booking for Veridian Dynamics,VEND_32,JRN-9947,russellwilliams
GL_104,2026-08-24,2400.5,ACC_8010,Booking for Oceanic Freight,VEND_21,JRN-6651,rachel05
GL_105,2026-08-01,1377.79,ACC_6020,Booking for Bachman Electric,VEND_38,JRN-2986,evelynestrada
GL_106,2026-08-08,1961.21,ACC_5020,Booking for Sterling Cooper,VEND_16,JRN-4575,kimberly69
GL_107,2026-08-24,3244.3,ACC_7020,Booking for Veridian Dynamics,VEND_32,JRN-2217,sarayoung
GL_109,2026-08-17,265.74,ACC_6020,Booking for Cyberdyne Systems,VEND_05,JRN-6031,theresacochran
GL_110,2026-08-21,1234.02,ACC_6010,Booking for Dunder Supplies,VEND_10,JRN-1805,vjohnson
GL_111,2026-08-22,2490.49,ACC_8020,Booking for ACME Corp,VEND_01,JRN-3763,kimberly63
GL_112,2026-08-10,184.0,ACC_8020,Booking for InGen Biotech,VEND_28,JRN-6292,erik16
GL_113,2026-08-07,3136.93,ACC_5010,Booking for Nakatomi Trading,VEND_17,JRN-3307,garrisonjeffrey
GL_114,2026-08-13,2349.09,ACC_7020,Booking for Sterling Cooper,VEND_16,JRN-5817,ybailey
GL_115,2026-08-13,1956.44,ACC_5010,Booking for Sorin Systems,VEND_36,JRN-8064,jeffreykeller
GL_116,2026-08-14,3260.05,ACC_6020,Booking for Wernham Hogg,VEND_22,JRN-5665,emurphy
GL_117,2026-08-17,4603.85,ACC_5010,Booking for Prestige Worldwide,VEND_15,JRN-4874,michael86
GL_118,2026-08-16,1428.37,ACC_6020,Booking for Cyberdyne Systems,VEND_05,JRN-4356,sheila14
GL_119,2026-08-19,3324.74,ACC_6020,Booking for Hooli Services,VEND_12,JRN-2664,beverlyterrell
GL_120,2026-08-03,1566.46,ACC_6020,Booking for Lestrade & Co,VEND_37,JRN-8707,rodriguezryan
GL_121,2026-08-13,3417.47,ACC_8010,Booking for  Freight,VEND_35,JRN-2774,samuel81
GL_122,2026-08-05,3971.63,ACC_7020,Booking for Initech Solutions,VEND_06,JRN-9411,mlam
GL_123,2026-08-02,578.66,ACC_5020,Booking for Prestige Worldwide,VEND_15,JRN-4058,bradley60
GL_124,2026-08-01,3207.2,ACC_5010,Booking for Sirius Cybernetics,VEND_29,JRN-1229,michaeljones
GL_125,2026-08-22,2970.79,ACC_5020,Booking for Weyland Industries,VEND_25,JRN-2511,cindy14
GL_126,2026-08-09,855.68,ACC_6020,Booking for Dunder Supplies,VEND_10,JRN-9785,elizabeth56
GL_127,2026-08-10,2279.21,ACC_5020,Booking for Rekall Solutions,VEND_18,JRN-2676,angela36
GL_128,2026-08-14,606.14,ACC_8020,Booking for Initech Solutions,VEND_06,JRN-4168,lbyrd
GL_130,2026-08-06,3458.05,ACC_6020,Booking for Pied Piper Tech,VEND_11,JRN-9510,richard04
GL_131,2026-08-06,2229.91,ACC_7020,Booking for Dharma Provisions,VEND_27,JRN-3811,jason99
GL_132,2026-08-12,1333.33,ACC_7020,Booking for Sterling Cooper,VEND_16,JRN-9947,steven73
GL_133,2026-08-04,765.37,ACC_6020,Booking for ACME Corp,VEND_01,JRN-8175,yleon
GL_134,2026-08-13,4039.97,ACC_5020,Booking for Wernham Hogg,VEND_22,JRN-7979,donnacampbell
GL_135,2026-08-11,3055.74,ACC_5020,Booking for Bluth Builders,VEND_13,JRN-9836,clarence34
GL_136,2026-08-24,3503.54,ACC_8010,Booking for Veridian Dynamics,VEND_32,JRN-3903,lindsayhernandez
GL_137,2026-08-12,658.05,ACC_8010,Booking for Lestrade & Co,VEND_37,JRN-6217,sanchezthomas
GL_138,2026-08-06,3440.39,ACC_7020,Booking for Sorin Systems,VEND_36,JRN-1477,gibsonolivia
GL_139,2026-08-23,438.88,ACC_6020,Booking for Dharma Provisions,VEND_27,JRN-4750,jennifercruz
GL_140,2026-08-22,855.3,ACC_8010,Booking for InGen Biotech,VEND_28,JRN-8366,psanchez
GL_141,2026-08-18,2582.4,ACC_8020,Booking for Dharma Provisions,VEND_27,JRN-1375,staffordmichelle
GL_142,2026-08-12,3538.01,ACC_7020,Booking for  Freight,VEND_35,JRN-9922,osbornejeffery
GL_143,2026-08-04,3867.87,ACC_7020,Booking for Delos Hospitality,VEND_23,JRN-7599,pwilliams
GL_144,2026-08-27,2209.23,ACC_7020,Booking for ACME Corp,VEND_01,JRN-8836,bryantlaurie
GL_145,2026-08-12,2016.56,ACC_8020,Booking for Bachman Electric,VEND_38,JRN-2000,stephanie79
GL_146,2026-08-10,2138.28,ACC_7020,Booking for Initech Solutions,VEND_06,JRN-9134,jrivas
GL_148,2026-08-04,2247.01,ACC_5020,Booking for Sirius Cybernetics,VEND_29,JRN-7636,vmerritt
GL_149,2026-08-21,635.88,ACC_8010,Booking for Pied Piper Tech,VEND_11,JRN-3400,wcole
GL_150,2026-08-18,2189.21,ACC_5010,Booking for Multi Corp,VEND_30,JRN-6981,maryramirez
GL_151,2026-08-13,243.04,ACC_5020,Booking for Gekko Capital,VEND_40,JRN-7162,rsims
GL_152,2026-08-07,1463.89,ACC_7020,Booking for Cyberdyne Systems,VEND_05,JRN-3353,sjones
GL_153,2026-08-18,1016.1,ACC_5010,Booking for Oceanic Freight,VEND_21,JRN-3800,josephflores
GL_154,2026-08-20,2023.47,ACC_5020,Booking for Soylent Industries,VEND_08,JRN-4668,taylorjesse
GL_155,2026-08-20,945.38,ACC_8020,Booking for Buy n Large Corp,VEND_20,JRN-6722,jasminebrown
GL_156,2026-08-08,1596.36,ACC_6010,Booking for Hooli Services,VEND_12,JRN-3608,drivera
GL_157,2026-08-19,1980.18,ACC_5010,Booking for Hooli Services,VEND_12,JRN-7444,abrown
GL_158,2026-08-10,787.45,ACC_8020,Booking for Oceanic Freight,VEND_21,JRN-6997,lstein
GL_159,2026-08-05,1056.13,ACC_5010,Booking for Weyland Industries,VEND_25,JRN-6489,gateskathy
GL_160,2026-08-23,4217.34,ACC_6020,Booking for Veridian Dynamics,VEND_32,JRN-7634,wwoods
GL_161,2026-08-09,1201.73,ACC_7020,Booking for Massive Dynamic,VEND_19,JRN-3463,karen68
GL_162,2026-08-09,3898.05,ACC_5010,Booking for Tyrell Systems,VEND_24,JRN-9566,tracynelson
GL_163,2026-08-25,3623.0,ACC_5020,Booking for  Freight,VEND_35,JRN-2191,vjohnson
GL_164,2026-08-15,1387.79,ACC_7020,Booking for Initech Solutions,VEND_06,JRN-3273,dramsey
GL_165,2026-08-08,1129.54,ACC_6020,Booking for Bachman Electric,VEND_38,JRN-1646,tinaferguson
GL_166,2026-08-22,3200.58,ACC_5020,Booking for Pied Piper Tech,VEND_11,JRN-8044,qvargas
GL_167,2026-08-09,4046.66,ACC_8010,Booking for Lestrade & Co,VEND_37,JRN-1264,millerroy
GL_168,2026-08-23,1533.91,ACC_5020,Booking for Lestrade & Co,VEND_37,JRN-3078,qwhite
GL_169,2026-08-02,4963.18,ACC_5010,Booking for Vandelay Trading,VEND_09,JRN-6421,dmurphy
GL_170,2026-08-16,796.64,ACC_5010,Booking for Rekall Solutions,VEND_18,JRN-4765,matthew64
GL_171,2026-08-17,3774.03,ACC_8010,Booking for Tyrell Systems,VEND_24,JRN-8096,fking
GL_172,2026-08-21,3355.32,ACC_6020,Booking for Delos Hospitality,VEND_23,JRN-3129,ismith
GL_173,2026-08-13,1169.14,ACC_6010,Booking for InGen Biotech,VEND_28,JRN-9391,cookemichael
GL_174,2026-08-18,2930.57,ACC_6020,Booking for Lestrade & Co,VEND_37,JRN-6681,harringtondenise
GL_175,2026-08-22,3836.3,ACC_8010,Booking for Stark Logistics,VEND_03,JRN-8501,herringjames
GL_176,2026-08-15,179.78,ACC_6010,Booking for Pied Piper Tech,VEND_11,JRN-8231,howelljohn
GL_177,2026-08-21,1579.14,ACC_5010,Booking for Rekall Solutions,VEND_18,JRN-6848,kcaldwell
GL_178,2026-08-02,2042.07,ACC_5020,Booking for Buy n Large Corp,VEND_20,JRN-4854,stevenscott
GL_179,2026-08-14,3311.88,ACC_8010,Booking for Umbrella Corp,VEND_07,JRN-7580,gary91
GL_181,2026-08-14,3500.75,ACC_7020,Booking for Frobozz Electric,VEND_31,JRN-7397,tamirodriguez
GL_182,2026-08-12,4417.25,ACC_5020,Booking for Vandelay Trading,VEND_09,JRN-1429,hickmanbarbara
GL_183,2026-08-05,3243.72,ACC_8010,Booking for Dunder Supplies,VEND_10,JRN-8405,tsanders
GL_184,2026-08-12,3639.92,ACC_6020,Booking for Dunder Supplies,VEND_10,JRN-7233,charlesvaughn
GL_186,2026-08-08,1457.14,ACC_8020,Booking for Initech Solutions,VEND_06,JRN-2277,curtisbarton
GL_187,2026-08-22,4391.55,ACC_8010,Booking for Los Pollos Dist.,VEND_14,JRN-2040,hoganashlee
GL_188,2026-08-26,4499.77,ACC_7020,Booking for Sterling Cooper,VEND_16,JRN-9108,reedross
GL_189,2026-08-01,4935.72,ACC_8010,Booking for Oceanic Freight,VEND_21,JRN-9719,casey50
GL_190,2026-08-19,2162.23,ACC_7020,Booking for  Freight,VEND_35,JRN-7299,gshort
GL_191,2026-08-25,457.66,ACC_8020,Booking for Bachman Electric,VEND_38,JRN-3456,oyu
GL_192,2026-08-17,1503.79,ACC_8020,Booking for Momcorp Industries,VEND_33,JRN-8151,bzimmerman
GL_193,2026-08-18,3118.63,ACC_8010,Booking for Rekall Solutions,VEND_18,JRN-9146,jessicasheppard
GL_194,2026-08-11,2014.58,ACC_8020,Booking for Cyberdyne Systems,VEND_05,JRN-3521,christina87
GL_195,2026-08-03,4630.68,ACC_5020,Booking for Soylent Industries,VEND_08,JRN-6244,ugraham
GL_196,2026-08-01,3568.71,ACC_8010,Booking for ACME Corp,VEND_01,JRN-4213,marcus31
GL_197,2026-08-17,2634.39,ACC_7020,Booking for Nakatomi Trading,VEND_17,JRN-1625,nicole37
GL_198,2026-08-11,4054.83,ACC_8010,Booking for Rekall Solutions,VEND_18,JRN-6214,frogers
GL_199,2026-08-15,2602.83,ACC_8020,Booking for Wayne Enterprises,VEND_04,JRN-9591,hunter35
GL_200,2026-08-19,3403.19,ACC_5010,Booking for Soylent Industries,VEND_08,JRN-7530,matthew94
GL_201,2026-08-02,2411.65,ACC_8020,Booking for Weyland Industries,VEND_25,JRN-4051,blackjames
GL_202,2026-08-02,2809.04,ACC_8020,Booking for Dharma Provisions,VEND_27,JRN-4890,jenniferfreeman
GL_203,2026-08-19,1926.76,ACC_6010,Booking for Momcorp Industries,VEND_33,JRN-1849,hannahbrewer
GL_204,2026-08-03,4397.26,ACC_6020,Booking for Massive Dynamic,VEND_19,JRN-1489,bwest
GL_205,2026-08-12,1083.29,ACC_8010,Booking for Lestrade & Co,VEND_37,JRN-6904,phillipsrichard
GL_206,2026-08-19,4862.1,ACC_7020,Booking for Bluth Builders,VEND_13,JRN-7241,kevinperkins
GL_207,2026-08-08,837.78,ACC_8020,Booking for Dharma Provisions,VEND_27,JRN-6437,wtran
GL_208,2026-08-25,3321.93,ACC_5010,Booking for Buy n Large Corp,VEND_20,JRN-3045,jbarajas
GL_209,2026-08-02,4865.54,ACC_5020,Booking for Dunder Supplies,VEND_10,JRN-5580,michael74
GL_210,2026-08-15,4875.32,ACC_8010,Booking for Initech Solutions,VEND_06,JRN-3882,john13
GL_211,2026-08-14,3345.98,ACC_6020,Booking for Vandelay Trading,VEND_09,JRN-7136,david82
GL_212,2026-08-13,2318.51,ACC_6020,Booking for Prestige Worldwide,VEND_15,JRN-3990,javierwashington
GL_213,2026-08-04,905.44,ACC_8010,Booking for Multi Corp,VEND_30,JRN-7441,tina34
GL_214,2026-08-10,2370.4,ACC_7020,Booking for Soylent Industries,VEND_08,JRN-7456,michaelturner
GL_215,2026-08-10,4149.29,ACC_5020,Booking for Pawnee Power,VEND_39,JRN-3299,joshuamccann
GL_217,2026-08-01,4765.27,ACC_6020,Booking for Sirius Cybernetics,VEND_29,JRN-5819,heidi27
GL_218,2026-08-26,3989.67,ACC_5020,Booking for Soylent Industries,VEND_08,JRN-5040,salasaudrey
GL_219,2026-08-08,740.5,ACC_8020,Booking for Primatech Paper,VEND_26,JRN-3180,vmendoza
GL_220,2026-08-01,4986.09,ACC_8010,Booking for Bluth Builders,VEND_13,JRN-5411,tammyking
GL_221,2026-08-03,4534.88,ACC_7020,Booking for Wernham Hogg,VEND_22,JRN-4640,ewilson
GL_222,2026-08-02,922.05,ACC_8010,Booking for Lestrade & Co,VEND_37,JRN-2689,kvasquez
GL_223,2026-08-22,2190.65,ACC_6020,Booking for Delos Hospitality,VEND_23,JRN-7633,hernandezlisa
GL_224,2026-08-20,3133.44,ACC_6020,Booking for Sterling Cooper,VEND_16,JRN-4057,christopher31
GL_225,2026-08-03,1470.9,ACC_7020,Booking for Vandelay Trading,VEND_09,JRN-6535,yobrien
GL_226,2026-08-26,195.7,ACC_8020,Booking for Weyland Industries,VEND_25,JRN-8918,kimberlyjames
GL_227,2026-08-19,2561.73,ACC_5020,Booking for Weyland Industries,VEND_25,JRN-6625,levans
GL_228,2026-08-26,3914.84,ACC_7020,Booking for Wayne Enterprises,VEND_04,JRN-3747,ntorres
GL_229,2026-08-04,1314.5,ACC_7020,Booking for Sterling Cooper,VEND_16,JRN-3815,lynchjody
GL_230,2026-08-24,373.95,ACC_8010,Booking for Prestige Worldwide,VEND_15,JRN-4631,colleenbaker
GL_231,2026-08-13,1838.54,ACC_8020,Booking for Hooli Services,VEND_12,JRN-4641,mooreglenn
GL_232,2026-08-19,2861.67,ACC_6020,Booking for Lestrade & Co,VEND_37,JRN-9679,moorericky
GL_233,2026-08-16,2756.41,ACC_8010,Booking for Hooli Services,VEND_12,JRN-7062,ocarter
GL_234,2026-08-17,2442.15,ACC_5010,Booking for Wernham Hogg,VEND_22,JRN-4662,jasmine71
GL_235,2026-08-11,3612.99,ACC_8010,Booking for Oceanic Freight,VEND_21,JRN-2740,sandrafrench
GL_236,2026-08-12,4806.74,ACC_8010,Booking for Tyrell Systems,VEND_24,JRN-7409,ronaldstephens
GL_237,2026-08-11,769.35,ACC_8020,Booking for Pied Piper Tech,VEND_11,JRN-9022,rebekahserrano
GL_238,2026-08-16,3280.98,ACC_8010,Booking for Hooli Services,VEND_12,JRN-5306,brownlaura
GL_239,2026-08-22,2985.86,ACC_7020,Booking for Hooli Services,VEND_12,JRN-6314,scott74
GL_240,2026-08-24,108.81,ACC_6010,Booking for Lestrade & Co,VEND_37,JRN-6250,gbender
GL_241,2026-08-19,258.68,ACC_8020,Booking for Pawnee Power,VEND_39,JRN-5707,mkim
GL_242,2026-08-08,3234.27,ACC_6020,Booking for Umbrella Corp,VEND_07,JRN-4673,prestonjessica
GL_243,2026-08-11,922.65,ACC_5010,Booking for Initech Solutions,VEND_06,JRN-4181,anthony39
GL_244,2026-08-09,1127.45,ACC_6010,Booking for Cyberdyne Systems,VEND_05,JRN-2965,keyemily
GL_245,2026-08-24,106.28,ACC_6010,Booking for Weyland Industries,VEND_25,JRN-2854,barbara27
GL_246,2026-08-13,1821.03,ACC_6020,Booking for Weyland Industries,VEND_25,JRN-8933,lmoon
GL_247,2026-08-15,461.18,ACC_6010,Booking for Stark Logistics,VEND_03,JRN-1768,fwalters
GL_248,2026-08-06,4450.86,ACC_5020,Booking for Pied Piper Tech,VEND_11,JRN-9544,harrisonricky
GL_249,2026-08-25,251.87,ACC_6010,Booking for Pied Piper Tech,VEND_11,JRN-5409,elizabeth25
GL_250,2026-08-07,2105.47,ACC_5010,Booking for Sorin Systems,VEND_36,JRN-2409,ssteele
GL_251,2026-08-04,343.21,ACC_6020,Booking for Lestrade & Co,VEND_37,JRN-4443,jcervantes
GL_252,2026-08-14,529.38,ACC_6020,Booking for Pawnee Power,VEND_39,JRN-6039,gibsonleonard
GL_253,2026-08-03,2420.5,ACC_5010,Booking for Soylent Industries,VEND_08,JRN-6328,darrell68
GL_254,2026-08-21,2766.22,ACC_6020,Booking for Hooli Services,VEND_12,JRN-8433,sandovalamy
GL_255,2026-08-15,2378.78,ACC_5010,Booking for Prestige Worldwide,VEND_15,JRN-6353,hbrown
GL_256,2026-08-22,1784.58,ACC_8020,Booking for  Freight,VEND_35,JRN-6370,cindy77
GL_257,2026-08-17,2151.3,ACC_5020,Booking for  Freight,VEND_35,JRN-2756,harrisandrea
GL_258,2026-08-03,2034.54,ACC_5020,Booking for Stark Logistics,VEND_03,JRN-3842,samuel71
GL_259,2026-08-26,2900.28,ACC_6020,Booking for Gekko Capital,VEND_40,JRN-4513,dudleychelsea
GL_260,2026-08-15,947.11,ACC_6020,Booking for Pied Piper Tech,VEND_11,JRN-8796,jennifercollins
GL_261,2026-08-22,2233.43,ACC_8020,Booking for Dunder Supplies,VEND_10,JRN-9593,tranchristopher
GL_262,2026-08-18,2047.04,ACC_5010,Booking for Oceanic Freight,VEND_21,JRN-4901,murraydavid
GL_263,2026-08-14,833.25,ACC_6020,Booking for Lestrade & Co,VEND_37,JRN-8329,tyronemoran
GL_264,2026-08-04,4632.25,ACC_8010,Booking for Lestrade & Co,VEND_37,JRN-5354,robert77
GL_265,2026-08-18,4412.67,ACC_5020,Booking for Dharma Provisions,VEND_27,JRN-2787,stephenthomas
GL_266,2026-08-06,1449.53,ACC_6010,Booking for Dunder Supplies,VEND_10,JRN-2427,sandraromero
GL_267,2026-08-11,3483.52,ACC_5010,Booking for Wayne Enterprises,VEND_04,JRN-6797,michellehill
GL_268,2026-08-12,199.14,ACC_6010,Booking for Buy n Large Corp,VEND_20,JRN-8481,ymorgan
GL_269,2026-08-23,3455.77,ACC_7020,Booking for Prestige Worldwide,VEND_15,JRN-9670,lori44
GL_271,2026-08-07,4575.82,ACC_5010,Booking for Dharma Provisions,VEND_27,JRN-9580,cgrimes
GL_272,2026-08-12,4122.99,ACC_7020,Booking for Momcorp Industries,VEND_33,JRN-1985,jreed
GL_273,2026-08-25,4271.35,ACC_8010,Booking for Lestrade & Co,VEND_37,JRN-3156,ugibson
GL_274,2026-08-02,2336.6,ACC_7020,Booking for Tyrell Systems,VEND_24,JRN-1110,tinaallen
GL_275,2026-08-22,249.76,ACC_6020,Booking for Tyrell Systems,VEND_24,JRN-6914,xhall
GL_276,2026-08-06,4204.5,ACC_5020,Booking for Nakatomi Trading,VEND_17,JRN-4850,vwilliams
GL_277,2026-08-02,898.25,ACC_8010,Booking for Lestrade & Co,VEND_37,JRN-9630,zthornton
GL_278,2026-08-21,1203.05,ACC_7020,Booking for Los Pollos Dist.,VEND_14,JRN-6706,qhughes
GL_279,2026-08-05,3272.12,ACC_7020,Booking for Pawnee Power,VEND_39,JRN-3667,tylerjohnson
GL_280,2026-08-14,4487.87,ACC_5020,Booking for Delos Hospitality,VEND_23,JRN-6421,molly71
GL_281,2026-08-01,2606.42,ACC_8010,Booking for Tyrell Systems,VEND_24,JRN-8014,jsmith
GL_282,2026-08-16,412.8,ACC_8010,Booking for Rekall Solutions,VEND_18,JRN-1956,jpitts
GL_283,2026-08-09,3314.99,ACC_6020,Booking for Buy n Large Corp,VEND_20,JRN-9297,harrisontanya
GL_284,2026-08-22,1665.97,ACC_6020,Booking for Vandelay Trading,VEND_09,JRN-8369,cindy61
GL_285,2026-08-13,2002.55,ACC_8010,Booking for Stark Logistics,VEND_03,JRN-8245,melissa86
GL_286,2026-08-07,1781.52,ACC_6010,Booking for Prestige Worldwide,VEND_15,JRN-5893,courtney78
GL_287,2026-08-10,4242.55,ACC_5020,Booking for Sorin Systems,VEND_36,JRN-3264,williamsonjimmy
GL_288,2026-08-22,4508.0,ACC_7020,Booking for Initech Solutions,VEND_06,JRN-6535,wendy16
GL_289,2026-08-12,1376.74,ACC_7020,Booking for Massive Dynamic,VEND_19,JRN-6526,hodgesjane
GL_290,2026-08-07,2552.34,ACC_8020,Booking for Weyland Industries,VEND_25,JRN-5581,wallaceheather
GL_291,2026-08-11,2105.04,ACC_8010,Booking for Lestrade & Co,VEND_37,JRN-6562,williamslaura
GL_292,2026-08-11,3192.06,ACC_8010,Booking for Hooli Services,VEND_12,JRN-7913,michael62
GL_293,2026-08-25,3890.36,ACC_6020,Booking for Lestrade & Co,VEND_37,JRN-6199,amandaknight
GL_294,2026-08-21,2204.11,ACC_8020,Booking for InGen Biotech,VEND_28,JRN-5719,georgemiller
GL_295,2026-08-01,4470.83,ACC_5020,Booking for Omni Consumer,VEND_34,JRN-9225,pharvey
GL_296,2026-08-10,731.76,ACC_5020,Booking for Weyland Industries,VEND_25,JRN-5989,jdurham
GL_297,2026-08-10,2334.04,ACC_8010,Booking for Omni Consumer,VEND_34,JRN-2944,stevenking
GL_298,2026-08-12,3775.57,ACC_5010,Booking for Pied Piper Tech,VEND_11,JRN-8014,elizabeth74
GL_299,2026-08-24,207.38,ACC_6020,Booking for Momcorp Industries,VEND_33,JRN-1416,charleslandry
GL_300,2026-08-25,2720.19,ACC_5020,Booking for Wayne Enterprises,VEND_04,JRN-1102,danielle64
GL_301,2026-08-14,2277.14,ACC_5010,Booking for Soylent Industries,VEND_08,JRN-1702,mbruce
GL_302,2026-08-10,2162.27,ACC_5020,Booking for Umbrella Corp,VEND_07,JRN-6027,gcastaneda
GL_303,2026-08-04,2608.05,ACC_8010,Booking for Gekko Capital,VEND_40,JRN-4802,patrickhoward
GL_304,2026-08-20,1076.85,ACC_5020,Booking for Nakatomi Trading,VEND_17,JRN-2896,victoria40
GL_305,2026-08-12,3546.84,ACC_6020,Booking for Massive Dynamic,VEND_19,JRN-6199,khill
GL_306,2026-08-08,113.42,ACC_6010,Booking for Initech Solutions,VEND_06,JRN-4413,lozanojulie
GL_307,2026-08-25,2607.36,ACC_5010,Booking for Umbrella Corp,VEND_07,JRN-6308,kimberly39
GL_308,2026-08-02,589.06,ACC_6010,Booking for Hooli Services,VEND_12,JRN-8872,jeffery39
GL_309,2026-08-12,4027.82,ACC_5010,Booking for Oceanic Freight,VEND_21,JRN-9548,erica21
GL_310,2026-08-22,3271.27,ACC_5020,Booking for Wernham Hogg,VEND_22,JRN-7974,parkerscott
GL_311,2026-08-09,4403.16,ACC_6020,Booking for Initech Solutions,VEND_06,JRN-5968,jessica14
GL_312,2026-08-15,1431.98,ACC_6010,Booking for Weyland Industries,VEND_25,JRN-9516,julie23
GL_313,2026-08-05,3511.23,ACC_8010,Booking for Wayne Enterprises,VEND_04,JRN-7276,kristinwalter
GL_314,2026-08-06,3095.48,ACC_7020,Booking for Delos Hospitality,VEND_23,JRN-9038,alyssa42
GL_315,2026-08-24,4869.88,ACC_5020,Booking for Vandelay Trading,VEND_09,JRN-9185,robin74
GL_316,2026-08-03,1381.9,ACC_8020,Booking for Oceanic Freight,VEND_21,JRN-4638,linda71
GL_317,2026-08-17,3860.89,ACC_7020,Booking for Lestrade & Co,VEND_37,JRN-8356,karenperez
GL_318,2026-08-22,3660.59,ACC_7020,Booking for Frobozz Electric,VEND_31,JRN-5795,zcoffey
GL_319,2026-08-01,3252.65,ACC_7020,Booking for Pied Piper Tech,VEND_11,JRN-3452,christopher60
GL_320,2026-08-25,2509.08,ACC_8020,Booking for Sterling Cooper,VEND_16,JRN-1104,amanda75
GL_321,2026-08-08,486.27,ACC_6010,Booking for Sirius Cybernetics,VEND_29,JRN-7001,brenda51
GL_322,2026-08-04,4905.29,ACC_8010,Booking for Globex Inc,VEND_02,JRN-3747,thomasharvey
GL_323,2026-08-26,3060.6,ACC_6020,Booking for Gekko Capital,VEND_40,JRN-5717,rose31
GL_324,2026-08-18,1113.57,ACC_5020,Booking for Multi Corp,VEND_30,JRN-2140,tblankenship
GL_325,2026-08-08,4237.16,ACC_8010,Booking for Wernham Hogg,VEND_22,JRN-4578,cwilson
GL_326,2026-08-04,577.44,ACC_5020,Booking for Prestige Worldwide,VEND_15,JRN-9902,torrestravis
GL_327,2026-08-02,4494.7,ACC_5010,Booking for Veridian Dynamics,VEND_32,JRN-3190,youngamanda
GL_328,2026-08-20,1060.02,ACC_5020,Booking for Soylent Industries,VEND_08,JRN-2030,qchavez
GL_329,2026-08-25,2130.9,ACC_5020,Booking for Bachman Electric,VEND_38,JRN-4279,umatthews
GL_330,2026-08-16,3326.44,ACC_5010,Booking for Momcorp Industries,VEND_33,JRN-5994,nicolepena
GL_331,2026-08-18,3927.3,ACC_5010,Booking for Hooli Services,VEND_12,JRN-7179,rgilbert
GL_332,2026-08-22,3042.68,ACC_5010,Booking for Oceanic Freight,VEND_21,JRN-2472,vaughnjeff
GL_333,2026-08-13,4821.61,ACC_8010,Booking for Massive Dynamic,VEND_19,JRN-5009,xsampson
GL_334,2026-08-11,3588.18,ACC_7020,Booking for Sorin Systems,VEND_36,JRN-5299,pollardmichael
GL_335,2026-08-22,750.09,ACC_6020,Booking for Hooli Services,VEND_12,JRN-3623,bruce43
GL_336,2026-08-18,2453.81,ACC_5020,Booking for Lestrade & Co,VEND_37,JRN-8588,rushmadison
GL_337,2026-08-26,162.58,ACC_6020,Booking for Umbrella Corp,VEND_07,JRN-1396,batesdarlene
GL_338,2026-08-25,3949.11,ACC_8010,Booking for Massive Dynamic,VEND_19,JRN-3704,williamsmatthew
GL_339,2026-08-27,2751.74,ACC_7020,Booking for Delos Hospitality,VEND_23,JRN-9498,kristinharris
GL_340,2026-08-08,2603.52,ACC_8020,Booking for Massive Dynamic,VEND_19,JRN-2426,brendali
GL_341,2026-08-26,4881.53,ACC_7020,Booking for Oceanic Freight,VEND_21,JRN-3899,markhernandez
GL_342,2026-08-09,4566.28,ACC_6020,Booking for Tyrell Systems,VEND_24,JRN-8865,ramireztracey
GL_343,2026-08-10,2299.19,ACC_7020,Booking for Cyberdyne Systems,VEND_05,JRN-6256,amberlindsey
GL_344,2026-08-14,1469.15,ACC_6010,Booking for Nakatomi Trading,VEND_17,JRN-5352,guerreroanthony
GL_345,2026-08-15,3577.48,ACC_7020,Booking for Dunder Supplies,VEND_10,JRN-3222,howardkristina
GL_347,2026-08-26,3567.64,ACC_7020,Booking for Omni Consumer,VEND_34,JRN-3535,alfred40
GL_349,2026-08-23,1726.23,ACC_6010,Booking for Tyrell Systems,VEND_24,JRN-3333,judyfox
GL_350,2026-08-20,2699.44,ACC_8010,Booking for Sorin Systems,VEND_36,JRN-2478,alvarezkimberly
GL_351,2026-08-01,662.14,ACC_8010,Booking for Delos Hospitality,VEND_23,JRN-8431,hayesjeffrey
GL_352,2026-08-20,4601.18,ACC_7020,Booking for Sterling Cooper,VEND_16,JRN-4950,acostaregina
GL_353,2026-08-13,4588.07,ACC_5010,Booking for Soylent Industries,VEND_08,JRN-7430,stephen00
GL_354,2026-08-25,1937.29,ACC_5010,Booking for Momcorp Industries,VEND_33,JRN-3976,bboone
GL_355,2026-08-05,4746.24,ACC_5010,Booking for Pied Piper Tech,VEND_11,JRN-8680,henryrenee
GL_356,2026-08-22,2178.63,ACC_5020,Booking for Umbrella Corp,VEND_07,JRN-2037,lammarc
GL_357,2026-08-24,3898.51,ACC_7020,Booking for Cyberdyne Systems,VEND_05,JRN-4523,cameronhill
GL_358,2026-08-03,458.92,ACC_6010,Booking for Hooli Services,VEND_12,JRN-8256,oscar98
GL_359,2026-08-14,1999.51,ACC_8010,Booking for Primatech Paper,VEND_26,JRN-4049,shawn96
GL_360,2026-08-25,3755.16,ACC_5010,Booking for Stark Logistics,VEND_03,JRN-6338,mcguiredanny
GL_361,2026-08-26,3460.46,ACC_8010,Booking for Pawnee Power,VEND_39,JRN-4507,russellbeasley
GL_362,2026-08-15,1968.93,ACC_8010,Booking for Globex Inc,VEND_02,JRN-7749,dmorgan
GL_363,2026-08-10,4804.66,ACC_5020,Booking for Dunder Supplies,VEND_10,JRN-2651,gperry
GL_365,2026-08-05,703.85,ACC_8020,Booking for ACME Corp,VEND_01,JRN-7997,ronald45
GL_366,2026-08-07,3766.65,ACC_6020,Booking for Delos Hospitality,VEND_23,JRN-2234,gloriawells
GL_367,2026-08-17,798.03,ACC_8020,Booking for Hooli Services,VEND_12,JRN-5967,deckerchristopher
GL_368,2026-08-07,661.65,ACC_5020,Booking for Lestrade & Co,VEND_37,JRN-3357,garnernathan
GL_369,2026-08-18,2360.2,ACC_5020,Booking for Sorin Systems,VEND_36,JRN-3728,angelawillis
GL_370,2026-08-24,2944.92,ACC_6020,Booking for Wernham Hogg,VEND_22,JRN-6958,elizabeth65
GL_371,2026-08-20,442.06,ACC_6010,Booking for Bluth Builders,VEND_13,JRN-9850,uparrish
GL_372,2026-08-19,2877.62,ACC_5020,Booking for Oceanic Freight,VEND_21,JRN-6246,schmittcaroline
GL_373,2026-08-09,4216.54,ACC_8010,Booking for Vandelay Trading,VEND_09,JRN-6047,dale83
GL_374,2026-08-14,3896.36,ACC_7020,Booking for Veridian Dynamics,VEND_32,JRN-3001,dianewalker
GL_375,2026-08-05,4467.36,ACC_7020,Booking for Bluth Builders,VEND_13,JRN-8586,bellangela
GL_377,2026-08-02,2802.81,ACC_8020,Booking for  Freight,VEND_35,JRN-9078,farmeraudrey
GL_379,2026-08-12,2560.62,ACC_5020,Booking for Sterling Cooper,VEND_16,JRN-3647,xbruce
GL_380,2026-08-22,912.63,ACC_6020,Booking for Momcorp Industries,VEND_33,JRN-5748,lynchdiane
GL_381,2026-08-12,296.18,ACC_6020,Booking for Veridian Dynamics,VEND_32,JRN-5276,anthony44
GL_382,2026-08-17,4549.02,ACC_7020,Booking for Tyrell Systems,VEND_24,JRN-2908,michael22
GL_383,2026-08-02,295.53,ACC_6010,Booking for Oceanic Freight,VEND_21,JRN-8320,vjones
GL_384,2026-08-21,4165.27,ACC_8010,Booking for Nakatomi Trading,VEND_17,JRN-8189,davisalyssa
GL_385,2026-08-19,3300.97,ACC_5020,Booking for Cyberdyne Systems,VEND_05,JRN-8211,vbarnes
GL_386,2026-08-12,2485.62,ACC_5010,Booking for Frobozz Electric,VEND_31,JRN-3655,mitchellgriffith
GL_387,2026-08-08,477.73,ACC_5020,Booking for Rekall Solutions,VEND_18,JRN-6424,wareeric
GL_388,2026-08-14,4074.75,ACC_5020,Booking for Soylent Industries,VEND_08,JRN-8676,craigjoseph
GL_389,2026-08-01,1293.98,ACC_8020,Booking for Vandelay Trading,VEND_09,JRN-9634,ctucker
GL_390,2026-08-02,915.07,ACC_6020,Booking for Hooli Services,VEND_12,JRN-2843,wnelson
GL_391,2026-08-03,1161.31,ACC_5020,Booking for Pawnee Power,VEND_39,JRN-9033,reeddaniel
GL_392,2026-08-20,3332.28,ACC_6020,Booking for Nakatomi Trading,VEND_17,JRN-3265,trose
GL_393,2026-08-13,1988.76,ACC_7020,Booking for Umbrella Corp,VEND_07,JRN-9502,walkertracey
GL_394,2026-08-20,571.86,ACC_5020,Booking for Frobozz Electric,VEND_31,JRN-3140,smithkevin
GL_395,2026-08-16,3331.02,ACC_5020,Booking for Pawnee Power,VEND_39,JRN-1460,katrinaduran
GL_397,2026-08-14,756.03,ACC_8020,Booking for Frobozz Electric,VEND_31,JRN-2614,mark07
GL_398,2026-08-03,1488.01,ACC_5020,Booking for  Freight,VEND_35,JRN-6968,ythompson
GL_399,2026-08-03,1937.65,ACC_8010,Booking for Los Pollos Dist.,VEND_14,JRN-1889,vincentwhitaker
GL_400,2026-08-14,3292.72,ACC_8010,Booking for Nakatomi Trading,VEND_17,JRN-4087,charles06
GL_401,2026-08-22,2047.53,ACC_5020,Booking for Los Pollos Dist.,VEND_14,JRN-1616,stevenschristian
GL_402,2026-08-16,975.73,ACC_5010,Booking for Sorin Systems,VEND_36,JRN-5346,barbara96
GL_403,2026-08-24,776.54,ACC_8010,Booking for Soylent Industries,VEND_08,JRN-9010,zroberts
GL_404,2026-08-17,2062.75,ACC_8010,Booking for Wernham Hogg,VEND_22,JRN-8628,burchgeorge
GL_405,2026-08-21,125.92,ACC_6020,Booking for Initech Solutions,VEND_06,JRN-6723,xcollier
GL_406,2026-08-03,1389.15,ACC_8010,Booking for Tyrell Systems,VEND_24,JRN-4450,kimdaniel
GL_407,2026-08-10,3588.21,ACC_6020,Booking for Pawnee Power,VEND_39,JRN-4025,hchapman
GL_408,2026-08-21,2522.41,ACC_5020,Booking for ACME Corp,VEND_01,JRN-9765,fosterkyle
GL_409,2026-08-02,3941.4,ACC_7020,Booking for Momcorp Industries,VEND_33,JRN-1997,jeffrey21
GL_410,2026-08-08,3309.59,ACC_5010,Booking for Pied Piper Tech,VEND_11,JRN-4309,schmidtjames
GL_411,2026-08-12,3381.34,ACC_5010,Booking for Primatech Paper,VEND_26,JRN-5556,michael23
GL_412,2026-08-24,4165.85,ACC_6020,Booking for Bachman Electric,VEND_38,JRN-4871,thomasjames
GL_414,2026-08-17,621.68,ACC_6020,Booking for Cyberdyne Systems,VEND_05,JRN-2343,kathleenrios
GL_416,2026-08-22,2357.53,ACC_8010,Booking for Bachman Electric,VEND_38,JRN-6254,stephanieburton
GL_417,2026-08-21,3964.41,ACC_5010,Booking for Prestige Worldwide,VEND_15,JRN-8540,wwebster
GL_418,2026-08-17,2724.69,ACC_5010,Booking for Nakatomi Trading,VEND_17,JRN-6683,kmaldonado
GL_419,2026-08-16,1637.98,ACC_8020,Booking for Los Pollos Dist.,VEND_14,JRN-3670,michelle52
GL_420,2026-08-08,3703.6,ACC_5020,Booking for Nakatomi Trading,VEND_17,JRN-2533,cjones
GL_421,2026-08-25,622.78,ACC_5010,Booking for Initech Solutions,VEND_06,JRN-3444,laura90
GL_422,2026-08-12,3141.27,ACC_8010,Booking for Veridian Dynamics,VEND_32,JRN-3743,william47
GL_423,2026-08-08,3775.83,ACC_8010,Booking for Vandelay Trading,VEND_09,JRN-6705,xjohnson
GL_424,2026-08-16,4704.31,ACC_5010,Booking for Stark Logistics,VEND_03,JRN-2515,chase19
GL_425,2026-08-25,2639.21,ACC_5020,Booking for Oceanic Freight,VEND_21,JRN-8831,jford
GL_426,2026-08-11,1871.85,ACC_6010,Booking for Nakatomi Trading,VEND_17,JRN-9378,colelisa
GL_427,2026-08-12,1001.18,ACC_5020,Booking for InGen Biotech,VEND_28,JRN-1928,marcalvarez
GL_428,2026-08-09,2308.57,ACC_8010,Booking for Lestrade & Co,VEND_37,JRN-4216,susanhayes
GL_429,2026-08-18,2217.87,ACC_5010,Booking for Weyland Industries,VEND_25,JRN-7808,toni18
GL_430,2026-08-24,832.79,ACC_6020,Booking for ACME Corp,VEND_01,JRN-2354,benjaminzimmerman
GL_431,2026-08-10,1329.77,ACC_5020,Booking for Lestrade & Co,VEND_37,JRN-9189,nwarren
GL_432,2026-08-09,2433.82,ACC_5010,Booking for Umbrella Corp,VEND_07,JRN-3378,michaelhardin
GL_433,2026-08-12,197.19,ACC_6020,Booking for Soylent Industries,VEND_08,JRN-1793,vortiz
GL_434,2026-08-07,2926.58,ACC_8020,Booking for  Freight,VEND_35,JRN-3472,mccormickdeborah
GL_435,2026-08-03,1967.25,ACC_8010,Booking for Massive Dynamic,VEND_19,JRN-3486,riveraangela
GL_436,2026-08-06,3238.43,ACC_5010,Booking for Wernham Hogg,VEND_22,JRN-8542,umitchell
GL_437,2026-08-06,1783.76,ACC_6020,Booking for Oceanic Freight,VEND_21,JRN-8644,mathewaguilar
GL_438,2026-08-15,3926.65,ACC_8010,Booking for Tyrell Systems,VEND_24,JRN-2462,sabrinacollins
GL_439,2026-08-06,4285.64,ACC_5010,Booking for Vandelay Trading,VEND_09,JRN-2846,tanderson
GL_440,2026-08-13,604.75,ACC_6020,Booking for Cyberdyne Systems,VEND_05,JRN-7597,collinsnicholas
GL_441,2026-08-25,4980.47,ACC_5010,Booking for Umbrella Corp,VEND_07,JRN-3121,lisa81
GL_442,2026-08-08,3714.21,ACC_5020,Booking for Sirius Cybernetics,VEND_29,JRN-1685,bromero
GL_443,2026-08-22,1848.52,ACC_5010,Booking for Oceanic Freight,VEND_21,JRN-1522,kyle35
GL_444,2026-08-15,762.06,ACC_6020,Booking for  Freight,VEND_35,JRN-3228,ilee
GL_445,2026-08-21,3233.69,ACC_6020,Booking for Buy n Large Corp,VEND_20,JRN-9669,chrisrichard
GL_446,2026-08-12,2119.8,ACC_7020,Booking for Dunder Supplies,VEND_10,JRN-5074,romeroamber
GL_447,2026-08-16,2721.98,ACC_5020,Booking for Veridian Dynamics,VEND_32,JRN-4507,stanleynancy
GL_448,2026-08-27,135.37,ACC_6020,Booking for Tyrell Systems,VEND_24,JRN-4153,carlamoore
GL_449,2026-08-14,2034.29,ACC_7020,Booking for Pied Piper Tech,VEND_11,JRN-7230,mariewise
GL_450,2026-08-05,2168.97,ACC_5020,Booking for Sterling Cooper,VEND_16,JRN-9784,jenniferwilliams
GL_451,2026-08-20,4057.12,ACC_5010,Booking for Rekall Solutions,VEND_18,JRN-3930,erica37
GL_452,2026-08-03,993.8,ACC_6020,Booking for Massive Dynamic,VEND_19,JRN-5939,karen73
GL_453,2026-08-07,1671.15,ACC_8020,Booking for Dunder Supplies,VEND_10,JRN-9535,kylestokes
GL_454,2026-08-05,3604.46,ACC_5010,Booking for ACME Corp,VEND_01,JRN-3451,mmckee
GL_455,2026-08-14,1626.73,ACC_8020,Booking for Veridian Dynamics,VEND_32,JRN-5621,erika97
GL_456,2026-08-26,4763.06,ACC_5010,Booking for Wayne Enterprises,VEND_04,JRN-2476,xhammond
GL_457,2026-08-07,4488.92,ACC_6020,Booking for Nakatomi Trading,VEND_17,JRN-1372,ashaw
GL_458,2026-08-04,4875.53,ACC_8010,Booking for Sterling Cooper,VEND_16,JRN-7468,lisasolis
GL_459,2026-08-08,3714.33,ACC_8010,Booking for Stark Logistics,VEND_03,JRN-3303,moniquewilliams
GL_460,2026-08-13,3439.07,ACC_6020,Booking for Buy n Large Corp,VEND_20,JRN-1143,jsawyer
GL_461,2026-08-16,3228.75,ACC_8010,Booking for Bluth Builders,VEND_13,JRN-6351,dawsonzachary
GL_463,2026-08-13,3966.8,ACC_5020,Booking for ACME Corp,VEND_01,JRN-3459,mitchellkathryn
GL_464,2026-08-18,3473.19,ACC_7020,Booking for Dunder Supplies,VEND_10,JRN-3110,shannon82
GL_465,2026-08-22,3131.36,ACC_5010,Booking for Wayne Enterprises,VEND_04,JRN-4172,odavis
GL_466,2026-08-16,1240.11,ACC_8010,Booking for Sorin Systems,VEND_36,JRN-7008,bwilkerson
GL_468,2026-08-16,3562.47,ACC_6020,Booking for Sorin Systems,VEND_36,JRN-7234,gbrown
GL_469,2026-08-13,1686.04,ACC_8020,Booking for Multi Corp,VEND_30,JRN-1020,joe15
GL_470,2026-08-17,859.62,ACC_5020,Booking for Massive Dynamic,VEND_19,JRN-6656,anthonygalvan
GL_471,2026-08-13,3694.92,ACC_5020,Booking for Globex Inc,VEND_02,JRN-9135,lacey20
GL_472,2026-08-24,410.37,ACC_5020,Booking for  Freight,VEND_35,JRN-2592,samantha72
GL_473,2026-08-11,2108.04,ACC_5020,Booking for Oceanic Freight,VEND_21,JRN-8433,awest
GL_474,2026-08-06,4380.11,ACC_5010,Booking for Bluth Builders,VEND_13,JRN-3324,smithjason
GL_475,2026-08-17,3157.46,ACC_6020,Booking for Bachman Electric,VEND_38,JRN-4125,anaacosta
GL_476,2026-08-07,3313.17,ACC_7020,Booking for Initech Solutions,VEND_06,JRN-6882,srodriguez
GL_477,2026-08-26,3571.33,ACC_8010,Booking for Gekko Capital,VEND_40,JRN-6351,kevinwilliams
GL_478,2026-08-07,4806.88,ACC_8010,Booking for Umbrella Corp,VEND_07,JRN-7007,nfowler
GL_480,2026-08-25,3229.88,ACC_5020,Booking for Delos Hospitality,VEND_23,JRN-4473,fbrown
GL_481,2026-08-26,983.94,ACC_5010,Booking for Primatech Paper,VEND_26,JRN-5249,chenbailey
GL_482,2026-08-11,2795.4,ACC_5010,Booking for Oceanic Freight,VEND_21,JRN-3558,kellysmith
GL_483,2026-08-19,2773.57,ACC_5010,Booking for Weyland Industries,VEND_25,JRN-3307,john62
GL_485,2026-08-17,761.92,ACC_6020,Booking for Buy n Large Corp,VEND_20,JRN-1881,millsmichael
GL_486,2026-08-07,4293.03,ACC_7020,Booking for Globex Inc,VEND_02,JRN-3017,myerstheodore
GL_487,2026-08-09,4603.65,ACC_6020,Booking for Momcorp Industries,VEND_33,JRN-3653,qzavala
GL_488,2026-08-05,562.01,ACC_6020,Booking for Multi Corp,VEND_30,JRN-4781,kellycarlos
GL_489,2026-08-09,4074.26,ACC_8010,Booking for Initech Solutions,VEND_06,JRN-9107,jessicafuller
GL_490,2026-08-26,2464.41,ACC_6020,Booking for Veridian Dynamics,VEND_32,JRN-1988,dennis58
GL_491,2026-08-24,4060.87,ACC_5020,Booking for Weyland Industries,VEND_25,JRN-2007,lisa27
GL_492,2026-08-14,4659.65,ACC_5010,Booking for Soylent Industries,VEND_08,JRN-8065,zwelch
GL_493,2026-08-02,1593.44,ACC_6020,Booking for Stark Logistics,VEND_03,JRN-1366,bryanparsons
GL_494,2026-08-02,3400.81,ACC_7020,Booking for Primatech Paper,VEND_26,JRN-4738,mjohnson
GL_495,2026-08-14,1519.94,ACC_5020,Booking for Primatech Paper,VEND_26,JRN-3072,moodynina
GL_496,2026-08-13,1386.53,ACC_8020,Booking for Primatech Paper,VEND_26,JRN-5610,sarah86
GL_497,2026-08-05,3833.96,ACC_8010,Booking for Frobozz Electric,VEND_31,JRN-2753,wking
GL_498,2026-08-08,1287.34,ACC_6010,Booking for Rekall Solutions,VEND_18,JRN-6233,justinatkins
GL_499,2026-08-22,2126.55,ACC_6020,Booking for Tyrell Systems,VEND_24,JRN-3598,glennmartin
GL_500,2026-08-06,4939.49,ACC_5010,Booking for Gekko Capital,VEND_40,JRN-4634,lloydsamuel
GL_501,2026-08-08,1078.46,ACC_8010,Booking for Tyrell Systems,VEND_24,JRN-5676,ypaul
GL_502,2026-08-08,4749.81,ACC_5010,Booking for Dunder Supplies,VEND_10,JRN-5091,terri77
GL_503,2026-08-01,1782.03,ACC_5010,Booking for Soylent Industries,VEND_08,JRN-3042,sandra84
GL_504,2026-08-07,1098.63,ACC_5010,Booking for Omni Consumer,VEND_34,JRN-6950,acostachristian
GL_505,2026-08-13,2956.72,ACC_7020,Booking for Omni Consumer,VEND_34,JRN-9132,amymorris
GL_506,2026-08-02,2378.31,ACC_8010,Booking for ACME Corp,VEND_01,JRN-8396,murphykenneth
GL_507,2026-08-10,4350.31,ACC_6020,Booking for Weyland Industries,VEND_25,JRN-7933,bmorrison
GL_508,2026-08-20,2704.65,ACC_6020,Booking for Hooli Services,VEND_12,JRN-2063,hannahbell
GL_509,2026-08-18,4639.11,ACC_6020,Booking for Globex Inc,VEND_02,JRN-8255,acostarhonda
GL_510,2026-08-10,1734.49,ACC_7020,Booking for Primatech Paper,VEND_26,JRN-6702,yhill
GL_511,2026-08-08,4980.37,ACC_6020,Booking for Momcorp Industries,VEND_33,JRN-5670,jonesdana
GL_513,2026-08-22,772.58,ACC_6020,Booking for Weyland Industries,VEND_25,JRN-3825,william20
GL_514,2026-08-19,848.47,ACC_5020,Booking for Buy n Large Corp,VEND_20,JRN-5116,melindagregory
GL_515,2026-08-21,2752.63,ACC_5010,Booking for Bluth Builders,VEND_13,JRN-3242,ejohnson
GL_516,2026-08-27,811.25,ACC_6020,Booking for Lestrade & Co,VEND_37,JRN-8113,kimberlydiaz
GL_517,2026-08-11,4213.66,ACC_5010,Booking for Dunder Supplies,VEND_10,JRN-2811,cherring
GL_518,2026-08-14,4809.86,ACC_5010,Booking for Buy n Large Corp,VEND_20,JRN-1973,erikarush
GL_520,2026-08-25,4931.18,ACC_5010,Booking for Gekko Capital,VEND_40,JRN-9424,scott19
GL_521,2026-08-22,227.81,ACC_5020,Booking for Initech Solutions,VEND_06,JRN-1634,alyssasanders
GL_522,2026-08-06,4275.37,ACC_7020,Booking for Veridian Dynamics,VEND_32,JRN-4765,john10
GL_523,2026-08-25,4847.19,ACC_5010,Booking for Rekall Solutions,VEND_18,JRN-8361,victorhughes
GL_524,2026-08-06,4642.81,ACC_7020,Booking for Sirius Cybernetics,VEND_29,JRN-5524,greenjorge
GL_525,2026-08-14,2083.85,ACC_5010,Booking for Stark Logistics,VEND_03,JRN-9011,nlewis
GL_526,2026-08-24,1633.2,ACC_5020,Booking for Gekko Capital,VEND_40,JRN-7943,heather73
GL_527,2026-08-04,2312.89,ACC_8010,Booking for Stark Logistics,VEND_03,JRN-1698,taylorcharles
GL_528,2026-08-18,3849.28,ACC_8010,Booking for Wayne Enterprises,VEND_04,JRN-2596,rachelwallace
GL_530,2026-08-03,3641.87,ACC_5020,Booking for Soylent Industries,VEND_08,JRN-1499,cochrantammy
GL_531,2026-08-14,1684.96,ACC_8020,Booking for Globex Inc,VEND_02,JRN-2772,elizabeth18
GL_532,2026-08-09,1687.97,ACC_6010,Booking for Pied Piper Tech,VEND_11,JRN-1996,patricia22
GL_533,2026-08-03,2666.7,ACC_7020,Booking for Weyland Industries,VEND_25,JRN-2383,william13
GL_534,2026-08-20,4753.79,ACC_5020,Booking for Weyland Industries,VEND_25,JRN-9329,joelsnyder
GL_535,2026-08-06,4357.21,ACC_5010,Booking for Hooli Services,VEND_12,JRN-7694,angela57
GL_536,2026-08-12,3169.62,ACC_5010,Booking for Soylent Industries,VEND_08,JRN-5038,cherylmiller
GL_537,2026-08-16,4291.51,ACC_5010,Booking for  Freight,VEND_35,JRN-8568,raymond78
GL_538,2026-08-19,3331.41,ACC_5020,Booking for Multi Corp,VEND_30,JRN-6441,khammond
GL_539,2026-08-18,1462.75,ACC_5010,Booking for Sorin Systems,VEND_36,JRN-1783,martinezlogan
GL_540,2026-08-21,1810.2,ACC_8020,Booking for Dunder Supplies,VEND_10,JRN-5714,coleerin
GL_542,2026-08-24,2936.93,ACC_6020,Booking for Stark Logistics,VEND_03,JRN-9694,david89
GL_543,2026-08-25,2193.89,ACC_6020,Booking for Sorin Systems,VEND_36,JRN-9061,katrinaanderson
GL_544,2026-08-17,2127.41,ACC_6020,Booking for Los Pollos Dist.,VEND_14,JRN-4268,guerraapril
GL_545,2026-08-24,3474.41,ACC_7020,Booking for Massive Dynamic,VEND_19,JRN-3866,fred53
GL_546,2026-08-09,2674.42,ACC_5010,Booking for Gekko Capital,VEND_40,JRN-4220,stacey84
GL_547,2026-08-26,981.55,ACC_5010,Booking for Gekko Capital,VEND_40,JRN-1285,kingcynthia
GL_548,2026-08-01,2377.94,ACC_8010,Booking for Soylent Industries,VEND_08,JRN-8128,david49
GL_549,2026-08-02,1735.58,ACC_5020,Booking for Sorin Systems,VEND_36,JRN-6716,shawgary
GL_551,2026-08-13,2040.64,ACC_7020,Booking for Lestrade & Co,VEND_37,JRN-7978,georgeweber
GL_552,2026-08-07,1719.52,ACC_8010,Booking for Wernham Hogg,VEND_22,JRN-8036,megan90
GL_553,2026-08-26,274.24,ACC_6020,Booking for Vandelay Trading,VEND_09,JRN-9129,millerstacy
GL_554,2026-08-26,4089.42,ACC_5010,Booking for Wayne Enterprises,VEND_04,JRN-4351,debra96
GL_555,2026-08-19,3458.92,ACC_5010,Booking for Delos Hospitality,VEND_23,JRN-1089,jimenezcourtney
GL_556,2026-08-21,2717.94,ACC_6020,Booking for Pied Piper Tech,VEND_11,JRN-4259,dawn47
GL_557,2026-08-23,4303.32,ACC_5020,Booking for Stark Logistics,VEND_03,JRN-7595,lindacohen
GL_558,2026-08-10,1157.44,ACC_6020,Booking for Buy n Large Corp,VEND_20,JRN-5165,shawn02
GL_559,2026-08-15,2579.37,ACC_7020,Booking for Frobozz Electric,VEND_31,JRN-7449,dperry
GL_560,2026-08-05,3870.46,ACC_7020,Booking for Umbrella Corp,VEND_07,JRN-3439,matthewthomas
GL_561,2026-08-16,1999.18,ACC_6010,Booking for Omni Consumer,VEND_34,JRN-2049,jessica56
GL_562,2026-08-16,4457.01,ACC_5020,Booking for Umbrella Corp,VEND_07,JRN-8782,kathleenrobertson
GL_563,2026-08-21,4471.39,ACC_6020,Booking for Oceanic Freight,VEND_21,JRN-7602,floressteven
GL_564,2026-08-22,677.35,ACC_6010,Booking for Dunder Supplies,VEND_10,JRN-6412,shannon21
GL_565,2026-08-18,1816.56,ACC_8010,Booking for Oceanic Freight,VEND_21,JRN-1408,robertspatrick
GL_566,2026-08-26,1486.42,ACC_5010,Booking for Sterling Cooper,VEND_16,JRN-8322,kwright
GL_567,2026-08-05,242.06,ACC_8020,Booking for Wayne Enterprises,VEND_04,JRN-8657,sarah53
GL_568,2026-08-23,3020.99,ACC_5010,Booking for Bachman Electric,VEND_38,JRN-5133,tyronerobertson
GL_569,2026-08-11,4105.47,ACC_5010,Booking for  Freight,VEND_35,JRN-1321,fkoch
GL_570,2026-08-19,745.8,ACC_8020,Booking for Multi Corp,VEND_30,JRN-5303,davisphillip
GL_571,2026-08-08,803.15,ACC_8010,Booking for Gekko Capital,VEND_40,JRN-2113,nlevy
GL_572,2026-08-16,248.29,ACC_6020,Booking for Frobozz Electric,VEND_31,JRN-1049,brandon47
GL_573,2026-08-22,2915.92,ACC_5020,Booking for Momcorp Industries,VEND_33,JRN-2077,amitchell
GL_574,2026-08-26,624.21,ACC_6010,Booking for Sorin Systems,VEND_36,JRN-3820,jordannicole
GL_575,2026-08-18,2358.78,ACC_5010,Booking for Bachman Electric,VEND_38,JRN-5186,kathryn50
GL_576,2026-08-14,423.69,ACC_8020,Booking for Los Pollos Dist.,VEND_14,JRN-5876,jwilliams
GL_577,2026-08-23,1257.16,ACC_8010,Booking for Cyberdyne Systems,VEND_05,JRN-9141,michaelroberts
GL_578,2026-08-11,2819.93,ACC_7020,Booking for Sirius Cybernetics,VEND_29,JRN-9670,wgordon
GL_579,2026-08-03,3031.47,ACC_7020,Booking for Pawnee Power,VEND_39,JRN-4664,marcia99
GL_580,2026-08-07,4103.46,ACC_5010,Booking for Bachman Electric,VEND_38,JRN-4254,andersoncolin
GL_581,2026-08-25,818.95,ACC_6020,Booking for Dunder Supplies,VEND_10,JRN-8192,laura58
GL_582,2026-08-07,3439.43,ACC_5010,Booking for Oceanic Freight,VEND_21,JRN-7792,kari39
GL_583,2026-08-22,1592.3,ACC_6020,Booking for InGen Biotech,VEND_28,JRN-5794,cporter
GL_584,2026-08-19,139.78,ACC_6010,Booking for Momcorp Industries,VEND_33,JRN-7731,taylormason
GL_585,2026-08-18,4842.71,ACC_7020,Booking for ACME Corp,VEND_01,JRN-2631,jstone
GL_586,2026-08-12,637.52,ACC_5020,Booking for Massive Dynamic,VEND_19,JRN-4543,markaustin
GL_588,2026-08-07,2821.57,ACC_7020,Booking for Tyrell Systems,VEND_24,JRN-5696,phillipjensen
GL_589,2026-08-03,3277.11,ACC_5010,Booking for Dunder Supplies,VEND_10,JRN-8946,brittney88
GL_590,2026-08-21,4049.11,ACC_7020,Booking for Multi Corp,VEND_30,JRN-5360,terickson
GL_591,2026-08-17,2178.21,ACC_5020,Booking for Sirius Cybernetics,VEND_29,JRN-4822,xcabrera
GL_592,2026-08-25,1260.07,ACC_8020,Booking for Momcorp Industries,VEND_33,JRN-6280,emily69
GL_593,2026-08-19,1898.15,ACC_6020,Booking for Stark Logistics,VEND_03,JRN-3998,laura09
GL_594,2026-08-05,3677.91,ACC_5020,Booking for Omni Consumer,VEND_34,JRN-9444,pbaker
GL_595,2026-08-15,2633.05,ACC_8020,Booking for Omni Consumer,VEND_34,JRN-5736,jennifersilva
GL_598,2026-08-02,3183.57,ACC_8010,Booking for Bachman Electric,VEND_38,JRN-2866,alexandriagriffith
GL_599,2026-08-16,504.3,ACC_8010,Booking for Momcorp Industries,VEND_33,JRN-8308,rhernandez
GL_600,2026-08-09,749.44,ACC_5010,Booking for Rekall Solutions,VEND_18,JRN-2097,anthonyvaughan
GL_601,2026-08-22,2288.6,ACC_8020,Booking for Hooli Services,VEND_12,JRN-5327,leescott
GL_602,2026-08-02,1778.19,ACC_8020,Booking for Initech Solutions,VEND_06,JRN-3286,shernandez
GL_603,2026-08-05,4204.31,ACC_5010,Booking for Dharma Provisions,VEND_27,JRN-4511,roberthampton
GL_604,2026-08-19,3698.37,ACC_7020,Booking for Delos Hospitality,VEND_23,JRN-1835,vsalas
GL_605,2026-08-15,2053.85,ACC_8010,Booking for Buy n Large Corp,VEND_20,JRN-8548,thorntonapril
GL_606,2026-08-19,1244.94,ACC_5010,Booking for Weyland Industries,VEND_25,JRN-2458,whitney78
GL_607,2026-08-26,2299.22,ACC_7020,Booking for Oceanic Freight,VEND_21,JRN-1899,ledwards
GL_608,2026-08-04,4596.79,ACC_5020,Booking for Delos Hospitality,VEND_23,JRN-1449,vbarr
GL_609,2026-08-09,4031.35,ACC_6020,Booking for Nakatomi Trading,VEND_17,JRN-2557,erica49
GL_610,2026-08-11,3420.82,ACC_8010,Booking for Hooli Services,VEND_12,JRN-2371,plee
GL_611,2026-08-14,578.72,ACC_5020,Booking for Umbrella Corp,VEND_07,JRN-7051,angela34
GL_612,2026-08-02,216.13,ACC_8020,Booking for Initech Solutions,VEND_06,JRN-3401,janet75
GL_613,2026-08-03,4296.38,ACC_7020,Booking for Vandelay Trading,VEND_09,JRN-1367,ybailey
GL_614,2026-08-21,2875.6,ACC_8010,Booking for Hooli Services,VEND_12,JRN-1500,keith98
GL_615,2026-08-21,2321.87,ACC_5010,Booking for Rekall Solutions,VEND_18,JRN-9955,zhuang
GL_616,2026-08-25,462.59,ACC_8010,Booking for Wayne Enterprises,VEND_04,JRN-5260,stephanie24
GL_617,2026-08-06,2259.89,ACC_5020,Booking for Veridian Dynamics,VEND_32,JRN-2970,robertsjennifer
GL_618,2026-08-18,3866.67,ACC_7020,Booking for Los Pollos Dist.,VEND_14,JRN-6833,sandra47
GL_619,2026-08-02,457.31,ACC_8020,Booking for Lestrade & Co,VEND_37,JRN-9407,jamesryan
GL_620,2026-08-01,4492.91,ACC_5020,Booking for Dunder Supplies,VEND_10,JRN-8214,derrick99
GL_621,2026-08-05,3530.27,ACC_8010,Booking for Primatech Paper,VEND_26,JRN-7124,johnsantiago
GL_622,2026-08-13,4235.84,ACC_7020,Booking for Cyberdyne Systems,VEND_05,JRN-1188,danawilliams
GL_623,2026-08-12,1733.85,ACC_7020,Booking for Buy n Large Corp,VEND_20,JRN-3827,erivera
GL_624,2026-08-11,494.24,ACC_5020,Booking for Multi Corp,VEND_30,JRN-1420,maldonadoderrick
GL_625,2026-08-13,3337.6,ACC_6020,Booking for Buy n Large Corp,VEND_20,JRN-9848,richarddonovan
GL_626,2026-08-21,3475.33,ACC_5010,Booking for Veridian Dynamics,VEND_32,JRN-7861,mwoods
GL_628,2026-08-18,4828.27,ACC_7020,Booking for Sirius Cybernetics,VEND_29,JRN-6246,manuel01
GL_629,2026-08-04,1137.22,ACC_6020,Booking for Omni Consumer,VEND_34,JRN-2535,amandasharp
GL_630,2026-08-18,829.87,ACC_5020,Booking for Bachman Electric,VEND_38,JRN-4095,gentrygregory
GL_631,2026-08-16,4545.18,ACC_7020,Booking for Gekko Capital,VEND_40,JRN-2394,sarahjohnson
GL_632,2026-08-21,344.79,ACC_6020,Booking for Buy n Large Corp,VEND_20,JRN-7606,lfrench
GL_633,2026-08-04,659.48,ACC_5010,Booking for Pawnee Power,VEND_39,JRN-2376,nancy04
GL_634,2026-08-26,4195.89,ACC_5020,Booking for Primatech Paper,VEND_26,JRN-9370,hebertmatthew
GL_635,2026-08-19,2774.84,ACC_7020,Booking for Oceanic Freight,VEND_21,JRN-5430,ihays
GL_636,2026-08-04,691.65,ACC_8010,Booking for Dunder Supplies,VEND_10,JRN-7938,ismall
GL_637,2026-08-08,4635.81,ACC_8010,Booking for Stark Logistics,VEND_03,JRN-9268,znelson
GL_638,2026-08-21,3100.96,ACC_5020,Booking for Pied Piper Tech,VEND_11,JRN-8591,riverajessica
GL_639,2026-08-23,3293.6,ACC_7020,Booking for Massive Dynamic,VEND_19,JRN-8817,jennifer05
GL_640,2026-08-25,2432.46,ACC_8020,Booking for Vandelay Trading,VEND_09,JRN-1819,ashley32
GL_641,2026-08-08,4696.64,ACC_6020,Booking for Gekko Capital,VEND_40,JRN-1706,gwilcox
GL_642,2026-08-12,2152.05,ACC_8010,Booking for Sorin Systems,VEND_36,JRN-6810,christopher12
GL_643,2026-08-25,4935.23,ACC_5020,Booking for Momcorp Industries,VEND_33,JRN-2931,thomasboyle
GL_645,2026-08-22,4234.53,ACC_6020,Booking for Frobozz Electric,VEND_31,JRN-2448,greenjoe
GL_646,2026-08-10,1126.99,ACC_8020,Booking for Nakatomi Trading,VEND_17,JRN-7938,stephanie49
GL_647,2026-08-25,2320.42,ACC_5010,Booking for Umbrella Corp,VEND_07,JRN-6809,greenmichael
GL_649,2026-08-14,1073.88,ACC_6020,Booking for Oceanic Freight,VEND_21,JRN-1721,bryanwilson
GL_650,2026-08-24,2121.72,ACC_7020,Booking for Bluth Builders,VEND_13,JRN-5065,erik84
GL_651,2026-08-14,810.21,ACC_5020,Booking for Gekko Capital,VEND_40,JRN-8987,fowlershelia
GL_652,2026-08-21,1857.09,ACC_6010,Booking for Rekall Solutions,VEND_18,JRN-4672,christina32
GL_653,2026-08-05,644.44,ACC_6010,Booking for Multi Corp,VEND_30,JRN-7183,vhernandez
GL_654,2026-08-20,868.26,ACC_6010,Booking for Gekko Capital,VEND_40,JRN-2753,robert87
GL_655,2026-08-08,523.72,ACC_6020,Booking for Omni Consumer,VEND_34,JRN-7523,kathleenbecker
GL_656,2026-08-24,2197.74,ACC_5020,Booking for Sterling Cooper,VEND_16,JRN-5798,foxallison
GL_657,2026-08-14,4902.9,ACC_5010,Booking for Stark Logistics,VEND_03,JRN-7908,christian91
GL_658,2026-08-02,2185.92,ACC_8020,Booking for Primatech Paper,VEND_26,JRN-5637,poolerebecca
GL_659,2026-08-04,2316.96,ACC_8010,Booking for Sterling Cooper,VEND_16,JRN-7165,ashleyhernandez
GL_661,2026-08-22,1593.7,ACC_6020,Booking for Multi Corp,VEND_30,JRN-9958,melissa71
GL_662,2026-08-26,779.26,ACC_8020,Booking for Primatech Paper,VEND_26,JRN-5338,jenniferburns
GL_663,2026-08-21,2375.11,ACC_7020,Booking for ACME Corp,VEND_01,JRN-9383,dstokes
GL_664,2026-08-14,3789.15,ACC_6020,Booking for Gekko Capital,VEND_40,JRN-3485,williambryant
GL_665,2026-08-26,3454.86,ACC_5010,Booking for Gekko Capital,VEND_40,JRN-8273,hansenemily
GL_666,2026-08-18,4732.08,ACC_5020,Booking for Tyrell Systems,VEND_24,JRN-6538,jennifer64
GL_667,2026-08-12,958.81,ACC_5010,Booking for Sorin Systems,VEND_36,JRN-7323,reesebeth
GL_668,2026-08-08,2744.21,ACC_5020,Booking for Frobozz Electric,VEND_31,JRN-3618,hendersonisabella
GL_669,2026-08-12,4499.87,ACC_6020,Booking for Momcorp Industries,VEND_33,JRN-4983,michaelcesar
GL_670,2026-08-15,2482.51,ACC_8020,Booking for Omni Consumer,VEND_34,JRN-7662,ajohnson
GL_671,2026-08-20,1903.91,ACC_6010,Booking for Cyberdyne Systems,VEND_05,JRN-9890,kaylacannon
GL_672,2026-08-03,635.89,ACC_8010,Booking for Rekall Solutions,VEND_18,JRN-3048,ybrooks
GL_674,2026-08-16,1798.83,ACC_5010,Booking for Sirius Cybernetics,VEND_29,JRN-9233,ykane
GL_675,2026-08-26,1238.41,ACC_7020,Booking for Omni Consumer,VEND_34,JRN-4637,qmiller
GL_676,2026-08-19,3362.69,ACC_6020,Booking for Omni Consumer,VEND_34,JRN-9759,desireebailey
GL_677,2026-08-06,3967.41,ACC_7020,Booking for Prestige Worldwide,VEND_15,JRN-9727,victorialong
GL_678,2026-08-25,4243.02,ACC_8010,Booking for Dunder Supplies,VEND_10,JRN-4734,jessicawalker
GL_679,2026-08-10,993.17,ACC_8010,Booking for Hooli Services,VEND_12,JRN-1673,avilatiffany
GL_680,2026-08-06,301.64,ACC_6010,Booking for Oceanic Freight,VEND_21,JRN-5235,inunez
GL_682,2026-08-10,695.3,ACC_6020,Booking for Globex Inc,VEND_02,JRN-8856,opatel
GL_683,2026-08-15,4644.3,ACC_8010,Booking for Dunder Supplies,VEND_10,JRN-8293,stevenmoore
GL_684,2026-08-17,4490.29,ACC_7020,Booking for Lestrade & Co,VEND_37,JRN-1361,sharonhardy
GL_685,2026-08-24,4543.72,ACC_8010,Booking for Sirius Cybernetics,VEND_29,JRN-2038,johnsondonna
GL_686,2026-08-23,2799.7,ACC_6020,Booking for Buy n Large Corp,VEND_20,JRN-2210,allencarlos
GL_687,2026-08-04,1699.2,ACC_8020,Booking for Pawnee Power,VEND_39,JRN-2850,griffinemily
GL_688,2026-08-01,509.59,ACC_8010,Booking for Sirius Cybernetics,VEND_29,JRN-5067,sanchezbradley
GL_689,2026-08-17,2032.68,ACC_6020,Booking for Veridian Dynamics,VEND_32,JRN-3674,nyoung
GL_690,2026-08-05,3608.22,ACC_5020,Booking for InGen Biotech,VEND_28,JRN-7674,taylorvictoria
GL_691,2026-08-10,4889.87,ACC_5010,Booking for Sorin Systems,VEND_36,JRN-4811,lisadennis
GL_692,2026-08-10,902.57,ACC_5020,Booking for InGen Biotech,VEND_28,JRN-8784,barbara53
GL_693,2026-08-07,1585.83,ACC_8010,Booking for Omni Consumer,VEND_34,JRN-7678,nancy83
GL_694,2026-08-19,3804.96,ACC_5010,Booking for Initech Solutions,VEND_06,JRN-6598,dturner
GL_695,2026-08-19,2364.39,ACC_5020,Booking for Lestrade & Co,VEND_37,JRN-1717,conniesimmons
GL_696,2026-08-02,4131.72,ACC_6020,Booking for Buy n Large Corp,VEND_20,JRN-6262,wwilliams
GL_697,2026-08-01,3976.98,ACC_8010,Booking for Dunder Supplies,VEND_10,JRN-9372,ufloyd
GL_698,2026-08-22,2415.45,ACC_7020,Booking for Massive Dynamic,VEND_19,JRN-6446,trussell
GL_699,2026-08-25,1458.36,ACC_8020,Booking for Cyberdyne Systems,VEND_05,JRN-1359,iwhite
GL_700,2026-08-21,3460.97,ACC_5020,Booking for Soylent Industries,VEND_08,JRN-6903,oallen
GL_701,2026-08-21,386.7,ACC_6020,Booking for Oceanic Freight,VEND_21,JRN-9119,meredith27
GL_702,2026-08-12,2155.62,ACC_5020,Booking for Delos Hospitality,VEND_23,JRN-5295,harttammy
GL_703,2026-08-25,563.09,ACC_5010,Booking for Pied Piper Tech,VEND_11,JRN-2595,paulscott
GL_704,2026-08-22,4019.4,ACC_7020,Booking for Rekall Solutions,VEND_18,JRN-6208,deborah75
GL_706,2026-08-07,857.32,ACC_8020,Booking for Prestige Worldwide,VEND_15,JRN-1517,nicholsmaria
GL_707,2026-08-18,3105.8,ACC_5020,Booking for Omni Consumer,VEND_34,JRN-5737,adamsemily
GL_708,2026-08-03,671.17,ACC_6010,Booking for Vandelay Trading,VEND_09,JRN-1462,russojacob
GL_709,2026-08-20,2663.29,ACC_8010,Booking for Wernham Hogg,VEND_22,JRN-7822,timothybooth
GL_711,2026-08-03,192.15,ACC_6020,Booking for Frobozz Electric,VEND_31,JRN-2035,kevin03
GL_712,2026-08-19,390.4,ACC_8010,Booking for Soylent Industries,VEND_08,JRN-8933,suzannewilson
GL_713,2026-08-20,1106.47,ACC_8010,Booking for Bluth Builders,VEND_13,JRN-2070,srocha
GL_715,2026-08-20,1284.93,ACC_8020,Booking for Lestrade & Co,VEND_37,JRN-9450,randyallen
GL_716,2026-08-25,167.12,ACC_8020,Booking for Los Pollos Dist.,VEND_14,JRN-9818,kimberly67
GL_717,2026-08-06,4518.14,ACC_8010,Booking for  Freight,VEND_35,JRN-9955,kyle58
GL_718,2026-08-23,2987.96,ACC_8020,Booking for Sirius Cybernetics,VEND_29,JRN-1685,zowens
GL_719,2026-08-07,2619.83,ACC_8010,Booking for Dharma Provisions,VEND_27,JRN-9864,ugill
GL_720,2026-08-04,2382.92,ACC_8020,Booking for Omni Consumer,VEND_34,JRN-1046,nathangutierrez
GL_721,2026-08-23,1512.53,ACC_8020,Booking for Stark Logistics,VEND_03,JRN-7565,joycesmith
GL_722,2026-08-20,3707.25,ACC_7020,Booking for Sirius Cybernetics,VEND_29,JRN-3383,mphillips
GL_723,2026-08-26,2430.82,ACC_5010,Booking for Tyrell Systems,VEND_24,JRN-5448,jerry93
GL_724,2026-08-16,3393.27,ACC_5010,Booking for Primatech Paper,VEND_26,JRN-8255,rpierce
GL_725,2026-08-13,2063.06,ACC_6020,Booking for Bachman Electric,VEND_38,JRN-7778,jonathan77
GL_726,2026-08-06,417.08,ACC_8020,Booking for Bluth Builders,VEND_13,JRN-2713,yjackson
GL_727,2026-08-14,3653.48,ACC_5020,Booking for Rekall Solutions,VEND_18,JRN-6348,gary87
GL_728,2026-08-19,1437.57,ACC_7020,Booking for Primatech Paper,VEND_26,JRN-4026,sabrinaweaver
GL_729,2026-08-09,822.13,ACC_6020,Booking for Multi Corp,VEND_30,JRN-7169,warrenmary
GL_730,2026-08-01,588.06,ACC_6010,Booking for Wayne Enterprises,VEND_04,JRN-9944,landryelizabeth
GL_731,2026-08-20,3428.1,ACC_7020,Booking for Dunder Supplies,VEND_10,JRN-9821,gutierrezmegan
GL_732,2026-08-07,1538.46,ACC_7020,Booking for Veridian Dynamics,VEND_32,JRN-5079,carloshernandez
GL_733,2026-08-14,4412.62,ACC_8010,Booking for Soylent Industries,VEND_08,JRN-7485,williambrooks
GL_734,2026-08-02,261.01,ACC_8020,Booking for Sorin Systems,VEND_36,JRN-6105,bhopkins
GL_735,2026-08-05,1631.05,ACC_7020,Booking for Weyland Industries,VEND_25,JRN-7244,patelrobert
GL_736,2026-08-18,4286.32,ACC_8010,Booking for Momcorp Industries,VEND_33,JRN-6117,morenojoshua
GL_737,2026-08-25,4891.14,ACC_5010,Booking for Oceanic Freight,VEND_21,JRN-6362,andre62
GL_738,2026-08-26,3736.08,ACC_6020,Booking for Globex Inc,VEND_02,JRN-5279,hullalice
GL_740,2026-08-10,660.91,ACC_6010,Booking for Pied Piper Tech,VEND_11,JRN-1807,jamesfox
GL_741,2026-08-15,1406.43,ACC_5010,Booking for Frobozz Electric,VEND_31,JRN-3208,joseph61
GL_742,2026-08-13,2894.73,ACC_8020,Booking for Oceanic Freight,VEND_21,JRN-3958,susan79
GL_743,2026-08-04,3485.23,ACC_5010,Booking for Los Pollos Dist.,VEND_14,JRN-8827,veronicaperez
GL_744,2026-08-12,4850.2,ACC_6020,Booking for Bluth Builders,VEND_13,JRN-5036,valdezmichele
GL_745,2026-08-26,469.07,ACC_8010,Booking for  Freight,VEND_35,JRN-1728,davisnicholas
GL_746,2026-08-20,3740.15,ACC_6020,Booking for Initech Solutions,VEND_06,JRN-2857,abrown
GL_747,2026-08-03,2875.5,ACC_5010,Booking for Omni Consumer,VEND_34,JRN-8773,christopherbruce
GL_748,2026-08-26,1569.55,ACC_5010,Booking for  Freight,VEND_35,JRN-7921,ariel18
GL_749,2026-08-06,4416.39,ACC_5010,Booking for Omni Consumer,VEND_34,JRN-4720,hallrachel
GL_750,2026-08-21,2710.32,ACC_8010,Booking for Gekko Capital,VEND_40,JRN-9811,enelson
GL_752,2026-08-24,3458.0,ACC_8010,Booking for Buy n Large Corp,VEND_20,JRN-7469,rachel90
GL_753,2026-08-09,4136.18,ACC_5020,Booking for Pied Piper Tech,VEND_11,JRN-7901,sarahedwards
GL_754,2026-08-05,1040.39,ACC_6010,Booking for Sterling Cooper,VEND_16,JRN-5072,brendagoodwin
GL_755,2026-08-21,4537.71,ACC_7020,Booking for Bluth Builders,VEND_13,JRN-3060,thickman
GL_756,2026-08-21,4277.35,ACC_5010,Booking for Veridian Dynamics,VEND_32,JRN-9432,anneknight
GL_757,2026-08-03,4512.82,ACC_8010,Booking for Dharma Provisions,VEND_27,JRN-5258,irhodes
GL_758,2026-08-08,648.47,ACC_6010,Booking for Momcorp Industries,VEND_33,JRN-7101,patrick21
GL_759,2026-08-03,1266.58,ACC_7020,Booking for Soylent Industries,VEND_08,JRN-1914,brian63
GL_760,2026-08-14,1168.24,ACC_6020,Booking for Umbrella Corp,VEND_07,JRN-8954,petersonkayla
GL_761,2026-08-15,2101.04,ACC_5010,Booking for Bachman Electric,VEND_38,JRN-1805,unovak
GL_762,2026-08-14,2426.79,ACC_5010,Booking for Sterling Cooper,VEND_16,JRN-5933,walterskristen
GL_764,2026-08-23,4595.54,ACC_5020,Booking for Sterling Cooper,VEND_16,JRN-5894,whenry
GL_765,2026-08-08,4302.47,ACC_8010,Booking for Weyland Industries,VEND_25,JRN-5099,rreynolds
GL_766,2026-08-09,1574.35,ACC_5020,Booking for Sterling Cooper,VEND_16,JRN-1769,nmiller
GL_767,2026-08-06,4587.86,ACC_6020,Booking for Oceanic Freight,VEND_21,JRN-7165,lauren11
GL_768,2026-08-25,4708.43,ACC_7020,Booking for Frobozz Electric,VEND_31,JRN-5488,eric26
GL_769,2026-08-11,3615.19,ACC_8010,Booking for Umbrella Corp,VEND_07,JRN-8125,michael10
GL_770,2026-08-14,3050.37,ACC_7020,Booking for Sorin Systems,VEND_36,JRN-9151,sean41
GL_771,2026-08-21,2272.79,ACC_7020,Booking for Vandelay Trading,VEND_09,JRN-5294,christopherjordan
GL_772,2026-08-04,873.33,ACC_5020,Booking for Omni Consumer,VEND_34,JRN-1235,fgarcia
GL_773,2026-08-25,737.46,ACC_6010,Booking for Pawnee Power,VEND_39,JRN-6156,angela99
GL_774,2026-08-11,2312.3,ACC_7020,Booking for Vandelay Trading,VEND_09,JRN-6966,michelle04
GL_775,2026-08-03,2131.03,ACC_7020,Booking for Hooli Services,VEND_12,JRN-8259,fhughes
GL_776,2026-08-19,1199.99,ACC_6010,Booking for Globex Inc,VEND_02,JRN-9806,ashleyjackson
GL_777,2026-08-07,1382.74,ACC_5010,Booking for Pied Piper Tech,VEND_11,JRN-8382,rjackson
GL_778,2026-08-03,4794.36,ACC_6020,Booking for Pied Piper Tech,VEND_11,JRN-6225,joseph21
GL_779,2026-08-22,2521.33,ACC_5020,Booking for Prestige Worldwide,VEND_15,JRN-4150,ryanfisher
GL_780,2026-08-13,737.98,ACC_8010,Booking for Los Pollos Dist.,VEND_14,JRN-1473,xpatton
GL_781,2026-08-10,3660.87,ACC_7020,Booking for Bluth Builders,VEND_13,JRN-3143,sheryl79
GL_782,2026-08-09,1253.88,ACC_5020,Booking for Sirius Cybernetics,VEND_29,JRN-7054,stephentaylor
GL_784,2026-08-03,566.87,ACC_6010,Booking for Wayne Enterprises,VEND_04,JRN-7626,rushmartin
GL_785,2026-08-16,4550.31,ACC_7020,Booking for Pawnee Power,VEND_39,JRN-3143,vbrock
GL_786,2026-08-17,3136.32,ACC_5020,Booking for Buy n Large Corp,VEND_20,JRN-7860,pcook
GL_787,2026-08-09,932.35,ACC_6010,Booking for Veridian Dynamics,VEND_32,JRN-5738,kevinmorrison
GL_788,2026-08-09,672.53,ACC_5010,Booking for Stark Logistics,VEND_03,JRN-2776,timothythompson
GL_789,2026-08-09,3764.33,ACC_7020,Booking for InGen Biotech,VEND_28,JRN-6472,snovak
GL_790,2026-08-06,1646.16,ACC_7020,Booking for Veridian Dynamics,VEND_32,JRN-6685,yfaulkner
GL_791,2026-08-05,367.38,ACC_6010,Booking for Hooli Services,VEND_12,JRN-1879,markramirez
GL_793,2026-08-04,1813.06,ACC_5010,Booking for Los Pollos Dist.,VEND_14,JRN-7971,kdiaz
GL_794,2026-08-19,4990.22,ACC_5020,Booking for ACME Corp,VEND_01,JRN-4059,brittanygardner
GL_795,2026-08-25,2540.74,ACC_5010,Booking for Umbrella Corp,VEND_07,JRN-3865,bentonsteven
GL_796,2026-08-19,4652.83,ACC_5020,Booking for Umbrella Corp,VEND_07,JRN-5818,samuelcarter
GL_797,2026-08-15,3178.95,ACC_5020,Booking for Rekall Solutions,VEND_18,JRN-8404,fuenteslaura
GL_798,2026-08-24,4999.12,ACC_7020,Booking for Lestrade & Co,VEND_37,JRN-8837,ichambers
GL_799,2026-08-28,3253.86,ACC_6020,Booking for Oceanic Freight,VEND_21,JRN-7573,john26
GL_800,2026-08-13,1350.3,ACC_5020,Booking for Sterling Cooper,VEND_16,JRN-6177,mjones
GL_801,2026-08-25,2071.74,ACC_8010,Booking for Dunder Supplies,VEND_10,JRN-2103,iaguilar
GL_802,2026-08-12,3361.05,ACC_7020,Booking for Tyrell Systems,VEND_24,JRN-1454,ystephens
GL_803,2026-08-19,3041.67,ACC_5010,Booking for Initech Solutions,VEND_06,JRN-2295,jacqueline89
GL_804,2026-08-20,1013.14,ACC_5020,Booking for InGen Biotech,VEND_28,JRN-5602,rodriguezjohn
GL_805,2026-08-16,2683.67,ACC_8020,Booking for Omni Consumer,VEND_34,JRN-2637,gabriel90
GL_806,2026-08-05,4922.51,ACC_5010,Booking for Buy n Large Corp,VEND_20,JRN-7103,vrasmussen
GL_807,2026-08-02,2615.73,ACC_8010,Booking for Momcorp Industries,VEND_33,JRN-5115,grodriguez
GL_808,2026-08-09,2969.28,ACC_8010,Booking for Momcorp Industries,VEND_33,JRN-9471,jeffrey88
GL_809,2026-08-13,321.77,ACC_8010,Booking for Dharma Provisions,VEND_27,JRN-1982,seanmyers
GL_810,2026-08-20,4056.87,ACC_8010,Booking for Wernham Hogg,VEND_22,JRN-1245,michaeljohnson
GL_811,2026-08-22,621.02,ACC_5010,Booking for  Freight,VEND_35,JRN-8775,phillipssamantha
GL_812,2026-08-15,3489.85,ACC_8010,Booking for Pawnee Power,VEND_39,JRN-9458,wilsonshelia
GL_813,2026-08-26,1583.02,ACC_6020,Booking for Vandelay Trading,VEND_09,JRN-8883,michaelcooper
GL_814,2026-08-07,2457.47,ACC_8020,Booking for Dunder Supplies,VEND_10,JRN-9102,adrianabailey
GL_815,2026-08-10,3871.63,ACC_8010,Booking for Dunder Supplies,VEND_10,JRN-3094,kimheather
GL_816,2026-08-16,2410.3,ACC_5020,Booking for Sirius Cybernetics,VEND_29,JRN-2296,carlos01
GL_817,2026-08-11,137.42,ACC_6020,Booking for InGen Biotech,VEND_28,JRN-8275,sweeneydeborah
GL_818,2026-08-16,2058.43,ACC_5010,Booking for Momcorp Industries,VEND_33,JRN-5476,sarahyang
GL_819,2026-08-17,193.2,ACC_6020,Booking for Lestrade & Co,VEND_37,JRN-3210,andrearivera
GL_820,2026-08-16,3151.21,ACC_7020,Booking for Delos Hospitality,VEND_23,JRN-5310,omullen
GL_821,2026-08-16,1784.85,ACC_8020,Booking for Prestige Worldwide,VEND_15,JRN-3688,lsoto
GL_822,2026-08-10,3642.68,ACC_7020,Booking for Weyland Industries,VEND_25,JRN-2247,vfoster
GL_823,2026-08-21,3699.46,ACC_5020,Booking for Frobozz Electric,VEND_31,JRN-2817,shannonjordan
GL_824,2026-08-22,2466.16,ACC_5020,Booking for Hooli Services,VEND_12,JRN-1876,bushjamie
GL_825,2026-08-10,1250.12,ACC_5020,Booking for Sorin Systems,VEND_36,JRN-9663,raylauren
GL_826,2026-08-06,4156.95,ACC_6020,Booking for Momcorp Industries,VEND_33,JRN-4748,michaelgonzalez
GL_827,2026-08-04,2853.71,ACC_8020,Booking for Veridian Dynamics,VEND_32,JRN-8843,bakermichelle
GL_828,2026-08-27,328.71,ACC_6010,Booking for Sorin Systems,VEND_36,JRN-8046,candice96
GL_829,2026-08-17,3061.02,ACC_6020,Booking for Umbrella Corp,VEND_07,JRN-7322,baileymegan
GL_830,2026-08-15,4015.04,ACC_8010,Booking for Soylent Industries,VEND_08,JRN-1787,lisamccarthy
GL_831,2026-08-04,918.53,ACC_6020,Booking for Soylent Industries,VEND_08,JRN-6740,samantha91
GL_832,2026-08-06,3668.91,ACC_5020,Booking for Sirius Cybernetics,VEND_29,JRN-7037,lawrenceallen
GL_833,2026-08-11,4113.89,ACC_6020,Booking for Soylent Industries,VEND_08,JRN-9422,whiteheather
GL_834,2026-08-26,2420.95,ACC_5020,Booking for Massive Dynamic,VEND_19,JRN-6075,ibarnes
GL_835,2026-08-21,3358.48,ACC_5020,Booking for Dunder Supplies,VEND_10,JRN-3021,fhenderson
GL_836,2026-08-14,4598.3,ACC_8010,Booking for Multi Corp,VEND_30,JRN-4810,angelaburns
GL_837,2026-08-12,4724.33,ACC_8010,Booking for Sirius Cybernetics,VEND_29,JRN-6313,jacobwilkinson
GL_838,2026-08-11,1642.54,ACC_6010,Booking for Pied Piper Tech,VEND_11,JRN-6931,glennstephanie
GL_839,2026-08-21,4902.23,ACC_6020,Booking for Omni Consumer,VEND_34,JRN-1772,ytaylor
GL_840,2026-08-12,137.37,ACC_6020,Booking for Rekall Solutions,VEND_18,JRN-5169,fortiz
GL_841,2026-08-25,2079.3,ACC_8020,Booking for Los Pollos Dist.,VEND_14,JRN-7019,cmckinney
GL_842,2026-08-21,2266.5,ACC_6020,Booking for Delos Hospitality,VEND_23,JRN-8654,kjackson
GL_843,2026-08-02,2733.42,ACC_6020,Booking for Weyland Industries,VEND_25,JRN-3386,flynnjeffrey
GL_844,2026-08-03,2607.19,ACC_5020,Booking for Buy n Large Corp,VEND_20,JRN-2256,hillamanda
GL_845,2026-08-06,214.77,ACC_5020,Booking for  Freight,VEND_35,JRN-3292,kimberlycunningham
GL_846,2026-08-04,3686.41,ACC_7020,Booking for Tyrell Systems,VEND_24,JRN-5677,hdunn
GL_847,2026-08-15,1560.01,ACC_8020,Booking for ACME Corp,VEND_01,JRN-9802,adamsamy
GL_848,2026-08-26,3754.21,ACC_8010,Booking for Bachman Electric,VEND_38,JRN-9048,amber07
GL_849,2026-08-21,3361.05,ACC_8010,Booking for Pawnee Power,VEND_39,JRN-2390,veronicagarcia
GL_850,2026-08-17,3713.81,ACC_7020,Booking for Umbrella Corp,VEND_07,JRN-8182,kennethkidd
GL_851,2026-08-05,3587.04,ACC_7020,Booking for Dharma Provisions,VEND_27,JRN-4379,fbaker
GL_852,2026-08-15,482.56,ACC_6010,Booking for Omni Consumer,VEND_34,JRN-5808,hgrimes
GL_853,2026-08-21,2174.77,ACC_8020,Booking for Sirius Cybernetics,VEND_29,JRN-3725,jasonrojas
GL_854,2026-08-17,722.91,ACC_6020,Booking for Multi Corp,VEND_30,JRN-3780,michelle96
GL_855,2026-08-15,2419.44,ACC_5010,Booking for Pied Piper Tech,VEND_11,JRN-4139,christinaglover
GL_856,2026-08-04,3047.84,ACC_8010,Booking for Dharma Provisions,VEND_27,JRN-9829,lindahudson
GL_857,2026-08-05,676.94,ACC_6020,Booking for Buy n Large Corp,VEND_20,JRN-3780,candice25
GL_858,2026-08-26,2989.16,ACC_5010,Booking for Wayne Enterprises,VEND_04,JRN-8778,keith48
GL_859,2026-08-18,1808.38,ACC_6010,Booking for Stark Logistics,VEND_03,JRN-1206,taylorkaren
GL_860,2026-08-26,1948.8,ACC_8010,Booking for Pawnee Power,VEND_39,JRN-9894,rsellers
GL_861,2026-08-05,4345.09,ACC_5010,Booking for Oceanic Freight,VEND_21,JRN-2102,jacquelineanderson
GL_862,2026-08-08,4513.13,ACC_5010,Booking for Wernham Hogg,VEND_22,JRN-5176,jenniferpoole
GL_863,2026-08-15,3705.97,ACC_6020,Booking for Initech Solutions,VEND_06,JRN-4184,kburns
GL_864,2026-08-21,2840.05,ACC_5020,Booking for Bluth Builders,VEND_13,JRN-6324,courtney67
GL_865,2026-08-17,4494.63,ACC_8010,Booking for Soylent Industries,VEND_08,JRN-9241,schultznicole
GL_866,2026-08-08,4165.48,ACC_5020,Booking for Bachman Electric,VEND_38,JRN-5370,powellkara
GL_867,2026-08-20,1670.11,ACC_7020,Booking for Bachman Electric,VEND_38,JRN-4759,shawn75
GL_868,2026-08-01,1765.79,ACC_6010,Booking for Hooli Services,VEND_12,JRN-4760,meltonmelanie
GL_869,2026-08-11,1971.85,ACC_6010,Booking for Initech Solutions,VEND_06,JRN-1193,simonstephen
GL_870,2026-08-10,3864.69,ACC_5010,Booking for Dunder Supplies,VEND_10,JRN-9432,melissa86
GL_871,2026-08-01,3595.17,ACC_5010,Booking for Buy n Large Corp,VEND_20,JRN-7493,tammysummers
GL_873,2026-08-17,3786.71,ACC_7020,Booking for Weyland Industries,VEND_25,JRN-8768,sadams
GL_874,2026-08-16,241.64,ACC_6020,Booking for Prestige Worldwide,VEND_15,JRN-9424,amy29
GL_875,2026-08-25,2816.38,ACC_6020,Booking for Vandelay Trading,VEND_09,JRN-3822,rkramer
GL_876,2026-08-12,2748.15,ACC_6020,Booking for Pied Piper Tech,VEND_11,JRN-5163,williamsconnie
GL_877,2026-08-01,4081.95,ACC_6020,Booking for Gekko Capital,VEND_40,JRN-6889,ksmith
GL_878,2026-08-01,394.86,ACC_6020,Booking for Frobozz Electric,VEND_31,JRN-5290,bbryant
GL_879,2026-08-19,4219.35,ACC_7020,Booking for Massive Dynamic,VEND_19,JRN-1876,wendyblankenship
GL_880,2026-08-03,2035.35,ACC_6020,Booking for Soylent Industries,VEND_08,JRN-2080,erik41
GL_881,2026-08-20,2573.62,ACC_7020,Booking for Oceanic Freight,VEND_21,JRN-4562,john52
GL_882,2026-08-22,4916.81,ACC_7020,Booking for Wernham Hogg,VEND_22,JRN-2755,sanderskevin
GL_883,2026-08-11,177.79,ACC_6010,Booking for Vandelay Trading,VEND_09,JRN-6251,rubendavis
GL_884,2026-08-14,2823.37,ACC_5020,Booking for Veridian Dynamics,VEND_32,JRN-3020,smiththomas
GL_885,2026-08-22,704.74,ACC_5020,Booking for Weyland Industries,VEND_25,JRN-9792,brittneystone
GL_886,2026-08-17,1915.36,ACC_7020,Booking for Bluth Builders,VEND_13,JRN-9396,ssmith
GL_887,2026-08-07,540.84,ACC_8020,Booking for Gekko Capital,VEND_40,JRN-5185,lisa62
GL_888,2026-08-08,1247.86,ACC_8020,Booking for Veridian Dynamics,VEND_32,JRN-9828,yjones
GL_889,2026-08-07,4922.89,ACC_7020,Booking for Primatech Paper,VEND_26,JRN-7972,crosscurtis
GL_890,2026-08-22,3718.42,ACC_8010,Booking for Pawnee Power,VEND_39,JRN-1998,michael42
GL_891,2026-08-09,4674.46,ACC_6020,Booking for Prestige Worldwide,VEND_15,JRN-6152,wayala
GL_892,2026-08-07,4253.57,ACC_7020,Booking for Globex Inc,VEND_02,JRN-3176,darlenebyrd
GL_893,2026-08-14,3240.73,ACC_7020,Booking for Wayne Enterprises,VEND_04,JRN-2714,morenoalan
GL_894,2026-08-22,2639.65,ACC_6020,Booking for Veridian Dynamics,VEND_32,JRN-8363,scottbowen
GL_895,2026-08-24,1200.29,ACC_8010,Booking for Rekall Solutions,VEND_18,JRN-3253,samanthajensen
GL_896,2026-08-11,500.86,ACC_6010,Booking for Lestrade & Co,VEND_37,JRN-7174,fheath
GL_897,2026-08-08,4892.67,ACC_5020,Booking for InGen Biotech,VEND_28,JRN-1596,taylordavid
GL_898,2026-08-21,3163.94,ACC_5010,Booking for Globex Inc,VEND_02,JRN-9854,bbell
GL_899,2026-08-19,4006.38,ACC_7020,Booking for Wernham Hogg,VEND_22,JRN-5139,kylie34
GL_900,2026-08-02,4126.01,ACC_5020,Booking for Omni Consumer,VEND_34,JRN-5387,wrightcarolyn
GL_901,2026-08-26,3039.83,ACC_5020,Booking for Sirius Cybernetics,VEND_29,JRN-4709,kimberly04
GL_902,2026-08-02,4591.9,ACC_8010,Booking for Weyland Industries,VEND_25,JRN-8365,aprilhicks
GL_903,2026-08-03,1577.21,ACC_7020,Booking for InGen Biotech,VEND_28,JRN-4857,dphillips
GL_904,2026-08-13,2068.25,ACC_5020,Booking for Gekko Capital,VEND_40,JRN-2690,troyrodriguez
GL_905,2026-08-14,2374.62,ACC_5010,Booking for InGen Biotech,VEND_28,JRN-9191,elittle
GL_906,2026-08-11,2980.29,ACC_5010,Booking for Umbrella Corp,VEND_07,JRN-7420,hatfieldsarah
GL_907,2026-08-21,2593.6,ACC_5020,Booking for Delos Hospitality,VEND_23,JRN-4442,paulcombs
GL_908,2026-08-05,4005.43,ACC_5020,Booking for Wayne Enterprises,VEND_04,JRN-9471,rdiaz
GL_909,2026-08-19,4437.59,ACC_8010,Booking for Dunder Supplies,VEND_10,JRN-1808,kathrynbest
GL_910,2026-08-01,2636.63,ACC_8020,Booking for Dunder Supplies,VEND_10,JRN-4474,smithcarlos
GL_911,2026-08-13,1057.49,ACC_5020,Booking for Bluth Builders,VEND_13,JRN-2984,jason06
GL_912,2026-08-11,1027.84,ACC_5010,Booking for Frobozz Electric,VEND_31,JRN-2916,courtney86
GL_913,2026-08-20,3492.83,ACC_5010,Booking for Bachman Electric,VEND_38,JRN-4032,fmiles
GL_914,2026-08-04,2325.72,ACC_5010,Booking for Stark Logistics,VEND_03,JRN-1266,joshuacollins
GL_915,2026-08-21,1192.82,ACC_5010,Booking for Prestige Worldwide,VEND_15,JRN-9552,terrimoore
GL_916,2026-08-09,2061.53,ACC_7020,Booking for ACME Corp,VEND_01,JRN-8110,peter14
GL_917,2026-08-10,2258.0,ACC_7020,Booking for Bachman Electric,VEND_38,JRN-2877,pblair
GL_918,2026-08-10,953.32,ACC_5010,Booking for Nakatomi Trading,VEND_17,JRN-1488,sanchezsandy
GL_920,2026-08-05,1956.72,ACC_7020,Booking for Soylent Industries,VEND_08,JRN-8878,chavezchelsea
GL_921,2026-08-22,939.66,ACC_8020,Booking for Omni Consumer,VEND_34,JRN-7328,elizabeth21
GL_922,2026-08-23,420.35,ACC_5020,Booking for Dunder Supplies,VEND_10,JRN-1183,zimmermanjacqueline
GL_923,2026-08-11,3037.79,ACC_8010,Booking for Sterling Cooper,VEND_16,JRN-2369,tylerreed
GL_924,2026-08-13,1311.14,ACC_5020,Booking for Rekall Solutions,VEND_18,JRN-7105,gary24
GL_925,2026-08-19,4440.59,ACC_7020,Booking for Los Pollos Dist.,VEND_14,JRN-2522,wiseanthony
GL_926,2026-08-26,3351.16,ACC_6020,Booking for Cyberdyne Systems,VEND_05,JRN-2011,enelson
GL_927,2026-08-17,2373.11,ACC_6020,Booking for Oceanic Freight,VEND_21,JRN-6231,jennifer91
GL_928,2026-08-09,2946.52,ACC_5010,Booking for Bachman Electric,VEND_38,JRN-9361,xgibson
GL_929,2026-08-13,1171.11,ACC_8020,Booking for InGen Biotech,VEND_28,JRN-1776,porterashley
GL_930,2026-08-05,3782.95,ACC_7020,Booking for Massive Dynamic,VEND_19,JRN-5527,eric19
GL_931,2026-08-19,3143.52,ACC_8010,Booking for InGen Biotech,VEND_28,JRN-3265,perezwilliam
GL_932,2026-08-09,1973.62,ACC_5020,Booking for Hooli Services,VEND_12,JRN-6158,trevinoalexander
GL_933,2026-08-10,4228.76,ACC_6020,Booking for Momcorp Industries,VEND_33,JRN-7695,ruizpatrick
GL_934,2026-08-04,451.28,ACC_5020,Booking for Stark Logistics,VEND_03,JRN-1571,haroldhorne
GL_935,2026-08-24,4096.27,ACC_5010,Booking for Rekall Solutions,VEND_18,JRN-4253,tranrobin
GL_936,2026-08-25,1567.42,ACC_8010,Booking for Delos Hospitality,VEND_23,JRN-1276,pwalker
GL_937,2026-08-19,3813.25,ACC_7020,Booking for ACME Corp,VEND_01,JRN-7623,umoon
GL_938,2026-08-08,3644.35,ACC_5020,Booking for Los Pollos Dist.,VEND_14,JRN-1057,margaret95
GL_939,2026-08-11,3982.02,ACC_6020,Booking for Oceanic Freight,VEND_21,JRN-6397,shawrachel
GL_940,2026-08-15,4279.43,ACC_8010,Booking for Globex Inc,VEND_02,JRN-7212,jeffreyblack
GL_942,2026-08-19,213.88,ACC_8020,Booking for Stark Logistics,VEND_03,JRN-2221,finleycasey
GL_943,2026-08-11,2884.14,ACC_6020,Booking for Pawnee Power,VEND_39,JRN-1320,xcline
GL_944,2026-08-13,1100.6,ACC_8010,Booking for Primatech Paper,VEND_26,JRN-1754,mark87
GL_945,2026-08-21,4813.5,ACC_7020,Booking for Buy n Large Corp,VEND_20,JRN-7388,woodkelly
GL_946,2026-08-23,3056.48,ACC_7020,Booking for Globex Inc,VEND_02,JRN-5401,jodi37
GL_947,2026-08-08,1526.42,ACC_5010,Booking for Omni Consumer,VEND_34,JRN-2209,brittany73
GL_948,2026-08-11,4312.57,ACC_5010,Booking for Dharma Provisions,VEND_27,JRN-7438,edwardrandolph
GL_949,2026-08-05,2728.62,ACC_6020,Booking for Frobozz Electric,VEND_31,JRN-5900,hallmichael
GL_950,2026-08-10,2217.78,ACC_5010,Booking for Frobozz Electric,VEND_31,JRN-2479,tapiaaaron
GL_951,2026-08-23,3455.7,ACC_5020,Booking for Rekall Solutions,VEND_18,JRN-5623,usweeney
GL_952,2026-08-16,413.45,ACC_8010,Booking for Primatech Paper,VEND_26,JRN-9874,dalton83
GL_953,2026-08-17,2923.05,ACC_5010,Booking for Initech Solutions,VEND_06,JRN-7534,dvasquez
GL_954,2026-08-17,1799.23,ACC_8020,Booking for Buy n Large Corp,VEND_20,JRN-8691,jenniferdavis
GL_955,2026-08-06,2132.71,ACC_5010,Booking for Hooli Services,VEND_12,JRN-7017,phyllismeyer
GL_956,2026-08-13,3522.49,ACC_8010,Booking for Stark Logistics,VEND_03,JRN-4314,stephen19
GL_957,2026-08-23,3660.03,ACC_6020,Booking for Los Pollos Dist.,VEND_14,JRN-3307,wagnerdana
GL_958,2026-08-18,694.03,ACC_6020,Booking for Tyrell Systems,VEND_24,JRN-9753,kjones
GL_959,2026-08-06,1338.56,ACC_8010,Booking for Momcorp Industries,VEND_33,JRN-7639,grahamtamara
GL_960,2026-08-25,2056.77,ACC_7020,Booking for Bluth Builders,VEND_13,JRN-8522,kellyrosales
GL_961,2026-08-22,3768.51,ACC_5010,Booking for Veridian Dynamics,VEND_32,JRN-9650,vhaynes
GL_962,2026-08-16,4120.09,ACC_5020,Booking for Pied Piper Tech,VEND_11,JRN-9846,louis43
GL_963,2026-08-04,2719.8,ACC_7020,Booking for Primatech Paper,VEND_26,JRN-9520,hardingderek
GL_964,2026-08-15,1854.63,ACC_8010,Booking for Los Pollos Dist.,VEND_14,JRN-2938,moorefrank
GL_965,2026-08-18,1159.22,ACC_6020,Booking for Wayne Enterprises,VEND_04,JRN-9669,hedwards
GL_966,2026-08-21,3346.45,ACC_7020,Booking for Umbrella Corp,VEND_07,JRN-2190,tami37
GL_967,2026-08-25,1949.24,ACC_6010,Booking for Bluth Builders,VEND_13,JRN-1501,steven11
GL_968,2026-08-07,547.79,ACC_6010,Booking for Dharma Provisions,VEND_27,JRN-8024,lindseytorres
GL_969,2026-08-04,4004.93,ACC_5020,Booking for Pied Piper Tech,VEND_11,JRN-6947,lewismelissa
GL_970,2026-08-11,2854.07,ACC_7020,Booking for Bluth Builders,VEND_13,JRN-2270,christopherwright
GL_971,2026-08-13,4700.72,ACC_8010,Booking for Soylent Industries,VEND_08,JRN-8446,randy04
GL_972,2026-08-13,3304.56,ACC_7020,Booking for ACME Corp,VEND_01,JRN-1382,lori20
GL_973,2026-08-02,429.92,ACC_8020,Booking for Los Pollos Dist.,VEND_14,JRN-4878,jbond
GL_974,2026-08-16,4917.2,ACC_5020,Booking for Umbrella Corp,VEND_07,JRN-1364,codygarcia
GL_975,2026-08-19,940.15,ACC_5010,Booking for Umbrella Corp,VEND_07,JRN-3174,davidbrown
GL_976,2026-08-23,2003.97,ACC_7020,Booking for Vandelay Trading,VEND_09,JRN-6873,davidcolon
GL_977,2026-08-11,188.18,ACC_8020,Booking for Bachman Electric,VEND_38,JRN-9552,gina19
GL_980,2026-08-24,4398.93,ACC_8010,Booking for Vandelay Trading,VEND_09,JRN-4060,samantha10
GL_981,2026-08-25,216.1,ACC_8020,Booking for Wernham Hogg,VEND_22,JRN-1240,gonzalezdebbie
GL_982,2026-08-20,4376.26,ACC_6020,Booking for Omni Consumer,VEND_34,JRN-2288,christopherboone
GL_983,2026-08-03,4772.94,ACC_8010,Booking for Wayne Enterprises,VEND_04,JRN-1095,david70
GL_984,2026-08-05,549.62,ACC_8010,Booking for Bachman Electric,VEND_38,JRN-7038,sandrahamilton
GL_985,2026-08-07,1257.92,ACC_5020,Booking for Initech Solutions,VEND_06,JRN-2193,ycrawford
GL_986,2026-08-14,964.53,ACC_6020,Booking for Sterling Cooper,VEND_16,JRN-6918,nthompson
GL_987,2026-08-03,4759.96,ACC_6020,Booking for Tyrell Systems,VEND_24,JRN-9363,joshuagriffin
GL_988,2026-08-20,3701.15,ACC_6020,Booking for Dunder Supplies,VEND_10,JRN-2929,austinharvey
GL_989,2026-08-25,4541.64,ACC_7020,Booking for Buy n Large Corp,VEND_20,JRN-8973,deborahporter
GL_990,2026-08-15,1598.65,ACC_6020,Booking for Massive Dynamic,VEND_19,JRN-5764,rbrown
GL_991,2026-08-23,2399.37,ACC_8020,Booking for Dunder Supplies,VEND_10,JRN-2478,mtaylor
GL_992,2026-08-13,4635.89,ACC_5020,Booking for Primatech Paper,VEND_26,JRN-8999,crystalpham
GL_993,2026-08-02,4963.12,ACC_6020,Booking for Soylent Industries,VEND_08,JRN-7309,mayokimberly
GL_994,2026-08-17,3574.73,ACC_8010,Booking for Tyrell Systems,VEND_24,JRN-4029,timothy75
GL_995,2026-08-16,269.09,ACC_5020,Booking for Tyrell Systems,VEND_24,JRN-2582,paul20
GL_996,2026-08-22,822.1,ACC_8010,Booking for Sterling Cooper,VEND_16,JRN-3370,carla04
GL_997,2026-08-06,160.45,ACC_6020,Booking for Initech Solutions,VEND_06,JRN-2505,stokesthomas
GL_998,2026-08-13,3559.74,ACC_8010,Booking for Initech Solutions,VEND_06,JRN-7599,katie32
GL_999,2026-08-06,4165.77,ACC_5020,Booking for Nakatomi Trading,VEND_17,JRN-8139,wrightjohn
GL_1000,2026-08-24,2116.88,ACC_6020,Booking for Initech Solutions,VEND_06,JRN-3900,gallagherstacie
GL_1001,2026-08-25,1126.68,ACC_5020,Booking for Primatech Paper,VEND_26,JRN-8823,lkelly
GL_1002,2026-08-04,442.22,ACC_6020,Booking for Dharma Provisions,VEND_27,JRN-9392,joelstewart
GL_1003,2026-08-12,1013.36,ACC_7020,Booking for Vandelay Trading,VEND_09,JRN-2219,robin05
GL_1004,2026-08-06,1084.61,ACC_6020,Booking for Hooli Services,VEND_12,JRN-1874,annalopez
GL_1005,2026-08-21,914.02,ACC_8020,Booking for Massive Dynamic,VEND_19,JRN-5330,lweaver
GL_1006,2026-08-21,1250.42,ACC_6010,Booking for Veridian Dynamics,VEND_32,JRN-3160,djohnson
GL_1007,2026-08-22,2953.98,ACC_5010,Booking for Stark Logistics,VEND_03,JRN-6678,carolynsmith
GL_1008,2026-08-25,1402.6,ACC_8010,Booking for Veridian Dynamics,VEND_32,JRN-5811,nsmith
GL_1009,2026-08-22,4462.73,ACC_5010,Booking for Oceanic Freight,VEND_21,JRN-6225,lindsaypeterson
GL_1011,2026-08-26,590.87,ACC_6020,Booking for Multi Corp,VEND_30,JRN-9286,samantharichard
GL_1012,2026-08-17,1469.37,ACC_7020,Booking for Sterling Cooper,VEND_16,JRN-3318,brian29
GL_1013,2026-08-01,4932.29,ACC_5020,Booking for Oceanic Freight,VEND_21,JRN-7015,kimmathis
GL_1015,2026-08-12,2196.79,ACC_7020,Booking for Frobozz Electric,VEND_31,JRN-1000,susan56
GL_1016,2026-08-20,1055.88,ACC_8010,Booking for Dunder Supplies,VEND_10,JRN-1295,rogersmarcus
GL_1017,2026-08-26,4298.19,ACC_7020,Booking for Momcorp Industries,VEND_33,JRN-4597,jessicakim
GL_1018,2026-08-15,923.46,ACC_8020,Booking for Sirius Cybernetics,VEND_29,JRN-6606,lbanks
GL_1019,2026-08-06,3791.5,ACC_5010,Booking for Initech Solutions,VEND_06,JRN-8526,jeffrey92
GL_1021,2026-08-22,765.21,ACC_5020,Booking for  Freight,VEND_35,JRN-4461,sparker
GL_1022,2026-08-21,1781.81,ACC_8020,Booking for Weyland Industries,VEND_25,JRN-3228,david09
GL_1023,2026-08-14,4061.39,ACC_6020,Booking for Prestige Worldwide,VEND_15,JRN-8700,xrosales
GL_1024,2026-08-24,3001.78,ACC_5020,Booking for Bluth Builders,VEND_13,JRN-9242,whitelucas
GL_1026,2026-08-25,1888.62,ACC_5020,Booking for Vandelay Trading,VEND_09,JRN-6375,daniellegarcia
GL_1027,2026-08-01,2737.64,ACC_8020,Booking for Multi Corp,VEND_30,JRN-5587,vtaylor
GL_1028,2026-08-10,4202.36,ACC_5010,Booking for Veridian Dynamics,VEND_32,JRN-1957,youngtoni
GL_1029,2026-08-20,1668.68,ACC_5010,Booking for Momcorp Industries,VEND_33,JRN-8954,daisymccarty
GL_1030,2026-08-16,1528.33,ACC_7020,Booking for Weyland Industries,VEND_25,JRN-9465,sean43
GL_1031,2026-08-25,977.2,ACC_5020,Booking for Veridian Dynamics,VEND_32,JRN-3636,heatherbell
GL_1032,2026-08-13,1753.31,ACC_8010,Booking for Frobozz Electric,VEND_31,JRN-5289,lebrandon
GL_1033,2026-08-23,4623.01,ACC_7020,Booking for Sorin Systems,VEND_36,JRN-4938,koconnor
GL_1034,2026-08-15,3307.71,ACC_5010,Booking for Lestrade & Co,VEND_37,JRN-3232,ysnyder
GL_1035,2026-08-07,4041.36,ACC_7020,Booking for Bluth Builders,VEND_13,JRN-2187,amy17
GL_1036,2026-08-13,4756.95,ACC_7020,Booking for InGen Biotech,VEND_28,JRN-9884,franciscojones
GL_1037,2026-08-16,980.2,ACC_6010,Booking for Wayne Enterprises,VEND_04,JRN-1102,phillipslucas
GL_1038,2026-08-21,3640.5,ACC_7020,Booking for Sterling Cooper,VEND_16,JRN-2079,jonesgeorge
GL_1039,2026-08-21,3751.48,ACC_5010,Booking for Initech Solutions,VEND_06,JRN-6757,emartin
GL_1040,2026-08-21,1972.29,ACC_7020,Booking for Sirius Cybernetics,VEND_29,JRN-1966,morgantricia
GL_1042,2026-08-23,3752.26,ACC_5010,Booking for Bachman Electric,VEND_38,JRN-2903,bbush
GL_1043,2026-08-04,1693.62,ACC_7020,Booking for  Freight,VEND_35,JRN-7091,catherinehamilton
GL_1044,2026-08-01,2029.6,ACC_5010,Booking for  Freight,VEND_35,JRN-3916,garciajamie
GL_1045,2026-08-22,4498.25,ACC_7020,Booking for Hooli Services,VEND_12,JRN-2789,robertspencer
GL_1046,2026-08-04,291.8,ACC_5020,Booking for Lestrade & Co,VEND_37,JRN-6160,donna43
GL_1047,2026-08-03,4901.65,ACC_5020,Booking for Momcorp Industries,VEND_33,JRN-8002,williamsashley
GL_1048,2026-08-07,2172.95,ACC_8020,Booking for ACME Corp,VEND_01,JRN-1714,xhernandez
GL_1049,2026-08-15,785.29,ACC_8020,Booking for Veridian Dynamics,VEND_32,JRN-6942,pattersonkelly
GL_1050,2026-08-22,4116.84,ACC_5020,Booking for Sterling Cooper,VEND_16,JRN-8218,bgonzalez
GL_1051,2026-08-19,1859.42,ACC_5010,Booking for Vandelay Trading,VEND_09,JRN-3230,georgecarter
GL_1052,2026-08-13,3283.87,ACC_5020,Booking for Pied Piper Tech,VEND_11,JRN-1718,wellsdarrell
GL_1053,2026-08-18,1098.44,ACC_5010,Booking for Rekall Solutions,VEND_18,JRN-8575,qruiz
GL_1054,2026-08-05,1650.17,ACC_5010,Booking for InGen Biotech,VEND_28,JRN-8048,christopher86
GL_1055,2026-08-08,479.87,ACC_8020,Booking for Soylent Industries,VEND_08,JRN-6143,nathanjames
GL_1056,2026-08-22,535.97,ACC_5010,Booking for Wernham Hogg,VEND_22,JRN-8927,seanbaker
GL_1057,2026-08-04,1948.06,ACC_6010,Booking for Prestige Worldwide,VEND_15,JRN-2419,rbaker
GL_1058,2026-08-04,961.08,ACC_8010,Booking for Buy n Large Corp,VEND_20,JRN-6116,hernandezheather
GL_1059,2026-08-04,2691.9,ACC_8010,Booking for Lestrade & Co,VEND_37,JRN-6361,millermaurice
GL_1060,2026-08-06,1658.18,ACC_8010,Booking for Weyland Industries,VEND_25,JRN-5801,larellano
GL_1061,2026-08-22,4843.2,ACC_5020,Booking for  Freight,VEND_35,JRN-3307,angelarandall
GL_1062,2026-08-13,2436.62,ACC_8010,Booking for Vandelay Trading,VEND_09,JRN-9550,rsheppard
GL_1063,2026-08-13,2881.05,ACC_7020,Booking for Rekall Solutions,VEND_18,JRN-7769,parmstrong
GL_1064,2026-08-23,2343.15,ACC_8010,Booking for Sirius Cybernetics,VEND_29,JRN-4495,zevans
GL_1065,2026-08-17,4714.22,ACC_7020,Booking for Prestige Worldwide,VEND_15,JRN-6646,shawrachel
GL_1066,2026-08-10,2091.92,ACC_5020,Booking for Oceanic Freight,VEND_21,JRN-5212,davidtodd
GL_1067,2026-08-06,2919.05,ACC_6020,Booking for Initech Solutions,VEND_06,JRN-8736,stacyjackson
GL_1068,2026-08-22,2592.54,ACC_5010,Booking for Vandelay Trading,VEND_09,JRN-7773,lindseymartinez
GL_1069,2026-08-01,3119.8,ACC_5010,Booking for ACME Corp,VEND_01,JRN-9432,rmiller
GL_1070,2026-08-22,3085.05,ACC_5020,Booking for Pawnee Power,VEND_39,JRN-8768,oharris
GL_1071,2026-08-03,1898.55,ACC_5020,Booking for Vandelay Trading,VEND_09,JRN-6093,maryscott
GL_1072,2026-08-14,2527.99,ACC_8010,Booking for Pied Piper Tech,VEND_11,JRN-2354,millerangela
GL_1073,2026-08-10,2467.31,ACC_5020,Booking for Nakatomi Trading,VEND_17,JRN-2158,melissa87
GL_1074,2026-08-10,4652.63,ACC_5010,Booking for Momcorp Industries,VEND_33,JRN-5224,buchanancindy
GL_1075,2026-08-20,4256.92,ACC_6020,Booking for Wayne Enterprises,VEND_04,JRN-1743,jrodriguez
GL_1076,2026-08-04,125.26,ACC_6010,Booking for Hooli Services,VEND_12,JRN-6763,ashleyaguilar
GL_1077,2026-08-03,2692.57,ACC_8010,Booking for Dunder Supplies,VEND_10,JRN-7607,buckleyanna
GL_1078,2026-08-01,862.59,ACC_5020,Booking for Nakatomi Trading,VEND_17,JRN-4001,floydmikayla
GL_1079,2026-08-06,2728.49,ACC_5010,Booking for Rekall Solutions,VEND_18,JRN-8672,natalie46
GL_1081,2026-08-05,2033.28,ACC_6020,Booking for Wernham Hogg,VEND_22,JRN-4495,earmstrong
GL_1082,2026-08-14,2496.43,ACC_8020,Booking for Veridian Dynamics,VEND_32,JRN-6897,jacksonrichard
GL_1083,2026-08-24,4625.45,ACC_7020,Booking for Weyland Industries,VEND_25,JRN-5194,vwilliams
GL_1084,2026-08-26,203.65,ACC_6010,Booking for Dunder Supplies,VEND_10,JRN-6527,brandonalvarez
GL_1085,2026-08-14,4884.55,ACC_5020,Booking for ACME Corp,VEND_01,JRN-7892,penny05
GL_1086,2026-08-08,3126.3,ACC_8010,Booking for Momcorp Industries,VEND_33,JRN-1990,larry71
GL_1087,2026-08-22,4120.99,ACC_7020,Booking for Bluth Builders,VEND_13,JRN-5472,dennismccann
GL_1088,2026-08-04,3535.61,ACC_8010,Booking for Momcorp Industries,VEND_33,JRN-8133,uschroeder
GL_1089,2026-08-04,748.25,ACC_5010,Booking for Stark Logistics,VEND_03,JRN-8033,jessica91
GL_1090,2026-08-14,186.54,ACC_6020,Booking for Bluth Builders,VEND_13,JRN-4174,scottmcintyre
GL_1091,2026-08-08,1747.27,ACC_7020,Booking for Frobozz Electric,VEND_31,JRN-9977,wfigueroa
GL_1092,2026-08-09,1881.52,ACC_5020,Booking for Delos Hospitality,VEND_23,JRN-5118,lori82
GL_1093,2026-08-01,355.44,ACC_6020,Booking for Oceanic Freight,VEND_21,JRN-9879,collinswilliam
GL_1094,2026-08-06,1336.09,ACC_7020,Booking for Veridian Dynamics,VEND_32,JRN-4198,kimberlywarren
GL_1095,2026-08-11,1866.79,ACC_7020,Booking for Tyrell Systems,VEND_24,JRN-5974,thompsonnancy
GL_1096,2026-08-21,1452.14,ACC_5020,Booking for Bachman Electric,VEND_38,JRN-6208,marywright
GL_1097,2026-08-05,3184.84,ACC_5020,Booking for Pawnee Power,VEND_39,JRN-7268,xwilliams
GL_1098,2026-08-04,466.91,ACC_6020,Booking for  Freight,VEND_35,JRN-7650,joshuacolon
GL_1100,2026-08-15,3186.34,ACC_5020,Booking for Soylent Industries,VEND_08,JRN-9850,hreid
GL_1101,2026-08-20,1443.33,ACC_5010,Booking for Vandelay Trading,VEND_09,JRN-6420,allentracy
GL_1102,2026-08-02,3992.51,ACC_6020,Booking for Bluth Builders,VEND_13,JRN-1869,ethompson
GL_1103,2026-08-15,3778.57,ACC_7020,Booking for Weyland Industries,VEND_25,JRN-8279,max41
GL_1104,2026-08-06,117.64,ACC_6020,Booking for Lestrade & Co,VEND_37,JRN-1821,anthony02
GL_1105,2026-08-23,3630.84,ACC_7020,Booking for Nakatomi Trading,VEND_17,JRN-6899,mercedesholland
GL_1106,2026-08-10,323.5,ACC_8020,Booking for Sterling Cooper,VEND_16,JRN-6497,josephortiz
GL_1107,2026-08-26,352.45,ACC_6020,Booking for Sterling Cooper,VEND_16,JRN-2311,hancocktammy
GL_1108,2026-08-11,507.91,ACC_6010,Booking for Sorin Systems,VEND_36,JRN-7505,wellsdavid
GL_1109,2026-08-02,3167.18,ACC_5020,Booking for ACME Corp,VEND_01,JRN-4374,carolynsmith
GL_1110,2026-08-01,2733.2,ACC_8010,Booking for Bachman Electric,VEND_38,JRN-3994,charlene44
GL_1111,2026-08-16,1181.13,ACC_7020,Booking for Rekall Solutions,VEND_18,JRN-1557,wwoodard
GL_1112,2026-08-08,3676.08,ACC_8010,Booking for InGen Biotech,VEND_28,JRN-6460,dking
GL_1113,2026-08-03,2530.21,ACC_6020,Booking for Multi Corp,VEND_30,JRN-2755,erica96
GL_1114,2026-08-07,2891.32,ACC_5010,Booking for Hooli Services,VEND_12,JRN-9083,smithyvonne
GL_1115,2026-08-22,3078.33,ACC_6020,Booking for Cyberdyne Systems,VEND_05,JRN-1451,anna99
GL_1116,2026-08-24,2681.21,ACC_8020,Booking for ACME Corp,VEND_01,JRN-2666,kenneth17
GL_1117,2026-08-25,4169.53,ACC_5020,Booking for Stark Logistics,VEND_03,JRN-2633,rogersjoshua
GL_1118,2026-08-09,798.91,ACC_5010,Booking for Pawnee Power,VEND_39,JRN-2640,michelle44
GL_1119,2026-08-26,621.06,ACC_6020,Booking for Wernham Hogg,VEND_22,JRN-9315,edwardcannon
GL_1120,2026-08-06,1606.19,ACC_6020,Booking for Frobozz Electric,VEND_31,JRN-2552,trujilloleah
GL_1121,2026-08-02,603.8,ACC_8010,Booking for Massive Dynamic,VEND_19,JRN-1312,rguerrero
GL_1122,2026-08-14,794.99,ACC_5020,Booking for Prestige Worldwide,VEND_15,JRN-6382,jenniferrios
GL_1123,2026-08-08,4616.29,ACC_6020,Booking for Weyland Industries,VEND_25,JRN-8293,jordan66
GL_1124,2026-08-04,2509.92,ACC_8020,Booking for Soylent Industries,VEND_08,JRN-7374,ldoyle
GL_1125,2026-08-10,1850.81,ACC_5010,Booking for Gekko Capital,VEND_40,JRN-3902,matthewreeves
GL_1126,2026-08-06,2200.28,ACC_5020,Booking for Wernham Hogg,VEND_22,JRN-1389,qknox
GL_1127,2026-08-12,4389.47,ACC_7020,Booking for Rekall Solutions,VEND_18,JRN-7077,william28
GL_1128,2026-08-06,3911.14,ACC_6020,Booking for Dunder Supplies,VEND_10,JRN-5391,kellyruiz
GL_1129,2026-08-19,2194.52,ACC_8020,Booking for Rekall Solutions,VEND_18,JRN-2362,jessica82
GL_1130,2026-08-12,1664.65,ACC_8010,Booking for InGen Biotech,VEND_28,JRN-3902,destiny35
GL_1131,2026-08-20,3988.16,ACC_5010,Booking for Wernham Hogg,VEND_22,JRN-2354,julieparker
GL_1132,2026-08-08,1977.61,ACC_8010,Booking for Sorin Systems,VEND_36,JRN-3215,nathan94
GL_1133,2026-08-03,2946.72,ACC_5020,Booking for Dharma Provisions,VEND_27,JRN-8171,eyork
GL_1134,2026-08-26,3766.59,ACC_6020,Booking for Initech Solutions,VEND_06,JRN-6854,delacruzbrandy
GL_1135,2026-08-05,4612.43,ACC_5010,Booking for Wayne Enterprises,VEND_04,JRN-1173,kennedyjames
GL_1136,2026-08-25,4113.15,ACC_5020,Booking for Massive Dynamic,VEND_19,JRN-7843,dillonpatrick
GL_1137,2026-08-18,4861.92,ACC_5010,Booking for Dharma Provisions,VEND_27,JRN-2293,robert22
GL_1138,2026-08-02,3760.28,ACC_6020,Booking for Soylent Industries,VEND_08,JRN-2818,matthewbenitez
GL_1139,2026-08-02,3536.87,ACC_6020,Booking for Bachman Electric,VEND_38,JRN-4515,tthomas
GL_1140,2026-08-06,247.91,ACC_6010,Booking for Tyrell Systems,VEND_24,JRN-6685,kimberlyfreeman
GL_1141,2026-08-27,993.88,ACC_6020,Booking for Vandelay Trading,VEND_09,JRN-6567,lawrencebrown
GL_1142,2026-08-24,1752.95,ACC_5010,Booking for ACME Corp,VEND_01,JRN-8177,whill
GL_1143,2026-08-06,153.25,ACC_6020,Booking for InGen Biotech,VEND_28,JRN-1718,barbaramoore
GL_1144,2026-08-16,4664.11,ACC_5010,Booking for Rekall Solutions,VEND_18,JRN-8257,andersonryan
GL_1145,2026-08-20,374.38,ACC_6010,Booking for Primatech Paper,VEND_26,JRN-3115,epowell
GL_1146,2026-08-16,1634.63,ACC_6020,Booking for Primatech Paper,VEND_26,JRN-1811,ismith
GL_1147,2026-08-09,631.16,ACC_6010,Booking for Cyberdyne Systems,VEND_05,JRN-6999,jessicadodson
GL_1148,2026-08-11,237.44,ACC_5020,Booking for Massive Dynamic,VEND_19,JRN-4778,katherine83
GL_1149,2026-08-07,2803.29,ACC_8020,Booking for Stark Logistics,VEND_03,JRN-2077,rhodescourtney
GL_1150,2026-08-02,335.44,ACC_5020,Booking for Initech Solutions,VEND_06,JRN-1159,jeremywiley
GL_1151,2026-08-25,1483.77,ACC_6020,Booking for Primatech Paper,VEND_26,JRN-5716,david68
GL_1152,2026-08-23,3405.96,ACC_8010,Booking for Wernham Hogg,VEND_22,JRN-4542,gary04
GL_1153,2026-08-19,4000.74,ACC_6020,Booking for Frobozz Electric,VEND_31,JRN-1199,stephen89
GL_1154,2026-08-03,4437.5,ACC_5020,Booking for Initech Solutions,VEND_06,JRN-2941,ryan25
GL_1155,2026-08-26,3439.15,ACC_5010,Booking for Dunder Supplies,VEND_10,JRN-5545,mhoward
GL_1156,2026-08-26,742.87,ACC_6010,Booking for Massive Dynamic,VEND_19,JRN-3065,stacyhull
GL_1157,2026-08-14,296.06,ACC_5020,Booking for Weyland Industries,VEND_25,JRN-4514,osmith
GL_1158,2026-08-20,467.49,ACC_8010,Booking for Dunder Supplies,VEND_10,JRN-1747,jasonjohnson
GL_1159,2026-08-04,4043.16,ACC_8010,Booking for Dunder Supplies,VEND_10,JRN-5656,daviddawson
GL_1160,2026-08-15,1637.22,ACC_5010,Booking for Massive Dynamic,VEND_19,JRN-2179,brooksdanielle
GL_1161,2026-08-05,978.01,ACC_8020,Booking for Multi Corp,VEND_30,JRN-2536,wheelerbrandon
GL_1162,2026-08-25,4395.62,ACC_5020,Booking for Vandelay Trading,VEND_09,JRN-6518,valdezandrew
GL_1163,2026-08-15,4299.3,ACC_8010,Booking for Vandelay Trading,VEND_09,JRN-6884,butleromar
GL_1164,2026-08-03,3442.78,ACC_6020,Booking for Momcorp Industries,VEND_33,JRN-4991,thomas23
GL_1165,2026-08-22,309.11,ACC_6020,Booking for Wayne Enterprises,VEND_04,JRN-6578,turnerdorothy
GL_1166,2026-08-04,1524.24,ACC_5020,Booking for Pied Piper Tech,VEND_11,JRN-1748,cindy26
GL_1167,2026-08-08,2002.29,ACC_6020,Booking for Multi Corp,VEND_30,JRN-7355,huntchristine
GL_1168,2026-08-03,983.34,ACC_5010,Booking for Umbrella Corp,VEND_07,JRN-1544,daniel17
GL_1169,2026-08-11,1777.88,ACC_5010,Booking for Pawnee Power,VEND_39,JRN-7677,chelseastrickland
GL_1170,2026-08-15,287.58,ACC_8020,Booking for Dunder Supplies,VEND_10,JRN-1213,michaelortiz
GL_1171,2026-08-03,4688.65,ACC_7020,Booking for Tyrell Systems,VEND_24,JRN-8020,benjamincrawford
GL_1173,2026-08-05,439.37,ACC_8020,Booking for Primatech Paper,VEND_26,JRN-1963,haleycastillo
GL_1174,2026-08-15,4369.32,ACC_5010,Booking for Omni Consumer,VEND_34,JRN-9957,aaronpowers
GL_1175,2026-08-06,4169.69,ACC_7020,Booking for Initech Solutions,VEND_06,JRN-8196,conleyelizabeth
GL_1176,2026-08-10,906.21,ACC_6020,Booking for Delos Hospitality,VEND_23,JRN-5305,stacychan
GL_1177,2026-08-23,2894.55,ACC_5010,Booking for ACME Corp,VEND_01,JRN-4958,cummingscraig
GL_1178,2026-08-09,481.26,ACC_8020,Booking for Bachman Electric,VEND_38,JRN-5375,dawn74
GL_1179,2026-08-15,4675.72,ACC_5020,Booking for Veridian Dynamics,VEND_32,JRN-4568,steven12
GL_1180,2026-08-24,118.02,ACC_6010,Booking for Sirius Cybernetics,VEND_29,JRN-5734,phelpsmichael
GL_1181,2026-08-07,3755.14,ACC_6020,Booking for Bluth Builders,VEND_13,JRN-4686,ronald11
GL_1182,2026-08-12,1127.84,ACC_5010,Booking for Bluth Builders,VEND_13,JRN-1045,smithdevon
GL_1183,2026-08-12,4087.52,ACC_7020,Booking for Globex Inc,VEND_02,JRN-9040,markkline
GL_1184,2026-08-14,2110.9,ACC_7020,Booking for Delos Hospitality,VEND_23,JRN-7176,natalie15
GL_1185,2026-08-15,2199.08,ACC_5020,Booking for Hooli Services,VEND_12,JRN-6475,ian66
GL_1186,2026-08-22,3473.9,ACC_6020,Booking for InGen Biotech,VEND_28,JRN-1131,ynelson
GL_1187,2026-08-04,3283.16,ACC_5020,Booking for Gekko Capital,VEND_40,JRN-6700,pmarsh
GL_1188,2026-08-17,2948.04,ACC_5010,Booking for Stark Logistics,VEND_03,JRN-2194,danielhorton
GL_1189,2026-08-07,1192.54,ACC_6020,Booking for Multi Corp,VEND_30,JRN-6129,jarvismegan
GL_1190,2026-08-26,4578.74,ACC_6020,Booking for Dharma Provisions,VEND_27,JRN-3130,perrybrittany
GL_1191,2026-08-26,1197.29,ACC_6020,Booking for Massive Dynamic,VEND_19,JRN-4008,ywhite
GL_1192,2026-08-14,260.11,ACC_6020,Booking for Globex Inc,VEND_02,JRN-2732,cheryl27
GL_1193,2026-08-06,4799.89,ACC_7020,Booking for InGen Biotech,VEND_28,JRN-9802,arodriguez
GL_1194,2026-08-07,3119.71,ACC_6020,Booking for Primatech Paper,VEND_26,JRN-4010,qwilliams
GL_1195,2026-08-19,2202.6,ACC_8010,Booking for Weyland Industries,VEND_25,JRN-2001,alexander89
GL_1196,2026-08-08,587.93,ACC_8020,Booking for Vandelay Trading,VEND_09,JRN-4060,tiffanysantiago
GL_1197,2026-08-11,1098.44,ACC_8010,Booking for Initech Solutions,VEND_06,JRN-3448,april91
GL_1198,2026-08-20,3567.12,ACC_5020,Booking for Initech Solutions,VEND_06,JRN-4626,pstanley
GL_1199,2026-08-06,1274.64,ACC_6010,Booking for Prestige Worldwide,VEND_15,JRN-6423,rreed
GL_1200,2026-08-23,353.57,ACC_5020,Booking for Initech Solutions,VEND_06,JRN-1249,jhernandez
GL_1201,2026-08-15,4643.28,ACC_5010,Booking for Soylent Industries,VEND_08,JRN-1652,smithsarah
GL_1202,2026-08-16,4238.66,ACC_7020,Booking for Los Pollos Dist.,VEND_14,JRN-1760,kchristian
GL_1203,2026-08-16,4800.66,ACC_8010,Booking for Cyberdyne Systems,VEND_05,JRN-7783,waltonmalik
GL_1204,2026-08-06,1563.9,ACC_7020,Booking for Hooli Services,VEND_12,JRN-5149,tara08
GL_1205,2026-08-12,2471.16,ACC_5020,Booking for Gekko Capital,VEND_40,JRN-1228,andreagray
GL_1206,2026-08-07,3069.94,ACC_5020,Booking for  Freight,VEND_35,JRN-2911,christianwallace
GL_1207,2026-08-04,4503.0,ACC_5010,Booking for Globex Inc,VEND_02,JRN-7291,fmiller
GL_1208,2026-08-16,1076.26,ACC_6020,Booking for Initech Solutions,VEND_06,JRN-8275,fstewart
GL_1209,2026-08-14,2612.02,ACC_5020,Booking for Primatech Paper,VEND_26,JRN-3229,garciarobert
GL_1210,2026-08-19,3986.45,ACC_8010,Booking for Bachman Electric,VEND_38,JRN-1106,petersenlatoya
GL_1211,2026-08-24,2490.38,ACC_6020,Booking for Sirius Cybernetics,VEND_29,JRN-6480,pamela83
GL_1212,2026-08-14,1078.63,ACC_6020,Booking for Delos Hospitality,VEND_23,JRN-6473,xclements
GL_1213,2026-08-15,919.52,ACC_8010,Booking for Stark Logistics,VEND_03,JRN-9897,velasquezmegan
GL_1214,2026-08-01,662.43,ACC_8010,Booking for Oceanic Freight,VEND_21,JRN-4048,ann99
GL_1215,2026-08-23,1921.14,ACC_5020,Booking for Dunder Supplies,VEND_10,JRN-7938,xmoran
GL_1216,2026-08-07,2380.35,ACC_6020,Booking for Oceanic Freight,VEND_21,JRN-3744,wwilson
GL_1217,2026-08-07,604.41,ACC_5020,Booking for Rekall Solutions,VEND_18,JRN-7866,aaronkelly
GL_1218,2026-08-26,4313.57,ACC_5020,Booking for Cyberdyne Systems,VEND_05,JRN-1138,amy51
GL_1219,2026-08-07,1065.9,ACC_8010,Booking for Veridian Dynamics,VEND_32,JRN-3317,princetravis
GL_1221,2026-08-12,187.4,ACC_6020,Booking for Lestrade & Co,VEND_37,JRN-6795,nrodriguez
GL_1222,2026-08-17,291.69,ACC_6010,Booking for Globex Inc,VEND_02,JRN-2273,jacobconrad
GL_1223,2026-08-11,3793.09,ACC_6020,Booking for Primatech Paper,VEND_26,JRN-8568,ylewis
GL_1224,2026-08-16,3102.15,ACC_8010,Booking for Primatech Paper,VEND_26,JRN-3065,jenniferrodriguez
GL_1225,2026-08-17,4258.49,ACC_7020,Booking for Soylent Industries,VEND_08,JRN-2876,owilliams
GL_1226,2026-08-04,243.51,ACC_5020,Booking for Wayne Enterprises,VEND_04,JRN-6640,bartonshannon
GL_1227,2026-08-06,531.28,ACC_5020,Booking for Tyrell Systems,VEND_24,JRN-4697,tamarasmith
GL_1228,2026-08-23,4353.27,ACC_8010,Booking for Nakatomi Trading,VEND_17,JRN-1100,tranryan
GL_1229,2026-08-11,3470.82,ACC_5020,Booking for Weyland Industries,VEND_25,JRN-4097,xglass
GL_1230,2026-08-05,1664.73,ACC_6020,Booking for Dunder Supplies,VEND_10,JRN-3756,heatherthompson
GL_1231,2026-08-14,3220.83,ACC_5010,Booking for Soylent Industries,VEND_08,JRN-3800,dalesandoval
GL_1232,2026-08-11,3885.96,ACC_5010,Booking for Frobozz Electric,VEND_31,JRN-6776,william66
GL_1234,2026-08-16,395.31,ACC_8020,Booking for ACME Corp,VEND_01,JRN-3039,joshuastuart
GL_1235,2026-08-04,1768.21,ACC_7020,Booking for Bachman Electric,VEND_38,JRN-9009,shawn22
GL_1236,2026-08-21,854.59,ACC_8020,Booking for Momcorp Industries,VEND_33,JRN-1070,vmorrison
GL_1237,2026-08-20,2615.97,ACC_8020,Booking for Primatech Paper,VEND_26,JRN-6997,megan85
GL_1238,2026-08-05,2358.68,ACC_8010,Booking for Umbrella Corp,VEND_07,JRN-2547,jamesweber
GL_1239,2026-08-01,2433.58,ACC_7020,Booking for Omni Consumer,VEND_34,JRN-2743,glenda22
GL_1241,2026-08-12,579.28,ACC_5010,Booking for Weyland Industries,VEND_25,JRN-9243,jennifer58
GL_1242,2026-08-20,1452.04,ACC_6020,Booking for Pawnee Power,VEND_39,JRN-4464,qaguilar
GL_1243,2026-08-10,664.42,ACC_6010,Booking for Stark Logistics,VEND_03,JRN-2336,icraig
GL_1244,2026-08-08,4424.74,ACC_8010,Booking for Primatech Paper,VEND_26,JRN-6127,natalie60
GL_1245,2026-08-06,3950.07,ACC_8010,Booking for Delos Hospitality,VEND_23,JRN-8598,johnsondustin
GL_1246,2026-08-06,2565.88,ACC_8020,Booking for Gekko Capital,VEND_40,JRN-8707,gonzalezkaren
GL_1247,2026-08-22,440.33,ACC_6010,Booking for Hooli Services,VEND_12,JRN-2543,tonyavega
GL_1248,2026-08-11,203.17,ACC_5020,Booking for Nakatomi Trading,VEND_17,JRN-1824,maryvaughn
GL_1249,2026-08-19,104.93,ACC_6020,Booking for Sterling Cooper,VEND_16,JRN-4872,james80
GL_1250,2026-08-17,2565.42,ACC_7020,Booking for Dunder Supplies,VEND_10,JRN-9765,lisa19
GL_1252,2026-08-12,1575.56,ACC_8020,Booking for Wernham Hogg,VEND_22,JRN-4538,juliahoffman
GL_1253,2026-08-10,3460.34,ACC_8010,Booking for Globex Inc,VEND_02,JRN-7151,williamrobles
GL_1254,2026-08-22,4971.03,ACC_8010,Booking for Delos Hospitality,VEND_23,JRN-3532,heather06
GL_1255,2026-08-24,537.44,ACC_8010,Booking for Weyland Industries,VEND_25,JRN-8857,ybutler
GL_1256,2026-08-21,3426.13,ACC_5020,Booking for Sirius Cybernetics,VEND_29,JRN-9340,tammy00
GL_1258,2026-08-14,3997.13,ACC_6020,Booking for Lestrade & Co,VEND_37,JRN-6434,james73
GL_1259,2026-08-24,820.94,ACC_5010,Booking for Dunder Supplies,VEND_10,JRN-2572,kari89
GL_1260,2026-08-10,416.62,ACC_8020,Booking for Massive Dynamic,VEND_19,JRN-3262,kimberlybrandt
GL_1261,2026-08-16,1598.53,ACC_5020,Booking for InGen Biotech,VEND_28,JRN-8811,shane12
GL_1262,2026-08-02,1332.01,ACC_5020,Booking for Delos Hospitality,VEND_23,JRN-4502,jillwilson
GL_1263,2026-08-17,3360.1,ACC_8010,Booking for Sorin Systems,VEND_36,JRN-5825,pattersonangela
GL_1264,2026-08-19,4599.47,ACC_8010,Booking for Massive Dynamic,VEND_19,JRN-3088,eugenesingleton
GL_1265,2026-08-14,2055.66,ACC_8020,Booking for Umbrella Corp,VEND_07,JRN-4746,riverajenna
GL_1266,2026-08-26,2931.69,ACC_5020,Booking for Bluth Builders,VEND_13,JRN-1969,billmcfarland
GL_1267,2026-08-03,1556.94,ACC_6010,Booking for Multi Corp,VEND_30,JRN-2452,ayalacolleen
GL_1268,2026-08-17,2265.32,ACC_6020,Booking for Oceanic Freight,VEND_21,JRN-5566,tracy98
GL_1269,2026-08-15,2160.48,ACC_7020,Booking for Dharma Provisions,VEND_27,JRN-5567,charles58
GL_1270,2026-08-01,4791.71,ACC_5020,Booking for Dharma Provisions,VEND_27,JRN-3157,susanmeyer
GL_1271,2026-08-12,723.65,ACC_8020,Booking for  Freight,VEND_35,JRN-9599,robertherrera
GL_1272,2026-08-22,129.17,ACC_6010,Booking for Omni Consumer,VEND_34,JRN-2081,baileynicole
GL_1273,2026-08-11,3012.26,ACC_7020,Booking for Massive Dynamic,VEND_19,JRN-6896,mark43
GL_1274,2026-08-24,3613.06,ACC_8010,Booking for Los Pollos Dist.,VEND_14,JRN-4215,wbarajas
GL_1275,2026-08-22,3234.37,ACC_5010,Booking for Dunder Supplies,VEND_10,JRN-3073,wilsonmichael
GL_1276,2026-08-04,429.0,ACC_5020,Booking for Dunder Supplies,VEND_10,JRN-3090,rebeccaaustin
GL_1277,2026-08-17,220.82,ACC_6010,Booking for Momcorp Industries,VEND_33,JRN-1830,susanfleming
GL_1278,2026-08-16,4915.21,ACC_6020,Booking for Sterling Cooper,VEND_16,JRN-3445,patrick16
GL_1279,2026-08-14,816.61,ACC_5020,Booking for Globex Inc,VEND_02,JRN-3149,amber40
GL_1280,2026-08-22,1279.34,ACC_5020,Booking for Momcorp Industries,VEND_33,JRN-8191,willie87
GL_1281,2026-08-10,3370.92,ACC_7020,Booking for Bachman Electric,VEND_38,JRN-6884,pwilliams
GL_1282,2026-08-15,2142.79,ACC_5020,Booking for InGen Biotech,VEND_28,JRN-2691,lukemiller
GL_1283,2026-08-20,1583.53,ACC_6010,Booking for Gekko Capital,VEND_40,JRN-4177,jacksonstephanie
GL_1284,2026-08-12,4817.7,ACC_5010,Booking for Multi Corp,VEND_30,JRN-3140,simsjason
GL_1285,2026-08-17,1132.82,ACC_7020,Booking for Omni Consumer,VEND_34,JRN-2532,michellecoleman
GL_1286,2026-08-15,3604.39,ACC_7020,Booking for Vandelay Trading,VEND_09,JRN-6496,harrismaria
GL_1287,2026-08-10,4625.04,ACC_5010,Booking for Cyberdyne Systems,VEND_05,JRN-7670,elucas
GL_1288,2026-08-25,3328.63,ACC_6020,Booking for Nakatomi Trading,VEND_17,JRN-7485,andrewlove
GL_1289,2026-08-03,320.15,ACC_6010,Booking for Pied Piper Tech,VEND_11,JRN-1047,millerbrian
GL_1290,2026-08-25,1234.52,ACC_8010,Booking for Sterling Cooper,VEND_16,JRN-1941,angela93
GL_1291,2026-08-02,3098.33,ACC_6020,Booking for Soylent Industries,VEND_08,JRN-4781,rickey76
GL_1292,2026-08-06,1673.68,ACC_8020,Booking for Sirius Cybernetics,VEND_29,JRN-8208,ystewart
GL_1293,2026-08-19,2826.69,ACC_7020,Booking for Bluth Builders,VEND_13,JRN-8530,nicholsdarlene
GL_1294,2026-08-24,894.24,ACC_6010,Booking for Omni Consumer,VEND_34,JRN-7518,avilabrenda
GL_1295,2026-08-07,262.87,ACC_5020,Booking for Vandelay Trading,VEND_09,JRN-9802,howardwesley
GL_1296,2026-08-19,2778.25,ACC_5020,Booking for Cyberdyne Systems,VEND_05,JRN-3163,kristin49
GL_1297,2026-08-07,2894.81,ACC_5010,Booking for Frobozz Electric,VEND_31,JRN-1375,campbellsara
GL_1298,2026-08-15,2194.81,ACC_8020,Booking for Weyland Industries,VEND_25,JRN-3652,qfoster
GL_1299,2026-08-04,2543.69,ACC_8010,Booking for Wayne Enterprises,VEND_04,JRN-2468,wellsamanda
GL_1300,2026-08-13,3546.04,ACC_7020,Booking for Cyberdyne Systems,VEND_05,JRN-2212,julierobles
GL_1301,2026-08-03,2718.68,ACC_7020,Booking for Sterling Cooper,VEND_16,JRN-5891,susan24
GL_1302,2026-08-17,1629.97,ACC_6020,Booking for Gekko Capital,VEND_40,JRN-1669,susan08
GL_1303,2026-08-21,246.89,ACC_6010,Booking for Wernham Hogg,VEND_22,JRN-9698,davidsmith
GL_1304,2026-08-18,4102.14,ACC_5020,Booking for Wernham Hogg,VEND_22,JRN-2955,fmedina
GL_1306,2026-08-23,4191.52,ACC_5010,Booking for Stark Logistics,VEND_03,JRN-5319,jason53
GL_1307,2026-08-20,3722.52,ACC_5020,Booking for Initech Solutions,VEND_06,JRN-9867,gwhitehead
GL_1308,2026-08-09,3644.32,ACC_6020,Booking for Umbrella Corp,VEND_07,JRN-2095,eugenewalker
GL_1309,2026-08-10,3929.56,ACC_8010,Booking for Prestige Worldwide,VEND_15,JRN-7342,james29
GL_1310,2026-08-18,2462.65,ACC_7020,Booking for Weyland Industries,VEND_25,JRN-3657,yorksarah
GL_1311,2026-08-04,2245.97,ACC_5020,Booking for Gekko Capital,VEND_40,JRN-2329,enewman
GL_1312,2026-08-08,550.75,ACC_5020,Booking for ACME Corp,VEND_01,JRN-2941,emily41
GL_1313,2026-08-24,1325.6,ACC_7020,Booking for Wayne Enterprises,VEND_04,JRN-1915,jessicafreeman
GL_1314,2026-08-11,1813.37,ACC_6010,Booking for Sterling Cooper,VEND_16,JRN-7649,michael31
GL_1315,2026-08-03,1325.97,ACC_7020,Booking for  Freight,VEND_35,JRN-7038,christine35
GL_1316,2026-08-23,1583.32,ACC_8020,Booking for Tyrell Systems,VEND_24,JRN-7843,nhayes
GL_1317,2026-08-23,2752.95,ACC_7020,Booking for Umbrella Corp,VEND_07,JRN-8544,heather29
GL_1318,2026-08-23,4757.76,ACC_5010,Booking for Veridian Dynamics,VEND_32,JRN-7277,lindsey62
GL_1319,2026-08-24,2809.53,ACC_5020,Booking for Soylent Industries,VEND_08,JRN-7455,edwardskristen
GL_1320,2026-08-05,275.57,ACC_8020,Booking for Sterling Cooper,VEND_16,JRN-6931,xhill
GL_1321,2026-08-16,4197.99,ACC_6020,Booking for Rekall Solutions,VEND_18,JRN-1990,erinrivera
GL_1322,2026-08-20,1981.29,ACC_6010,Booking for Globex Inc,VEND_02,JRN-5701,wford
GL_1323,2026-08-13,1003.69,ACC_8020,Booking for InGen Biotech,VEND_28,JRN-5173,tony12
GL_1324,2026-08-20,3796.94,ACC_6020,Booking for Wernham Hogg,VEND_22,JRN-1592,wilkinsonmichele
GL_1325,2026-08-19,1161.07,ACC_6020,Booking for Globex Inc,VEND_02,JRN-8069,patriciagonzalez
GL_1326,2026-08-14,4342.14,ACC_7020,Booking for Wayne Enterprises,VEND_04,JRN-4216,lunapatricia
GL_1327,2026-08-19,3624.18,ACC_6020,Booking for Omni Consumer,VEND_34,JRN-4089,hessbeth
GL_1328,2026-08-15,3753.61,ACC_5020,Booking for Sterling Cooper,VEND_16,JRN-7829,rebeccaarnold
GL_1329,2026-08-25,2759.74,ACC_6020,Booking for Wernham Hogg,VEND_22,JRN-1139,jvaldez
GL_1330,2026-08-22,1327.52,ACC_6010,Booking for Pawnee Power,VEND_39,JRN-7175,philip94
GL_1331,2026-08-15,2367.35,ACC_5020,Booking for Sirius Cybernetics,VEND_29,JRN-8432,stevendixon
GL_1332,2026-08-14,387.07,ACC_6010,Booking for Initech Solutions,VEND_06,JRN-3121,acox
GL_1333,2026-08-09,3853.29,ACC_5020,Booking for Rekall Solutions,VEND_18,JRN-7313,melaniedrake
GL_1334,2026-08-08,660.79,ACC_5020,Booking for Stark Logistics,VEND_03,JRN-8108,katherinetaylor
GL_1335,2026-08-18,3615.05,ACC_5010,Booking for Wayne Enterprises,VEND_04,JRN-2449,haroldfry
GL_1336,2026-08-01,3424.1,ACC_6020,Booking for Delos Hospitality,VEND_23,JRN-3406,jillwebb
GL_1337,2026-08-03,2584.0,ACC_6020,Booking for Soylent Industries,VEND_08,JRN-4546,billy73
GL_1338,2026-08-03,3245.25,ACC_7020,Booking for Massive Dynamic,VEND_19,JRN-3251,bakerjim
GL_1339,2026-08-21,1936.11,ACC_8020,Booking for Massive Dynamic,VEND_19,JRN-6628,aprilmoody
GL_1340,2026-08-21,225.12,ACC_6020,Booking for Pawnee Power,VEND_39,JRN-3478,dharrison
GL_1341,2026-08-13,4170.56,ACC_5010,Booking for Stark Logistics,VEND_03,JRN-9432,williamsdeborah
GL_1342,2026-08-19,2567.13,ACC_8010,Booking for Lestrade & Co,VEND_37,JRN-1643,padillaadrienne
GL_1343,2026-08-26,352.01,ACC_8020,Booking for Frobozz Electric,VEND_31,JRN-9077,mary49
GL_1344,2026-08-19,1536.02,ACC_7020,Booking for Sterling Cooper,VEND_16,JRN-2607,nicholasgray
GL_1345,2026-08-12,1231.36,ACC_8010,Booking for Oceanic Freight,VEND_21,JRN-7677,blacknicholas
GL_1346,2026-08-04,1824.72,ACC_8010,Booking for Momcorp Industries,VEND_33,JRN-4933,zacharygomez
GL_1347,2026-08-26,2152.37,ACC_8020,Booking for Lestrade & Co,VEND_37,JRN-6097,tommy79
GL_1348,2026-08-18,1298.91,ACC_7020,Booking for Dharma Provisions,VEND_27,JRN-7230,shawdon
GL_1349,2026-08-11,1638.29,ACC_7020,Booking for Initech Solutions,VEND_06,JRN-6551,jerryrobertson
GL_1350,2026-08-06,4394.39,ACC_5020,Booking for ACME Corp,VEND_01,JRN-3195,jason22
GL_1351,2026-08-05,4362.24,ACC_5020,Booking for InGen Biotech,VEND_28,JRN-6990,carolyn13
GL_1352,2026-08-17,4601.25,ACC_5010,Booking for InGen Biotech,VEND_28,JRN-6974,ushepherd
GL_1353,2026-08-04,1750.36,ACC_7020,Booking for Wernham Hogg,VEND_22,JRN-4864,olsontimothy
GL_1354,2026-08-15,4562.3,ACC_5020,Booking for Sirius Cybernetics,VEND_29,JRN-5022,brittanyholland
GL_1355,2026-08-24,3853.18,ACC_6020,Booking for Momcorp Industries,VEND_33,JRN-4314,cjohnson
GL_1357,2026-08-08,1557.01,ACC_8020,Booking for Wernham Hogg,VEND_22,JRN-1569,ashleymartin
GL_1358,2026-08-11,1981.93,ACC_8020,Booking for Hooli Services,VEND_12,JRN-4946,macdonalddylan
GL_1359,2026-08-24,4423.68,ACC_5010,Booking for Los Pollos Dist.,VEND_14,JRN-2289,jonathanwhite
GL_1360,2026-08-12,1497.18,ACC_7020,Booking for Soylent Industries,VEND_08,JRN-9183,kgreene
GL_1361,2026-08-09,4945.15,ACC_7020,Booking for Umbrella Corp,VEND_07,JRN-1458,johnsjessica
GL_1362,2026-08-25,927.38,ACC_6010,Booking for Pawnee Power,VEND_39,JRN-5375,stacey37
GL_1363,2026-08-01,1910.75,ACC_6010,Booking for Massive Dynamic,VEND_19,JRN-8649,kdillon
GL_1364,2026-08-10,4598.18,ACC_7020,Booking for Soylent Industries,VEND_08,JRN-5400,mariaburke
GL_1365,2026-08-24,3376.71,ACC_7020,Booking for Delos Hospitality,VEND_23,JRN-6420,cindydixon
GL_1366,2026-08-08,2584.59,ACC_7020,Booking for Rekall Solutions,VEND_18,JRN-5395,jennifercooper
GL_1367,2026-08-14,592.15,ACC_8020,Booking for Omni Consumer,VEND_34,JRN-6496,ecarlson
GL_1368,2026-08-22,4204.41,ACC_5020,Booking for Stark Logistics,VEND_03,JRN-6906,nicholasanderson
GL_1370,2026-08-24,2533.96,ACC_5020,Booking for Vandelay Trading,VEND_09,JRN-8153,harrismichele
GL_1371,2026-08-17,4300.07,ACC_6020,Booking for Los Pollos Dist.,VEND_14,JRN-8736,mserrano
GL_1372,2026-08-02,2148.98,ACC_6020,Booking for Nakatomi Trading,VEND_17,JRN-7439,thompsonrachel
GL_1373,2026-08-17,3319.01,ACC_7020,Booking for Hooli Services,VEND_12,JRN-9237,richamanda
GL_1374,2026-08-10,3373.08,ACC_7020,Booking for Veridian Dynamics,VEND_32,JRN-2041,davisdonna
GL_1375,2026-08-04,1172.76,ACC_6020,Booking for Massive Dynamic,VEND_19,JRN-4418,princekimberly
GL_1376,2026-08-15,4785.95,ACC_6020,Booking for Soylent Industries,VEND_08,JRN-3072,xboyd
GL_1377,2026-08-20,2118.81,ACC_5010,Booking for Sterling Cooper,VEND_16,JRN-3901,wolferoy
GL_1378,2026-08-18,3881.81,ACC_6020,Booking for Nakatomi Trading,VEND_17,JRN-5678,yclarke
GL_1379,2026-08-09,4570.66,ACC_5010,Booking for Rekall Solutions,VEND_18,JRN-6440,brianna91
GL_1380,2026-08-14,1184.42,ACC_8020,Booking for Pied Piper Tech,VEND_11,JRN-6019,eanderson
GL_1381,2026-08-04,4744.6,ACC_8010,Booking for Gekko Capital,VEND_40,JRN-2434,reneemiller
GL_1382,2026-08-26,1958.4,ACC_6020,Booking for Wernham Hogg,VEND_22,JRN-3336,ascott
GL_1383,2026-08-03,3309.16,ACC_6020,Booking for Omni Consumer,VEND_34,JRN-7081,lanedavid
GL_1384,2026-08-10,4026.3,ACC_8010,Booking for Tyrell Systems,VEND_24,JRN-7247,brooksjamie
GL_1385,2026-08-01,3800.1,ACC_7020,Booking for Omni Consumer,VEND_34,JRN-5949,robert12
GL_1386,2026-08-10,1577.56,ACC_8020,Booking for Prestige Worldwide,VEND_15,JRN-4924,qpearson
GL_1387,2026-08-26,1951.5,ACC_5010,Booking for Primatech Paper,VEND_26,JRN-8425,melissa69
GL_1388,2026-08-03,2572.1,ACC_6020,Booking for Dharma Provisions,VEND_27,JRN-3239,cheryl63
GL_1390,2026-08-17,3743.07,ACC_5020,Booking for Buy n Large Corp,VEND_20,JRN-7028,jarnold
GL_1391,2026-08-10,2204.72,ACC_8020,Booking for Prestige Worldwide,VEND_15,JRN-2944,jwhite
GL_1392,2026-08-01,4966.45,ACC_6020,Booking for Primatech Paper,VEND_26,JRN-3975,tking
GL_1393,2026-08-19,4878.43,ACC_7020,Booking for Primatech Paper,VEND_26,JRN-3007,kim62
GL_1394,2026-08-11,804.48,ACC_6010,Booking for Initech Solutions,VEND_06,JRN-1862,adkinssean
GL_1395,2026-08-05,2075.66,ACC_8020,Booking for Frobozz Electric,VEND_31,JRN-5338,craigromero
GL_1396,2026-08-25,1238.91,ACC_8010,Booking for Veridian Dynamics,VEND_32,JRN-9920,lauren90
GL_1397,2026-08-12,3476.09,ACC_5020,Booking for Pawnee Power,VEND_39,JRN-3579,paulfields
GL_1398,2026-08-16,1633.78,ACC_6020,Booking for Sterling Cooper,VEND_16,JRN-2906,morrowthomas
GL_1399,2026-08-14,3526.35,ACC_6020,Booking for Weyland Industries,VEND_25,JRN-6189,qdavis
GL_1400,2026-08-07,2244.25,ACC_6020,Booking for Soylent Industries,VEND_08,JRN-4497,nathanlynch
GL_1401,2026-08-24,4383.65,ACC_5010,Booking for Dharma Provisions,VEND_27,JRN-8418,zarias
GL_1402,2026-08-17,1679.69,ACC_7020,Booking for Tyrell Systems,VEND_24,JRN-7760,jennifer90
GL_1403,2026-08-17,3062.14,ACC_5020,Booking for Frobozz Electric,VEND_31,JRN-8502,daniellegonzales
GL_1404,2026-08-24,3628.64,ACC_5020,Booking for Vandelay Trading,VEND_09,JRN-2708,melissagalvan
GL_1405,2026-08-14,978.21,ACC_8020,Booking for Frobozz Electric,VEND_31,JRN-1296,james98
GL_1406,2026-08-18,2347.11,ACC_5010,Booking for Umbrella Corp,VEND_07,JRN-9751,christinacraig
GL_1407,2026-08-21,2838.86,ACC_8010,Booking for Prestige Worldwide,VEND_15,JRN-6837,john02
GL_1408,2026-08-14,2963.61,ACC_5010,Booking for Buy n Large Corp,VEND_20,JRN-2300,sheakimberly
GL_1409,2026-08-09,2849.45,ACC_6020,Booking for Bluth Builders,VEND_13,JRN-9994,elizabeth69
GL_1410,2026-08-09,2862.12,ACC_8010,Booking for Vandelay Trading,VEND_09,JRN-5601,aprilmclaughlin
GL_1411,2026-08-26,3712.92,ACC_6020,Booking for Gekko Capital,VEND_40,JRN-5577,calhounandrea
GL_1412,2026-08-04,4654.78,ACC_7020,Booking for Gekko Capital,VEND_40,JRN-9281,michael43
GL_1413,2026-08-02,771.71,ACC_8020,Booking for Sirius Cybernetics,VEND_29,JRN-9160,shawnpowell
GL_1414,2026-08-18,2026.91,ACC_5010,Booking for Weyland Industries,VEND_25,JRN-2842,greenrichard
GL_1415,2026-08-03,4428.1,ACC_7020,Booking for Los Pollos Dist.,VEND_14,JRN-4178,hansenwesley
GL_1416,2026-08-23,800.13,ACC_8020,Booking for InGen Biotech,VEND_28,JRN-3680,stacey84
GL_1417,2026-08-21,1804.69,ACC_6020,Booking for Globex Inc,VEND_02,JRN-6594,heather69
GL_1418,2026-08-25,3383.19,ACC_5020,Booking for InGen Biotech,VEND_28,JRN-4646,wcarrillo
GL_1419,2026-08-06,4672.64,ACC_7020,Booking for ACME Corp,VEND_01,JRN-8582,susan77
GL_1420,2026-08-13,561.13,ACC_5020,Booking for Tyrell Systems,VEND_24,JRN-8044,olsonjonathan
GL_1421,2026-08-20,1437.84,ACC_6020,Booking for Rekall Solutions,VEND_18,JRN-6307,oschultz
GL_1422,2026-08-19,4134.3,ACC_7020,Booking for Frobozz Electric,VEND_31,JRN-4085,laurengutierrez
GL_1423,2026-08-26,609.05,ACC_5020,Booking for Tyrell Systems,VEND_24,JRN-8668,zachary04
GL_1424,2026-08-05,3557.63,ACC_5010,Booking for Hooli Services,VEND_12,JRN-2826,justinross
GL_1425,2026-08-17,3223.64,ACC_5010,Booking for Wayne Enterprises,VEND_04,JRN-1764,charles27
GL_1426,2026-08-09,4920.31,ACC_7020,Booking for Bluth Builders,VEND_13,JRN-9798,michael94
GL_1428,2026-08-13,2140.26,ACC_5010,Booking for Wayne Enterprises,VEND_04,JRN-1402,staceyvega
GL_1429,2026-08-17,822.82,ACC_6010,Booking for Rekall Solutions,VEND_18,JRN-6332,victorgonzalez
GL_1430,2026-08-14,947.46,ACC_5020,Booking for ACME Corp,VEND_01,JRN-8927,moniqueclark
GL_1431,2026-08-19,4196.92,ACC_5020,Booking for Initech Solutions,VEND_06,JRN-3097,maryhuff
GL_1432,2026-08-06,1655.76,ACC_5010,Booking for Globex Inc,VEND_02,JRN-6065,eric11
GL_1433,2026-08-08,3225.93,ACC_6020,Booking for Multi Corp,VEND_30,JRN-8587,loweelizabeth
GL_1434,2026-08-10,4202.81,ACC_5020,Booking for Bluth Builders,VEND_13,JRN-2964,duranamber
GL_1435,2026-08-23,1506.68,ACC_6020,Booking for Rekall Solutions,VEND_18,JRN-1433,charlesnathan
GL_1436,2026-08-07,967.85,ACC_8010,Booking for Massive Dynamic,VEND_19,JRN-5933,travis94
GL_1437,2026-08-19,1881.7,ACC_5020,Booking for Omni Consumer,VEND_34,JRN-3022,wwhite
GL_1438,2026-08-05,2735.95,ACC_5020,Booking for Los Pollos Dist.,VEND_14,JRN-7520,raymond92
GL_1439,2026-08-23,4845.6,ACC_8010,Booking for Sorin Systems,VEND_36,JRN-2422,foxrodney
GL_1440,2026-08-03,2615.04,ACC_7020,Booking for Los Pollos Dist.,VEND_14,JRN-3694,shawphillip
GL_1441,2026-08-22,3192.46,ACC_5010,Booking for Frobozz Electric,VEND_31,JRN-4251,stephenmartinez
GL_1442,2026-08-12,3536.31,ACC_5020,Booking for Delos Hospitality,VEND_23,JRN-7194,astewart
GL_1443,2026-08-21,4524.6,ACC_8010,Booking for Hooli Services,VEND_12,JRN-6666,craignicolas
GL_1444,2026-08-15,4065.18,ACC_6020,Booking for Multi Corp,VEND_30,JRN-3525,nguyenchloe
GL_1446,2026-08-25,4680.3,ACC_8010,Booking for Momcorp Industries,VEND_33,JRN-7402,jacob43
GL_1447,2026-08-06,2609.8,ACC_5020,Booking for Buy n Large Corp,VEND_20,JRN-1438,thomas95
GL_1448,2026-08-07,4762.32,ACC_8010,Booking for Lestrade & Co,VEND_37,JRN-4055,ivan63
GL_1449,2026-08-10,3985.03,ACC_8010,Booking for Dunder Supplies,VEND_10,JRN-8940,xhaynes
GL_1450,2026-08-22,822.71,ACC_5020,Booking for Hooli Services,VEND_12,JRN-6635,melissa47
GL_1451,2026-08-03,3648.26,ACC_5020,Booking for Dunder Supplies,VEND_10,JRN-7119,ashleykrause
GL_1452,2026-08-12,124.23,ACC_6020,Booking for Pied Piper Tech,VEND_11,JRN-4493,lisale
GL_1453,2026-08-22,1943.83,ACC_5020,Booking for Multi Corp,VEND_30,JRN-3430,angelachase
GL_1454,2026-08-04,1999.11,ACC_5020,Booking for Oceanic Freight,VEND_21,JRN-3470,dustinhaley
GL_1455,2026-08-20,2029.87,ACC_8020,Booking for Cyberdyne Systems,VEND_05,JRN-8253,thomassmith
GL_1456,2026-08-20,972.98,ACC_5020,Booking for Sterling Cooper,VEND_16,JRN-4114,oporter
GL_1457,2026-08-22,1227.36,ACC_5010,Booking for Veridian Dynamics,VEND_32,JRN-5707,kristen44
GL_1458,2026-08-13,3304.82,ACC_6020,Booking for InGen Biotech,VEND_28,JRN-8760,rosshannah
GL_1459,2026-08-14,978.07,ACC_5020,Booking for Primatech Paper,VEND_26,JRN-3116,lewisjonathan
GL_1460,2026-08-15,4050.52,ACC_5020,Booking for Delos Hospitality,VEND_23,JRN-7934,colematthew
GL_1461,2026-08-11,730.82,ACC_6020,Booking for Momcorp Industries,VEND_33,JRN-2427,michael84
GL_1462,2026-08-25,367.11,ACC_8020,Booking for InGen Biotech,VEND_28,JRN-6734,andrew15
GL_1463,2026-08-12,3926.92,ACC_5010,Booking for Wernham Hogg,VEND_22,JRN-8692,barbarasantos
GL_1464,2026-08-04,3948.92,ACC_7020,Booking for InGen Biotech,VEND_28,JRN-2501,tiffanymitchell
GL_1465,2026-08-11,4746.19,ACC_5010,Booking for Bachman Electric,VEND_38,JRN-8522,emily77
GL_1466,2026-08-02,2377.34,ACC_5010,Booking for Stark Logistics,VEND_03,JRN-9379,jamesjustin
GL_1467,2026-08-14,1752.78,ACC_6020,Booking for Massive Dynamic,VEND_19,JRN-2979,mirandadavidson
GL_1468,2026-08-12,2143.6,ACC_8010,Booking for Sirius Cybernetics,VEND_29,JRN-3595,robert99
GL_1469,2026-08-24,279.4,ACC_6010,Booking for Primatech Paper,VEND_26,JRN-7244,esweeney
GL_1470,2026-08-21,2517.7,ACC_7020,Booking for Rekall Solutions,VEND_18,JRN-3042,martinjeremy
GL_1471,2026-08-03,1700.28,ACC_5020,Booking for Stark Logistics,VEND_03,JRN-7495,denise49
GL_1472,2026-08-21,4081.13,ACC_5010,Booking for Umbrella Corp,VEND_07,JRN-6803,cnelson
GL_1473,2026-08-03,1755.09,ACC_8010,Booking for Buy n Large Corp,VEND_20,JRN-4641,julie87
GL_1474,2026-08-04,3988.86,ACC_8010,Booking for Lestrade & Co,VEND_37,JRN-3996,bjackson
GL_1475,2026-08-12,2907.42,ACC_7020,Booking for Los Pollos Dist.,VEND_14,JRN-8122,jessicastanley
GL_1476,2026-08-24,324.14,ACC_8020,Booking for Primatech Paper,VEND_26,JRN-5231,clarkrandy
GL_1477,2026-08-01,3932.05,ACC_7020,Booking for Vandelay Trading,VEND_09,JRN-8839,brownnatasha
GL_1478,2026-08-08,188.56,ACC_6010,Booking for Oceanic Freight,VEND_21,JRN-6313,johnsonrandy
GL_1479,2026-08-21,3018.14,ACC_5020,Booking for  Freight,VEND_35,JRN-3378,garciachristine
GL_1480,2026-08-01,1780.46,ACC_5020,Booking for Oceanic Freight,VEND_21,JRN-4550,penanicole
GL_1481,2026-08-18,3518.85,ACC_5020,Booking for Weyland Industries,VEND_25,JRN-3320,jerome47
GL_1482,2026-08-18,4926.24,ACC_5020,Booking for Initech Solutions,VEND_06,JRN-9328,davidroberson
GL_1483,2026-08-12,1589.76,ACC_5010,Booking for Oceanic Freight,VEND_21,JRN-2738,johnsonmichael
GL_1484,2026-08-19,2214.5,ACC_8010,Booking for Globex Inc,VEND_02,JRN-5784,michelle78
GL_1485,2026-08-18,745.32,ACC_6010,Booking for Pawnee Power,VEND_39,JRN-3522,amy28
GL_1486,2026-08-19,1517.81,ACC_6010,Booking for Pied Piper Tech,VEND_11,JRN-3527,brittanybryant
GL_1487,2026-08-13,2795.34,ACC_8020,Booking for Delos Hospitality,VEND_23,JRN-4016,omills
GL_1488,2026-08-26,1879.56,ACC_8010,Booking for Umbrella Corp,VEND_07,JRN-6795,regina78
GL_1489,2026-08-25,3217.44,ACC_7020,Booking for Momcorp Industries,VEND_33,JRN-1936,lindaramos
GL_1490,2026-08-10,4148.08,ACC_7020,Booking for Sirius Cybernetics,VEND_29,JRN-3998,robert24
GL_1491,2026-08-21,944.13,ACC_8010,Booking for Umbrella Corp,VEND_07,JRN-6530,smithlisa
GL_1492,2026-08-21,242.3,ACC_6010,Booking for Prestige Worldwide,VEND_15,JRN-7088,mauriceharrison
GL_1493,2026-08-11,3086.28,ACC_5020,Booking for Pied Piper Tech,VEND_11,JRN-8844,wattstravis
GL_1494,2026-08-25,3046.58,ACC_5010,Booking for Weyland Industries,VEND_25,JRN-2879,xevans
GL_1495,2026-08-07,2343.07,ACC_6020,Booking for Sterling Cooper,VEND_16,JRN-7501,myates
GL_1496,2026-08-07,1681.35,ACC_8010,Booking for Massive Dynamic,VEND_19,JRN-9057,laurakelley
GL_1497,2026-08-22,3055.92,ACC_6020,Booking for Sterling Cooper,VEND_16,JRN-2712,robertcastro
GL_1498,2026-08-17,3242.76,ACC_5020,Booking for Pawnee Power,VEND_39,JRN-1103,twright
GL_1499,2026-08-06,1299.83,ACC_6020,Booking for Cyberdyne Systems,VEND_05,JRN-6165,oclayton
GL_1500,2026-08-03,3936.91,ACC_5020,Booking for Nakatomi Trading,VEND_17,JRN-5995,christian38
GL_1501,2026-08-17,4155.99,ACC_8010,Booking for Wayne Enterprises,VEND_04,JRN-6307,justin84
GL_1502,2026-08-23,4644.21,ACC_5020,Booking for Sirius Cybernetics,VEND_29,JRN-1222,elopez
GL_1503,2026-08-24,927.87,ACC_8020,Booking for Dharma Provisions,VEND_27,JRN-2175,derrickrodriguez
GL_1504,2026-08-09,575.92,ACC_5020,Booking for Cyberdyne Systems,VEND_05,JRN-7313,rwilliamson
GL_1505,2026-08-10,3477.05,ACC_5020,Booking for Wernham Hogg,VEND_22,JRN-7574,blopez
GL_1506,2026-08-25,786.1,ACC_8020,Booking for Omni Consumer,VEND_34,JRN-1939,brandonnichols
GL_1507,2026-08-10,4729.48,ACC_8010,Booking for Pied Piper Tech,VEND_11,JRN-5699,teresacampbell
GL_1508,2026-08-24,4045.47,ACC_7020,Booking for Vandelay Trading,VEND_09,JRN-4755,jenniferacosta
GL_1509,2026-08-01,4270.82,ACC_7020,Booking for Bachman Electric,VEND_38,JRN-2036,christophersmith
GL_1510,2026-08-24,4364.14,ACC_6020,Booking for Omni Consumer,VEND_34,JRN-5535,matthewcollins
GL_1511,2026-08-19,4277.79,ACC_7020,Booking for Oceanic Freight,VEND_21,JRN-1737,dbolton
GL_1512,2026-08-16,959.4,ACC_6010,Booking for Weyland Industries,VEND_25,JRN-6217,riveramegan
GL_1513,2026-08-13,1201.64,ACC_7020,Booking for Los Pollos Dist.,VEND_14,JRN-2191,brianrowe
GL_1514,2026-08-17,2350.68,ACC_8020,Booking for ACME Corp,VEND_01,JRN-2102,danielshunter
GL_1515,2026-08-26,3959.66,ACC_6020,Booking for Prestige Worldwide,VEND_15,JRN-2416,lisa01
GL_1516,2026-08-11,2586.34,ACC_7020,Booking for Rekall Solutions,VEND_18,JRN-5385,paulproctor
GL_1517,2026-08-18,4375.82,ACC_5010,Booking for Wayne Enterprises,VEND_04,JRN-2269,joanjohnson
GL_1518,2026-08-23,4688.03,ACC_8010,Booking for Sterling Cooper,VEND_16,JRN-6606,gmoss
GL_1519,2026-08-18,1459.64,ACC_6010,Booking for Bluth Builders,VEND_13,JRN-8016,thomasmaldonado
GL_1520,2026-08-05,2660.53,ACC_6020,Booking for Wayne Enterprises,VEND_04,JRN-1277,sharon20
GL_1521,2026-08-04,2730.97,ACC_8010,Booking for Wayne Enterprises,VEND_04,JRN-2496,kingdanielle
GL_1522,2026-08-15,508.59,ACC_8010,Booking for Bluth Builders,VEND_13,JRN-7159,michaelwilliams
GL_1523,2026-08-19,147.05,ACC_6010,Booking for InGen Biotech,VEND_28,JRN-6259,teresayoung
GL_1524,2026-08-01,1333.56,ACC_6020,Booking for Dharma Provisions,VEND_27,JRN-9964,knguyen
GL_1525,2026-08-16,2619.58,ACC_7020,Booking for Buy n Large Corp,VEND_20,JRN-6861,brenda63
GL_1526,2026-08-04,4888.42,ACC_5020,Booking for Hooli Services,VEND_12,JRN-1986,novakbianca
GL_1527,2026-08-08,976.1,ACC_5010,Booking for InGen Biotech,VEND_28,JRN-3246,jbarker
GL_1528,2026-08-06,1048.62,ACC_5010,Booking for Umbrella Corp,VEND_07,JRN-5155,kelli32
GL_1529,2026-08-25,2698.96,ACC_5020,Booking for Umbrella Corp,VEND_07,JRN-8120,ndavis
GL_1530,2026-08-07,2897.94,ACC_5020,Booking for Dunder Supplies,VEND_10,JRN-1244,sarah00
GL_1531,2026-08-20,3346.69,ACC_5010,Booking for Oceanic Freight,VEND_21,JRN-9128,deanna81
GL_1532,2026-08-09,2412.71,ACC_5010,Booking for Buy n Large Corp,VEND_20,JRN-3227,tonystewart
GL_1533,2026-08-10,2183.96,ACC_8020,Booking for Primatech Paper,VEND_26,JRN-2471,linda73
GL_1534,2026-08-12,3264.38,ACC_5020,Booking for Vandelay Trading,VEND_09,JRN-6037,norrismichael
GL_1535,2026-08-10,4179.5,ACC_5010,Booking for Globex Inc,VEND_02,JRN-4306,johnwilliams
GL_1536,2026-08-11,2834.53,ACC_8010,Booking for Bluth Builders,VEND_13,JRN-4991,ihansen
GL_1537,2026-08-03,1291.38,ACC_8020,Booking for Oceanic Freight,VEND_21,JRN-8045,llopez
GL_1538,2026-08-19,2402.37,ACC_8010,Booking for Stark Logistics,VEND_03,JRN-7611,mario74
GL_1539,2026-08-22,2971.96,ACC_8010,Booking for Wayne Enterprises,VEND_04,JRN-8436,caseymoore
GL_1540,2026-08-10,644.05,ACC_6020,Booking for Vandelay Trading,VEND_09,JRN-1595,lori85
GL_1541,2026-08-19,1564.39,ACC_7020,Booking for Bluth Builders,VEND_13,JRN-9572,osmith
GL_1542,2026-08-10,3478.89,ACC_7020,Booking for Vandelay Trading,VEND_09,JRN-4532,bgross
GL_1543,2026-08-24,4434.47,ACC_5010,Booking for Hooli Services,VEND_12,JRN-3702,kimberly35
GL_1544,2026-08-22,4860.05,ACC_7020,Booking for Nakatomi Trading,VEND_17,JRN-9037,barrettamber
GL_1545,2026-08-23,2112.82,ACC_5020,Booking for Primatech Paper,VEND_26,JRN-2309,rlee
GL_1546,2026-08-18,395.4,ACC_6010,Booking for Momcorp Industries,VEND_33,JRN-8173,jcannon
GL_1547,2026-08-16,1484.97,ACC_8010,Booking for Wernham Hogg,VEND_22,JRN-7379,marcus51
GL_1548,2026-08-18,875.3,ACC_8020,Booking for Momcorp Industries,VEND_33,JRN-1463,millscarl
GL_1549,2026-08-25,3451.37,ACC_7020,Booking for Rekall Solutions,VEND_18,JRN-6556,gregoryjohnson
GL_1550,2026-08-24,847.11,ACC_6020,Booking for Wernham Hogg,VEND_22,JRN-6773,washingtoncorey
GL_1551,2026-08-25,3493.67,ACC_5020,Booking for InGen Biotech,VEND_28,JRN-4407,hbarrett
GL_1552,2026-08-01,1203.63,ACC_8010,Booking for InGen Biotech,VEND_28,JRN-6058,brandon39
GL_1553,2026-08-19,3405.0,ACC_5010,Booking for Oceanic Freight,VEND_21,JRN-7262,smithsamantha
GL_1554,2026-08-07,3887.66,ACC_6020,Booking for Los Pollos Dist.,VEND_14,JRN-6058,fhebert
GL_1555,2026-08-18,1807.75,ACC_5020,Booking for Cyberdyne Systems,VEND_05,JRN-1505,dowen
GL_1556,2026-08-22,1123.16,ACC_7020,Booking for Buy n Large Corp,VEND_20,JRN-6486,angela65
GL_1557,2026-08-08,4687.88,ACC_5020,Booking for Los Pollos Dist.,VEND_14,JRN-4820,colonjoseph
GL_1558,2026-08-01,2275.37,ACC_5010,Booking for Los Pollos Dist.,VEND_14,JRN-3371,navarromary
GL_1559,2026-08-25,1964.47,ACC_5010,Booking for Soylent Industries,VEND_08,JRN-3597,blackburnsusan
GL_1560,2026-08-25,1127.23,ACC_5010,Booking for Veridian Dynamics,VEND_32,JRN-2134,garciajerry
GL_1561,2026-08-07,4927.25,ACC_6020,Booking for Momcorp Industries,VEND_33,JRN-1385,hlopez
GL_1562,2026-08-01,1962.14,ACC_8020,Booking for Dharma Provisions,VEND_27,JRN-6719,ashleymeza
GL_1563,2026-08-14,4735.11,ACC_7020,Booking for Buy n Large Corp,VEND_20,JRN-7195,xreese
GL_1564,2026-08-09,3675.18,ACC_6020,Booking for Oceanic Freight,VEND_21,JRN-5633,emily61
GL_1565,2026-08-06,2868.04,ACC_6020,Booking for Vandelay Trading,VEND_09,JRN-8863,laurapierce
GL_1566,2026-08-20,4031.66,ACC_5010,Booking for Massive Dynamic,VEND_19,JRN-1818,diane89
GL_1567,2026-08-06,4687.83,ACC_5010,Booking for Dunder Supplies,VEND_10,JRN-3298,umahoney
GL_1568,2026-08-06,1888.83,ACC_6020,Booking for Soylent Industries,VEND_08,JRN-8606,megan66
GL_1569,2026-08-23,1928.6,ACC_6010,Booking for Nakatomi Trading,VEND_17,JRN-6065,charlene98
GL_1570,2026-08-16,267.69,ACC_8020,Booking for Dunder Supplies,VEND_10,JRN-9133,nicholaspierce
GL_1572,2026-08-04,4847.38,ACC_7020,Booking for Multi Corp,VEND_30,JRN-8375,michael77
GL_1573,2026-08-15,758.59,ACC_6010,Booking for Pawnee Power,VEND_39,JRN-2458,csmith
GL_1574,2026-08-05,1682.09,ACC_6020,Booking for  Freight,VEND_35,JRN-4298,caitlin82
GL_1575,2026-08-24,4172.34,ACC_7020,Booking for Lestrade & Co,VEND_37,JRN-6694,adam33
GL_1576,2026-08-22,502.73,ACC_6020,Booking for Umbrella Corp,VEND_07,JRN-1553,andrew48
GL_1577,2026-08-08,1328.29,ACC_6010,Booking for Buy n Large Corp,VEND_20,JRN-6416,clintonstevens
GL_1578,2026-08-22,2994.84,ACC_5010,Booking for Omni Consumer,VEND_34,JRN-1377,devonrichardson
GL_1579,2026-08-05,1706.93,ACC_6020,Booking for Tyrell Systems,VEND_24,JRN-5002,jesseshepherd
GL_1580,2026-08-26,1069.69,ACC_6010,Booking for Hooli Services,VEND_12,JRN-6156,duncanashley
GL_1581,2026-08-11,157.39,ACC_8020,Booking for Frobozz Electric,VEND_31,JRN-4614,jessicacummings
GL_1583,2026-08-06,1350.89,ACC_6020,Booking for Veridian Dynamics,VEND_32,JRN-4263,sthompson
GL_1584,2026-08-09,409.28,ACC_5020,Booking for Tyrell Systems,VEND_24,JRN-7326,larsonkevin
GL_1585,2026-08-08,4877.93,ACC_6020,Booking for Soylent Industries,VEND_08,JRN-7989,dmiller
GL_1586,2026-08-15,2237.2,ACC_8010,Booking for Initech Solutions,VEND_06,JRN-4055,michael66
GL_1587,2026-08-22,1187.1,ACC_6020,Booking for Globex Inc,VEND_02,JRN-8231,kanejeremy
GL_1588,2026-08-17,330.28,ACC_5020,Booking for  Freight,VEND_35,JRN-2800,walterscrystal
GL_1589,2026-08-06,590.68,ACC_8020,Booking for Pied Piper Tech,VEND_11,JRN-6867,torresblake
GL_1590,2026-08-08,4231.87,ACC_5020,Booking for Dunder Supplies,VEND_10,JRN-7228,markwolfe
GL_1591,2026-08-13,1552.83,ACC_5020,Booking for Omni Consumer,VEND_34,JRN-6260,brentdennis
GL_1592,2026-08-03,1331.51,ACC_5020,Booking for Sorin Systems,VEND_36,JRN-1811,wmaddox
GL_1593,2026-08-25,2110.84,ACC_8020,Booking for Dunder Supplies,VEND_10,JRN-7077,walkerkeith
GL_1594,2026-08-21,2153.15,ACC_8010,Booking for Bachman Electric,VEND_38,JRN-8634,vhernandez
GL_1595,2026-08-03,1208.89,ACC_8010,Booking for Rekall Solutions,VEND_18,JRN-1130,alvarezjulie
GL_1596,2026-08-15,797.8,ACC_5020,Booking for Rekall Solutions,VEND_18,JRN-7029,zbaker
GL_1597,2026-08-04,3881.12,ACC_6020,Booking for Pawnee Power,VEND_39,JRN-2804,iayala
GL_1598,2026-08-24,3089.17,ACC_5020,Booking for Dunder Supplies,VEND_10,JRN-9667,timothygonzalez
GL_1599,2026-08-11,4388.65,ACC_5020,Booking for Stark Logistics,VEND_03,JRN-8580,mpearson
GL_1600,2026-08-04,3171.8,ACC_7020,Booking for InGen Biotech,VEND_28,JRN-4381,johnadams
GL_1601,2026-08-23,4340.98,ACC_7020,Booking for Veridian Dynamics,VEND_32,JRN-5910,kmorris
GL_1602,2026-08-08,4359.87,ACC_5020,Booking for Veridian Dynamics,VEND_32,JRN-2283,rodriguezrobert
GL_1603,2026-08-14,377.6,ACC_6020,Booking for Umbrella Corp,VEND_07,JRN-5751,michael55
GL_1604,2026-08-11,2156.26,ACC_8010,Booking for Nakatomi Trading,VEND_17,JRN-6495,carrillogary
GL_1605,2026-08-08,2996.31,ACC_8010,Booking for Rekall Solutions,VEND_18,JRN-7446,christina79
GL_1606,2026-08-16,2847.29,ACC_6020,Booking for Lestrade & Co,VEND_37,JRN-5615,scottglass
GL_1607,2026-08-19,4207.21,ACC_7020,Booking for Umbrella Corp,VEND_07,JRN-8120,jamesbrooks
GL_1608,2026-08-13,3619.62,ACC_5020,Booking for Stark Logistics,VEND_03,JRN-5891,rodriguezbrian
GL_1609,2026-08-15,2909.39,ACC_6020,Booking for Omni Consumer,VEND_34,JRN-5288,mistywilkins
GL_1610,2026-08-21,3747.49,ACC_6020,Booking for InGen Biotech,VEND_28,JRN-4627,cooperlinda
GL_1611,2026-08-04,1532.16,ACC_6010,Booking for Dharma Provisions,VEND_27,JRN-5217,shannon05
GL_1612,2026-08-13,4870.54,ACC_6020,Booking for Sterling Cooper,VEND_16,JRN-2987,jodylewis
GL_1613,2026-08-11,2345.2,ACC_7020,Booking for Nakatomi Trading,VEND_17,JRN-5007,ana92
GL_1614,2026-08-25,1807.84,ACC_8020,Booking for Hooli Services,VEND_12,JRN-4972,bennettrebecca
GL_1615,2026-08-11,1823.84,ACC_8020,Booking for  Freight,VEND_35,JRN-5234,scottbrian
GL_1616,2026-08-08,1651.02,ACC_6010,Booking for Buy n Large Corp,VEND_20,JRN-8387,kristinawilliamson
GL_1617,2026-08-21,1012.34,ACC_6010,Booking for Weyland Industries,VEND_25,JRN-4709,marshallsierra
GL_1618,2026-08-16,1817.91,ACC_7020,Booking for Sirius Cybernetics,VEND_29,JRN-5417,pricejoseph
GL_1619,2026-08-04,1029.97,ACC_6020,Booking for Buy n Large Corp,VEND_20,JRN-5322,michelle04
GL_1620,2026-08-20,3508.62,ACC_5010,Booking for Bluth Builders,VEND_13,JRN-9615,yhall
GL_1621,2026-08-23,1766.8,ACC_8020,Booking for Delos Hospitality,VEND_23,JRN-3807,mckeetodd
GL_1622,2026-08-04,4240.55,ACC_5020,Booking for Massive Dynamic,VEND_19,JRN-4678,lopezvincent
GL_1623,2026-08-11,4997.25,ACC_5010,Booking for Sirius Cybernetics,VEND_29,JRN-6377,tcastro
GL_1624,2026-08-16,1199.9,ACC_7020,Booking for Prestige Worldwide,VEND_15,JRN-7883,williamssandra
GL_1625,2026-08-10,1292.82,ACC_6020,Booking for Globex Inc,VEND_02,JRN-4580,matthew62
GL_1626,2026-08-14,1011.68,ACC_7020,Booking for Omni Consumer,VEND_34,JRN-9735,reedmichael
GL_1627,2026-08-26,4028.45,ACC_8010,Booking for InGen Biotech,VEND_28,JRN-5417,joel84
GL_1628,2026-08-09,1668.76,ACC_5020,Booking for Delos Hospitality,VEND_23,JRN-3583,garrettnatasha
GL_1629,2026-08-26,4928.97,ACC_5010,Booking for Frobozz Electric,VEND_31,JRN-1130,raymondstacy
GL_1630,2026-08-23,3540.51,ACC_8010,Booking for Sorin Systems,VEND_36,JRN-8299,edwardprince
GL_1631,2026-08-20,2245.44,ACC_5020,Booking for Bachman Electric,VEND_38,JRN-2886,christopherreyes
GL_1632,2026-08-06,209.89,ACC_8020,Booking for Sirius Cybernetics,VEND_29,JRN-6354,robertberry
GL_1633,2026-08-03,3441.83,ACC_6020,Booking for Cyberdyne Systems,VEND_05,JRN-9496,mwaller
GL_1634,2026-08-23,3845.39,ACC_6020,Booking for Vandelay Trading,VEND_09,JRN-4157,shane23
GL_1635,2026-08-08,2892.3,ACC_6020,Booking for Momcorp Industries,VEND_33,JRN-7763,biancasutton
GL_1636,2026-08-22,2975.68,ACC_6020,Booking for ACME Corp,VEND_01,JRN-6516,michelleparker
GL_1637,2026-08-20,411.78,ACC_8010,Booking for Dharma Provisions,VEND_27,JRN-3161,russellstout
GL_1638,2026-08-02,3282.09,ACC_5010,Booking for Veridian Dynamics,VEND_32,JRN-5004,dianacunningham
GL_1640,2026-08-06,3565.59,ACC_5010,Booking for Nakatomi Trading,VEND_17,JRN-1703,lonniegrant
GL_1641,2026-08-12,4929.62,ACC_6020,Booking for Initech Solutions,VEND_06,JRN-5557,whitemary
GL_1642,2026-08-17,1364.76,ACC_6020,Booking for Pawnee Power,VEND_39,JRN-2050,jessicacannon
GL_1643,2026-08-01,4821.64,ACC_5020,Booking for Omni Consumer,VEND_34,JRN-4660,tali
GL_1644,2026-08-03,4782.99,ACC_8010,Booking for Bluth Builders,VEND_13,JRN-1894,oreese
GL_1645,2026-08-04,4373.28,ACC_5010,Booking for Dunder Supplies,VEND_10,JRN-3317,edwin31
GL_1646,2026-08-05,4090.37,ACC_6020,Booking for Sirius Cybernetics,VEND_29,JRN-2747,jackfarmer
GL_1647,2026-08-10,628.1,ACC_5020,Booking for Hooli Services,VEND_12,JRN-2880,catherine93
GL_1648,2026-08-20,860.74,ACC_5020,Booking for Gekko Capital,VEND_40,JRN-8560,jerryjohnson
GL_1649,2026-08-18,4175.67,ACC_6020,Booking for Sirius Cybernetics,VEND_29,JRN-7446,wattsthomas
GL_1650,2026-08-05,1273.31,ACC_8020,Booking for Veridian Dynamics,VEND_32,JRN-6836,xjoseph
GL_1651,2026-08-26,4233.65,ACC_8010,Booking for Bachman Electric,VEND_38,JRN-7416,melissahenry
GL_1652,2026-08-21,1084.57,ACC_5020,Booking for Oceanic Freight,VEND_21,JRN-6419,frankperez
GL_1653,2026-08-10,4726.81,ACC_8010,Booking for InGen Biotech,VEND_28,JRN-6527,aduran
GL_1654,2026-08-04,1675.42,ACC_8010,Booking for Frobozz Electric,VEND_31,JRN-8722,stephanie33
GL_1655,2026-08-02,1021.59,ACC_5010,Booking for Initech Solutions,VEND_06,JRN-8049,carlho
GL_1656,2026-08-24,334.98,ACC_5020,Booking for Globex Inc,VEND_02,JRN-4578,fcamacho
GL_1657,2026-08-24,2591.04,ACC_5010,Booking for Hooli Services,VEND_12,JRN-5277,michelle36
GL_1658,2026-08-17,4754.83,ACC_8010,Booking for Prestige Worldwide,VEND_15,JRN-5888,mparsons
GL_1659,2026-08-19,3238.06,ACC_5020,Booking for ACME Corp,VEND_01,JRN-5249,zcortez
GL_1660,2026-08-10,3332.01,ACC_7020,Booking for Wernham Hogg,VEND_22,JRN-7355,meyershannon
GL_1661,2026-08-12,4596.16,ACC_5020,Booking for Primatech Paper,VEND_26,JRN-2386,richjohn
GL_1662,2026-08-22,2895.64,ACC_5010,Booking for Buy n Large Corp,VEND_20,JRN-4650,cterrell
GL_1663,2026-08-14,4135.42,ACC_8010,Booking for Weyland Industries,VEND_25,JRN-7078,oblack
GL_1664,2026-08-25,2490.49,ACC_6020,Booking for Pawnee Power,VEND_39,JRN-4007,leescott
GL_1665,2026-08-22,3478.55,ACC_5020,Booking for Cyberdyne Systems,VEND_05,JRN-7674,kim47
GL_1666,2026-08-18,1704.15,ACC_5020,Booking for Nakatomi Trading,VEND_17,JRN-3223,robertoaustin
GL_1667,2026-08-13,1495.55,ACC_5010,Booking for Massive Dynamic,VEND_19,JRN-5074,vaughnrebecca
GL_1668,2026-08-07,4755.39,ACC_6020,Booking for Sorin Systems,VEND_36,JRN-4000,cgallegos
GL_1669,2026-08-16,635.79,ACC_6010,Booking for Prestige Worldwide,VEND_15,JRN-7661,sharpdaniel
GL_1670,2026-08-14,3115.07,ACC_5020,Booking for Sirius Cybernetics,VEND_29,JRN-2765,phillipmorris
GL_1671,2026-08-24,1657.81,ACC_5010,Booking for Lestrade & Co,VEND_37,JRN-5935,whitebrittany
GL_1672,2026-08-15,1083.18,ACC_5020,Booking for Wayne Enterprises,VEND_04,JRN-8385,nicoledavis
GL_1673,2026-08-06,3173.35,ACC_8010,Booking for Wernham Hogg,VEND_22,JRN-7810,heather21
GL_1674,2026-08-20,2689.93,ACC_8010,Booking for Sorin Systems,VEND_36,JRN-7492,wilsonshannon
GL_1675,2026-08-22,419.14,ACC_8020,Booking for Omni Consumer,VEND_34,JRN-1459,christopher68
GL_1676,2026-08-02,803.08,ACC_5010,Booking for Umbrella Corp,VEND_07,JRN-6141,nicholasjames
GL_1677,2026-08-25,2878.08,ACC_8020,Booking for Prestige Worldwide,VEND_15,JRN-3307,rhondacunningham
GL_1679,2026-08-24,1264.58,ACC_7020,Booking for Veridian Dynamics,VEND_32,JRN-5597,fernandothomas
GL_1680,2026-08-15,2728.63,ACC_7020,Booking for Tyrell Systems,VEND_24,JRN-1821,barneskyle
GL_1681,2026-08-06,1903.58,ACC_5020,Booking for Globex Inc,VEND_02,JRN-2469,lroberts
GL_1682,2026-08-23,4411.04,ACC_7020,Booking for Prestige Worldwide,VEND_15,JRN-8178,roachsusan
GL_1683,2026-08-12,1119.69,ACC_6010,Booking for Primatech Paper,VEND_26,JRN-2055,deanjohnny
GL_1684,2026-08-15,1881.45,ACC_6020,Booking for Oceanic Freight,VEND_21,JRN-5317,fjimenez
GL_1685,2026-08-07,3591.69,ACC_5020,Booking for Lestrade & Co,VEND_37,JRN-1615,franklintrevor
GL_1686,2026-08-18,4325.95,ACC_6020,Booking for Dharma Provisions,VEND_27,JRN-4405,briannaalvarez
GL_1687,2026-08-04,2759.86,ACC_6020,Booking for Sirius Cybernetics,VEND_29,JRN-1957,mramos
GL_1688,2026-08-20,2119.38,ACC_5020,Booking for Bluth Builders,VEND_13,JRN-4741,sanchezamy
GL_1689,2026-08-14,985.44,ACC_5020,Booking for Sirius Cybernetics,VEND_29,JRN-3653,brandonhernandez
GL_1690,2026-08-24,3435.94,ACC_6020,Booking for Dunder Supplies,VEND_10,JRN-3968,benjamin09
GL_1691,2026-08-11,2397.55,ACC_8020,Booking for Vandelay Trading,VEND_09,JRN-3612,mark10
GL_1692,2026-08-26,420.26,ACC_6010,Booking for Globex Inc,VEND_02,JRN-4293,butlergregory
GL_1693,2026-08-07,3743.56,ACC_5020,Booking for Los Pollos Dist.,VEND_14,JRN-9524,cheryl99
GL_1694,2026-08-16,1759.24,ACC_5020,Booking for Hooli Services,VEND_12,JRN-4830,tammycurry
GL_1695,2026-08-06,2134.41,ACC_5010,Booking for  Freight,VEND_35,JRN-3233,sarah14
GL_1696,2026-08-23,4255.17,ACC_5010,Booking for Sterling Cooper,VEND_16,JRN-3202,miguel61
GL_1697,2026-08-15,575.64,ACC_6010,Booking for Stark Logistics,VEND_03,JRN-7574,ebridges
GL_1698,2026-08-20,3471.8,ACC_5020,Booking for Tyrell Systems,VEND_24,JRN-4349,thomas14
GL_1699,2026-08-22,2877.24,ACC_5010,Booking for Wernham Hogg,VEND_22,JRN-4763,alison83
GL_1700,2026-08-05,643.76,ACC_5010,Booking for Bluth Builders,VEND_13,JRN-4595,cherylrodriguez
GL_1701,2026-08-01,3147.12,ACC_5020,Booking for Bachman Electric,VEND_38,JRN-5155,webbhaley
GL_1702,2026-08-09,4911.98,ACC_7020,Booking for Globex Inc,VEND_02,JRN-8675,ronald54
GL_1703,2026-08-02,3282.09,ACC_7020,Booking for Buy n Large Corp,VEND_20,JRN-2109,sara99
GL_1704,2026-08-11,298.23,ACC_5020,Booking for Multi Corp,VEND_30,JRN-8008,ostone
GL_1705,2026-08-26,2910.9,ACC_6020,Booking for Buy n Large Corp,VEND_20,JRN-1175,lvasquez
GL_1706,2026-08-13,2003.15,ACC_7020,Booking for Rekall Solutions,VEND_18,JRN-7993,jeanettekrause
GL_1707,2026-08-23,1776.43,ACC_5020,Booking for Delos Hospitality,VEND_23,JRN-8837,wilsonsteven
GL_1708,2026-08-03,4575.45,ACC_8010,Booking for Initech Solutions,VEND_06,JRN-6691,mclaughlinjared
GL_1709,2026-08-17,4489.51,ACC_6020,Booking for Globex Inc,VEND_02,JRN-5081,vgutierrez
GL_1710,2026-08-04,1290.51,ACC_8010,Booking for Hooli Services,VEND_12,JRN-1928,ann30
GL_1711,2026-08-01,3643.22,ACC_5020,Booking for Wernham Hogg,VEND_22,JRN-5554,hannahking
GL_1712,2026-08-26,3358.2,ACC_6020,Booking for Gekko Capital,VEND_40,JRN-4450,parkerwilliam
GL_1713,2026-08-03,3619.45,ACC_5010,Booking for Initech Solutions,VEND_06,JRN-2281,katie15
GL_1714,2026-08-08,1130.07,ACC_5020,Booking for Initech Solutions,VEND_06,JRN-4781,randy99
GL_1715,2026-08-23,4940.85,ACC_8010,Booking for Pawnee Power,VEND_39,JRN-5232,collierjames
GL_1716,2026-08-06,2587.16,ACC_7020,Booking for Initech Solutions,VEND_06,JRN-3795,sandra77
GL_1717,2026-08-23,3832.17,ACC_5020,Booking for Bluth Builders,VEND_13,JRN-1475,brewertimothy
GL_1718,2026-08-21,4196.6,ACC_5020,Booking for Massive Dynamic,VEND_19,JRN-5437,imcclain
GL_1719,2026-08-09,4139.9,ACC_5020,Booking for Sterling Cooper,VEND_16,JRN-1764,steven60
GL_1720,2026-08-03,401.94,ACC_6010,Booking for Veridian Dynamics,VEND_32,JRN-9850,annette58
GL_1721,2026-08-01,4888.12,ACC_6020,Booking for Initech Solutions,VEND_06,JRN-8511,clarkgina
GL_1722,2026-08-12,3520.57,ACC_5010,Booking for Pawnee Power,VEND_39,JRN-1268,carl24
GL_1723,2026-08-24,4073.73,ACC_5010,Booking for Tyrell Systems,VEND_24,JRN-8441,morgannicholas
GL_1724,2026-08-11,2774.99,ACC_8020,Booking for Bluth Builders,VEND_13,JRN-3671,ashleyprice
GL_1725,2026-08-15,1689.4,ACC_5020,Booking for Primatech Paper,VEND_26,JRN-3169,hancockkaren
GL_1726,2026-08-01,4379.47,ACC_6020,Booking for Oceanic Freight,VEND_21,JRN-1853,jennifer46
GL_1727,2026-08-26,4105.28,ACC_6020,Booking for Hooli Services,VEND_12,JRN-1958,crawfordjohn
GL_1728,2026-08-07,564.75,ACC_6020,Booking for Primatech Paper,VEND_26,JRN-7776,tgallegos
GL_1729,2026-08-13,875.75,ACC_6010,Booking for Sorin Systems,VEND_36,JRN-9953,aliciathompson
GL_1730,2026-08-14,4741.92,ACC_7020,Booking for Pied Piper Tech,VEND_11,JRN-2664,kristen31
GL_1731,2026-08-23,2435.83,ACC_7020,Booking for Massive Dynamic,VEND_19,JRN-9113,zhunter
GL_1733,2026-08-20,734.2,ACC_6010,Booking for Massive Dynamic,VEND_19,JRN-5267,jstein
GL_1734,2026-08-03,186.78,ACC_6020,Booking for Tyrell Systems,VEND_24,JRN-2734,matthewwebb
GL_1735,2026-08-21,4587.12,ACC_8010,Booking for Frobozz Electric,VEND_31,JRN-3996,kimberly21
GL_1736,2026-08-05,4830.82,ACC_6020,Booking for Lestrade & Co,VEND_37,JRN-1819,jamiejohnson
GL_1737,2026-08-19,2401.79,ACC_7020,Booking for Globex Inc,VEND_02,JRN-6894,hreeves
GL_1738,2026-08-13,3775.94,ACC_8010,Booking for Gekko Capital,VEND_40,JRN-4725,smithsarah
GL_1739,2026-08-17,2008.92,ACC_5020,Booking for Bluth Builders,VEND_13,JRN-8686,cookpamela
GL_1740,2026-08-16,1308.27,ACC_8010,Booking for ACME Corp,VEND_01,JRN-3430,meyerdonna
GL_1741,2026-08-16,2853.2,ACC_6020,Booking for Rekall Solutions,VEND_18,JRN-9286,andrew43
GL_1742,2026-08-20,4427.75,ACC_5010,Booking for Bluth Builders,VEND_13,JRN-3947,james44
GL_1743,2026-08-24,396.76,ACC_6010,Booking for Bluth Builders,VEND_13,JRN-6188,kendra14
GL_1745,2026-08-21,3255.54,ACC_8010,Booking for Dharma Provisions,VEND_27,JRN-1657,ericwilson
GL_1746,2026-08-18,869.19,ACC_8010,Booking for Sirius Cybernetics,VEND_29,JRN-6623,clarkmichael
GL_1747,2026-08-07,3560.85,ACC_7020,Booking for Multi Corp,VEND_30,JRN-7458,joseph49
GL_1748,2026-08-02,4351.91,ACC_8010,Booking for Sorin Systems,VEND_36,JRN-5616,georgecollins
GL_1749,2026-08-21,1687.03,ACC_8010,Booking for Hooli Services,VEND_12,JRN-5173,amber02
GL_1750,2026-08-02,3253.74,ACC_8010,Booking for Oceanic Freight,VEND_21,JRN-3415,ruizemma
GL_1751,2026-08-16,412.02,ACC_6010,Booking for Cyberdyne Systems,VEND_05,JRN-8395,reyeschristopher
GL_1752,2026-08-25,1865.55,ACC_7020,Booking for Delos Hospitality,VEND_23,JRN-2250,mwhite
GL_1753,2026-08-18,404.54,ACC_6010,Booking for Dharma Provisions,VEND_27,JRN-2633,tjensen
GL_1754,2026-08-15,879.4,ACC_5020,Booking for Nakatomi Trading,VEND_17,JRN-2385,lisa81
GL_1755,2026-08-21,4228.22,ACC_5010,Booking for Prestige Worldwide,VEND_15,JRN-9698,fbradley
GL_1756,2026-08-17,1665.35,ACC_6020,Booking for Weyland Industries,VEND_25,JRN-9413,tdavis
GL_1757,2026-08-01,3381.25,ACC_5010,Booking for Dharma Provisions,VEND_27,JRN-4861,oruiz
GL_1758,2026-08-08,2955.42,ACC_8020,Booking for ACME Corp,VEND_01,JRN-6679,michellejensen
GL_1759,2026-08-07,846.05,ACC_8020,Booking for ACME Corp,VEND_01,JRN-7814,philip55
GL_1761,2026-08-13,683.92,ACC_8020,Booking for Massive Dynamic,VEND_19,JRN-1819,efreeman
GL_1762,2026-08-06,652.2,ACC_8020,Booking for Weyland Industries,VEND_25,JRN-2211,erodriguez
GL_1763,2026-08-23,3403.61,ACC_7020,Booking for Bachman Electric,VEND_38,JRN-1810,ssingleton
GL_1764,2026-08-07,2604.39,ACC_7020,Booking for Buy n Large Corp,VEND_20,JRN-5773,cassandra28
GL_1765,2026-08-11,1111.13,ACC_8010,Booking for Weyland Industries,VEND_25,JRN-1590,sullivanjennifer
GL_1766,2026-08-17,2848.07,ACC_8010,Booking for Massive Dynamic,VEND_19,JRN-3474,nguyendebra
GL_1767,2026-08-08,480.6,ACC_6020,Booking for Umbrella Corp,VEND_07,JRN-2696,amanda69
GL_1768,2026-08-01,1586.89,ACC_7020,Booking for Weyland Industries,VEND_25,JRN-5125,pallen
GL_1769,2026-08-04,362.34,ACC_6020,Booking for Los Pollos Dist.,VEND_14,JRN-3919,terrireyes
GL_1770,2026-08-24,4394.58,ACC_8010,Booking for Cyberdyne Systems,VEND_05,JRN-6215,jared96
GL_1771,2026-08-10,795.01,ACC_8020,Booking for Multi Corp,VEND_30,JRN-2792,vbradley
GL_1772,2026-08-01,651.68,ACC_6020,Booking for Sterling Cooper,VEND_16,JRN-2671,gilbertcaldwell
GL_1773,2026-08-23,2859.83,ACC_5020,Booking for Cyberdyne Systems,VEND_05,JRN-3875,mwilson
GL_1774,2026-08-01,282.09,ACC_6010,Booking for InGen Biotech,VEND_28,JRN-9064,gnguyen
GL_1775,2026-08-25,4395.74,ACC_5020,Booking for Massive Dynamic,VEND_19,JRN-4609,zthompson
GL_1776,2026-08-07,1250.61,ACC_7020,Booking for Sirius Cybernetics,VEND_29,JRN-8444,georgegina
GL_1777,2026-08-02,4380.25,ACC_5020,Booking for InGen Biotech,VEND_28,JRN-3679,pmurphy
GL_1778,2026-08-12,532.51,ACC_6010,Booking for Tyrell Systems,VEND_24,JRN-3451,davislisa
GL_1779,2026-08-24,2800.02,ACC_5020,Booking for Dunder Supplies,VEND_10,JRN-2851,shermandonna
GL_1780,2026-08-14,2390.67,ACC_5020,Booking for Delos Hospitality,VEND_23,JRN-7174,yschmidt
GL_1781,2026-08-14,523.58,ACC_8020,Booking for Nakatomi Trading,VEND_17,JRN-6251,rgonzalez
GL_1783,2026-08-23,810.75,ACC_8010,Booking for Wernham Hogg,VEND_22,JRN-7266,kevin46
GL_1784,2026-08-06,4270.38,ACC_5020,Booking for Lestrade & Co,VEND_37,JRN-4199,veronica90
GL_1785,2026-08-24,2042.12,ACC_8020,Booking for Dharma Provisions,VEND_27,JRN-9840,sabbott
GL_1786,2026-08-09,4679.08,ACC_5020,Booking for Pied Piper Tech,VEND_11,JRN-4315,woodana
GL_1787,2026-08-11,3686.09,ACC_6020,Booking for Tyrell Systems,VEND_24,JRN-5823,smithann
GL_1788,2026-08-26,2099.19,ACC_7020,Booking for Umbrella Corp,VEND_07,JRN-1303,daniel40
GL_1789,2026-08-26,4849.47,ACC_6020,Booking for Umbrella Corp,VEND_07,JRN-9228,ryanlawrence
GL_1790,2026-08-23,4755.54,ACC_8010,Booking for Sterling Cooper,VEND_16,JRN-9177,jennifer66
GL_1791,2026-08-01,179.48,ACC_8020,Booking for Massive Dynamic,VEND_19,JRN-6416,qgardner
GL_1792,2026-08-15,4759.41,ACC_5010,Booking for InGen Biotech,VEND_28,JRN-3723,thomaslopez
GL_1793,2026-08-13,1937.09,ACC_5010,Booking for Buy n Large Corp,VEND_20,JRN-7130,xbridges
GL_1794,2026-08-02,2549.97,ACC_8010,Booking for Delos Hospitality,VEND_23,JRN-7185,qmoore
GL_1795,2026-08-23,2976.91,ACC_8010,Booking for Delos Hospitality,VEND_23,JRN-6723,dennisjones
GL_1796,2026-08-14,289.49,ACC_6020,Booking for Veridian Dynamics,VEND_32,JRN-4104,thomasnicole
GL_1797,2026-08-08,3648.97,ACC_7020,Booking for Umbrella Corp,VEND_07,JRN-9140,iproctor
GL_1798,2026-08-11,1618.09,ACC_6010,Booking for Sirius Cybernetics,VEND_29,JRN-3976,taylorlinda
GL_1799,2026-08-17,2277.71,ACC_7020,Booking for Momcorp Industries,VEND_33,JRN-7998,senglish
GL_1800,2026-08-21,3649.22,ACC_5020,Booking for Nakatomi Trading,VEND_17,JRN-3620,dhanson
GL_1801,2026-08-10,4282.42,ACC_8010,Booking for Stark Logistics,VEND_03,JRN-6186,carnold
GL_1802,2026-08-07,2462.52,ACC_7020,Booking for Sterling Cooper,VEND_16,JRN-4820,lkelly
GL_1803,2026-08-26,3303.97,ACC_6020,Booking for Hooli Services,VEND_12,JRN-4030,kjacobs
GL_1804,2026-08-22,2959.49,ACC_7020,Booking for Veridian Dynamics,VEND_32,JRN-9159,pbradford
GL_1805,2026-08-05,746.8,ACC_6020,Booking for Pawnee Power,VEND_39,JRN-6224,robert89
GL_1806,2026-08-23,2673.03,ACC_6020,Booking for Tyrell Systems,VEND_24,JRN-3516,arthur09
GL_1808,2026-08-17,4604.44,ACC_5010,Booking for Vandelay Trading,VEND_09,JRN-7854,hbush
GL_1809,2026-08-15,3333.32,ACC_5010,Booking for  Freight,VEND_35,JRN-7543,fnixon
GL_1810,2026-08-04,2842.37,ACC_6020,Booking for Prestige Worldwide,VEND_15,JRN-9892,jessicafox
GL_1811,2026-08-02,2599.96,ACC_5010,Booking for ACME Corp,VEND_01,JRN-3322,steven18
GL_1812,2026-08-26,771.6,ACC_8010,Booking for Sterling Cooper,VEND_16,JRN-3192,sanchezcrystal
GL_1813,2026-08-08,3353.78,ACC_6020,Booking for Frobozz Electric,VEND_31,JRN-3583,suttonamber
GL_1814,2026-08-22,722.08,ACC_5020,Booking for Momcorp Industries,VEND_33,JRN-5683,chloe58
GL_1815,2026-08-09,3172.01,ACC_5010,Booking for Dharma Provisions,VEND_27,JRN-6285,harrisonwilliam
GL_1816,2026-08-02,3786.62,ACC_7020,Booking for Stark Logistics,VEND_03,JRN-4577,vberry
GL_1817,2026-08-01,1043.77,ACC_5010,Booking for Tyrell Systems,VEND_24,JRN-3484,zgomez
GL_1818,2026-08-20,4752.0,ACC_8010,Booking for Momcorp Industries,VEND_33,JRN-6205,keith09
GL_1819,2026-08-21,870.7,ACC_6010,Booking for Pawnee Power,VEND_39,JRN-7590,jessica94
GL_1820,2026-08-14,425.04,ACC_6010,Booking for Initech Solutions,VEND_06,JRN-8141,sotobelinda
GL_1821,2026-08-13,1476.08,ACC_5020,Booking for Wernham Hogg,VEND_22,JRN-8590,douglaskelly
GL_1822,2026-08-17,2490.16,ACC_8020,Booking for Bachman Electric,VEND_38,JRN-3525,mitchellchristopher
GL_1823,2026-08-20,3036.78,ACC_7020,Booking for Lestrade & Co,VEND_37,JRN-3823,yorkjoshua
GL_1824,2026-08-17,3120.2,ACC_8010,Booking for Cyberdyne Systems,VEND_05,JRN-5860,christinahill
GL_1825,2026-08-08,1633.95,ACC_8010,Booking for Oceanic Freight,VEND_21,JRN-3947,alexis19
GL_1826,2026-08-17,3412.89,ACC_5010,Booking for Rekall Solutions,VEND_18,JRN-8069,reneestevenson
GL_1827,2026-08-07,3466.97,ACC_6020,Booking for Tyrell Systems,VEND_24,JRN-9427,lwood
GL_1828,2026-08-06,674.33,ACC_5010,Booking for Massive Dynamic,VEND_19,JRN-6564,kimberly37
GL_1829,2026-08-12,1303.61,ACC_5010,Booking for Frobozz Electric,VEND_31,JRN-4187,laurenatkins
GL_1830,2026-08-15,2733.3,ACC_5020,Booking for Dunder Supplies,VEND_10,JRN-2752,tracey29
GL_1831,2026-08-01,426.08,ACC_6010,Booking for Nakatomi Trading,VEND_17,JRN-9819,marymullins
GL_1832,2026-08-19,2959.56,ACC_5010,Booking for Rekall Solutions,VEND_18,JRN-5466,ptownsend
GL_1833,2026-08-21,4910.31,ACC_8010,Booking for Pawnee Power,VEND_39,JRN-9756,kbarber
GL_1834,2026-08-06,702.29,ACC_5020,Booking for Wayne Enterprises,VEND_04,JRN-3572,beckywilkinson
GL_1835,2026-08-26,569.86,ACC_5010,Booking for InGen Biotech,VEND_28,JRN-2371,maykarla
GL_1836,2026-08-19,393.41,ACC_6010,Booking for Soylent Industries,VEND_08,JRN-3487,williamssteven
GL_1837,2026-08-08,1180.14,ACC_5010,Booking for Pawnee Power,VEND_39,JRN-3832,vturner
GL_1838,2026-08-05,212.47,ACC_5020,Booking for Bachman Electric,VEND_38,JRN-7096,noahthornton
GL_1840,2026-08-04,1306.35,ACC_8010,Booking for Dharma Provisions,VEND_27,JRN-5850,hbaker
GL_1841,2026-08-09,626.2,ACC_8010,Booking for Sterling Cooper,VEND_16,JRN-2845,zsmith
GL_1842,2026-08-07,1237.69,ACC_8010,Booking for Initech Solutions,VEND_06,JRN-7102,ureyes
GL_1843,2026-08-02,2752.2,ACC_7020,Booking for Rekall Solutions,VEND_18,JRN-9903,davisamanda
GL_1844,2026-08-01,2545.26,ACC_7020,Booking for Gekko Capital,VEND_40,JRN-9778,stephanie69
GL_1845,2026-08-23,479.05,ACC_8010,Booking for Weyland Industries,VEND_25,JRN-7577,matthew41
GL_1846,2026-08-13,1443.29,ACC_6010,Booking for Massive Dynamic,VEND_19,JRN-1138,destiny67
GL_1847,2026-08-21,3518.15,ACC_5010,Booking for Sirius Cybernetics,VEND_29,JRN-2797,jessicachapman
GL_1848,2026-08-13,200.42,ACC_6020,Booking for InGen Biotech,VEND_28,JRN-5294,aprilbyrd
GL_1849,2026-08-03,2243.08,ACC_8010,Booking for Delos Hospitality,VEND_23,JRN-9802,lawrencesmith
GL_1850,2026-08-06,1173.77,ACC_5010,Booking for Bachman Electric,VEND_38,JRN-7380,deckeralexander
GL_1851,2026-08-12,335.09,ACC_6020,Booking for Prestige Worldwide,VEND_15,JRN-6006,foxgina
GL_1852,2026-08-03,3115.7,ACC_5020,Booking for Sorin Systems,VEND_36,JRN-1015,jeffrey44
GL_1853,2026-08-10,794.01,ACC_5010,Booking for InGen Biotech,VEND_28,JRN-7361,austinharvey
GL_1854,2026-08-03,1235.9,ACC_5020,Booking for Initech Solutions,VEND_06,JRN-9232,maysdiane
GL_1855,2026-08-16,4715.88,ACC_7020,Booking for Pied Piper Tech,VEND_11,JRN-8245,stephanielittle
GL_1856,2026-08-07,3052.91,ACC_8010,Booking for Cyberdyne Systems,VEND_05,JRN-8871,millercassandra
GL_1857,2026-08-19,3828.22,ACC_6020,Booking for Hooli Services,VEND_12,JRN-9532,pdouglas
GL_1858,2026-08-08,3955.85,ACC_6020,Booking for Oceanic Freight,VEND_21,JRN-7352,pauladominguez
GL_1859,2026-08-17,4085.2,ACC_7020,Booking for Momcorp Industries,VEND_33,JRN-5616,kenneth17
GL_1860,2026-08-05,4248.03,ACC_7020,Booking for Sterling Cooper,VEND_16,JRN-6092,kayla54
GL_1861,2026-08-19,3937.47,ACC_5010,Booking for Multi Corp,VEND_30,JRN-8132,kimberlyramirez
GL_1862,2026-08-21,3069.45,ACC_5020,Booking for Stark Logistics,VEND_03,JRN-4566,reyesmarvin
GL_1863,2026-08-26,2500.79,ACC_6020,Booking for Primatech Paper,VEND_26,JRN-3953,scottlisa
GL_1864,2026-08-13,3953.29,ACC_8010,Booking for Lestrade & Co,VEND_37,JRN-3308,scottvasquez
GL_1865,2026-08-17,4303.84,ACC_7020,Booking for Vandelay Trading,VEND_09,JRN-3372,chelseywhite
GL_1866,2026-08-04,3061.54,ACC_5020,Booking for Dharma Provisions,VEND_27,JRN-2230,irodriguez
GL_1867,2026-08-07,3776.53,ACC_5020,Booking for Los Pollos Dist.,VEND_14,JRN-3998,probinson
GL_1868,2026-08-21,3989.43,ACC_5010,Booking for Primatech Paper,VEND_26,JRN-6007,gainesjennifer
GL_1869,2026-08-16,2056.27,ACC_8020,Booking for Multi Corp,VEND_30,JRN-2047,johnsonchad
GL_1870,2026-08-05,4495.49,ACC_5010,Booking for Umbrella Corp,VEND_07,JRN-5658,kimberly07
GL_1871,2026-08-03,3030.13,ACC_8010,Booking for Delos Hospitality,VEND_23,JRN-4554,denisesmith
GL_1872,2026-08-12,1724.12,ACC_8020,Booking for Buy n Large Corp,VEND_20,JRN-2847,ortegajoseph
GL_1873,2026-08-02,222.42,ACC_5020,Booking for Los Pollos Dist.,VEND_14,JRN-2475,rebecca90
GL_1874,2026-08-26,3103.34,ACC_7020,Booking for Delos Hospitality,VEND_23,JRN-8315,zmendoza
GL_1875,2026-08-25,2488.83,ACC_5020,Booking for Momcorp Industries,VEND_33,JRN-7656,fernandezaaron
GL_1876,2026-08-24,3770.94,ACC_8010,Booking for Momcorp Industries,VEND_33,JRN-2581,imartinez
GL_1877,2026-08-13,1716.72,ACC_5020,Booking for Sirius Cybernetics,VEND_29,JRN-2816,mathew46
GL_1878,2026-08-04,3122.68,ACC_5010,Booking for Rekall Solutions,VEND_18,JRN-4593,chensusan
GL_1879,2026-08-07,2150.04,ACC_7020,Booking for Bluth Builders,VEND_13,JRN-7918,diazmelissa
GL_1880,2026-08-05,2191.87,ACC_7020,Booking for Lestrade & Co,VEND_37,JRN-1343,christopher74
GL_1881,2026-08-09,3663.47,ACC_5020,Booking for Cyberdyne Systems,VEND_05,JRN-1034,gregorywilliams
GL_1882,2026-08-06,4631.63,ACC_5010,Booking for Veridian Dynamics,VEND_32,JRN-1088,tguerrero
GL_1883,2026-08-09,2927.51,ACC_6020,Booking for Sorin Systems,VEND_36,JRN-4222,omosley
GL_1884,2026-08-22,1466.93,ACC_8010,Booking for Pawnee Power,VEND_39,JRN-3642,tom73
GL_1885,2026-08-09,1707.95,ACC_7020,Booking for Momcorp Industries,VEND_33,JRN-6515,austinjohnson
GL_1886,2026-08-13,351.3,ACC_6010,Booking for Bachman Electric,VEND_38,JRN-9912,tracybrown
GL_1887,2026-08-04,4137.94,ACC_7020,Booking for Sorin Systems,VEND_36,JRN-4089,victor70
GL_1888,2026-08-08,2375.3,ACC_5010,Booking for Dunder Supplies,VEND_10,JRN-1063,morganmatthew
GL_1889,2026-08-14,2876.21,ACC_6020,Booking for Buy n Large Corp,VEND_20,JRN-1760,sullivanjason
GL_1890,2026-08-02,2234.55,ACC_6020,Booking for InGen Biotech,VEND_28,JRN-3940,ibentley
GL_1891,2026-08-04,1609.24,ACC_6010,Booking for Veridian Dynamics,VEND_32,JRN-5002,joycehall
GL_1892,2026-08-10,1291.86,ACC_7020,Booking for Pied Piper Tech,VEND_11,JRN-4849,johnsondonald
GL_1893,2026-08-04,502.26,ACC_8010,Booking for ACME Corp,VEND_01,JRN-1031,ruizsamantha
GL_1894,2026-08-01,2408.92,ACC_6020,Booking for Stark Logistics,VEND_03,JRN-3651,sanchezdeborah
GL_1895,2026-08-12,3425.82,ACC_7020,Booking for Delos Hospitality,VEND_23,JRN-3800,jacksonbrendan
GL_1896,2026-08-04,290.82,ACC_5020,Booking for Bachman Electric,VEND_38,JRN-1977,lori17
GL_1897,2026-08-16,626.94,ACC_6020,Booking for Bachman Electric,VEND_38,JRN-7522,marybrown
GL_1898,2026-08-03,4175.83,ACC_8010,Booking for Massive Dynamic,VEND_19,JRN-8081,wilsonbrooke
GL_1899,2026-08-04,2532.44,ACC_5020,Booking for Prestige Worldwide,VEND_15,JRN-8493,bryanharris
GL_1900,2026-08-26,2317.29,ACC_7020,Booking for Momcorp Industries,VEND_33,JRN-4998,lisa65
GL_1901,2026-08-26,4924.53,ACC_5020,Booking for Buy n Large Corp,VEND_20,JRN-3905,daughertybarbara
GL_1902,2026-08-02,489.32,ACC_8020,Booking for Bachman Electric,VEND_38,JRN-4388,marcoconnell
GL_1903,2026-08-24,459.87,ACC_8020,Booking for Wernham Hogg,VEND_22,JRN-7313,kathrynwatkins
GL_1904,2026-08-04,4656.38,ACC_5020,Booking for Sorin Systems,VEND_36,JRN-4514,bryan42
GL_1905,2026-08-12,867.0,ACC_6020,Booking for Bluth Builders,VEND_13,JRN-7676,xjackson
GL_1906,2026-08-17,2371.17,ACC_8010,Booking for Primatech Paper,VEND_26,JRN-6508,samuelfrost
GL_1907,2026-08-15,751.23,ACC_8020,Booking for Oceanic Freight,VEND_21,JRN-2868,andersonkylie
GL_1908,2026-08-26,904.48,ACC_8020,Booking for Nakatomi Trading,VEND_17,JRN-9885,bstrickland
GL_1909,2026-08-05,1276.11,ACC_8020,Booking for Pawnee Power,VEND_39,JRN-7594,amiller
GL_1910,2026-08-24,984.51,ACC_5020,Booking for Stark Logistics,VEND_03,JRN-7515,saramann
GL_1911,2026-08-01,612.53,ACC_6020,Booking for Momcorp Industries,VEND_33,JRN-2716,robert72
GL_1912,2026-08-14,4458.97,ACC_7020,Booking for Bachman Electric,VEND_38,JRN-5992,douglasnelson
GL_1913,2026-08-10,2740.08,ACC_5010,Booking for Multi Corp,VEND_30,JRN-1013,ljenkins
GL_1914,2026-08-15,4652.34,ACC_5020,Booking for Pawnee Power,VEND_39,JRN-3540,carlsonjennifer
GL_1915,2026-08-19,1192.21,ACC_8010,Booking for Nakatomi Trading,VEND_17,JRN-9287,burtonkimberly
GL_1916,2026-08-08,3375.32,ACC_5020,Booking for Bachman Electric,VEND_38,JRN-4295,robert83
GL_1917,2026-08-08,4763.4,ACC_5020,Booking for Sirius Cybernetics,VEND_29,JRN-2624,davidmoreno
GL_1918,2026-08-18,4090.68,ACC_8010,Booking for  Freight,VEND_35,JRN-9324,montgomerymichelle
GL_1919,2026-08-19,1145.73,ACC_8010,Booking for Sorin Systems,VEND_36,JRN-4666,stevensims
GL_1920,2026-08-06,2770.81,ACC_6020,Booking for Bluth Builders,VEND_13,JRN-4061,joshualee
GL_1921,2026-08-01,587.35,ACC_6020,Booking for Nakatomi Trading,VEND_17,JRN-2037,ginaschmitt
GL_1922,2026-08-14,1100.06,ACC_7020,Booking for Pied Piper Tech,VEND_11,JRN-8813,kjimenez
GL_1923,2026-08-10,1616.51,ACC_6010,Booking for  Freight,VEND_35,JRN-1324,brownmichael
GL_1924,2026-08-01,4772.57,ACC_7020,Booking for Cyberdyne Systems,VEND_05,JRN-8901,ryancook
GL_1925,2026-08-09,4829.2,ACC_7020,Booking for Soylent Industries,VEND_08,JRN-7318,vwilliams
GL_1926,2026-08-05,2458.09,ACC_8020,Booking for Gekko Capital,VEND_40,JRN-1711,buckleygregory
GL_1927,2026-08-15,4052.35,ACC_6020,Booking for  Freight,VEND_35,JRN-3736,washingtondarren
GL_1928,2026-08-06,814.48,ACC_5010,Booking for Pied Piper Tech,VEND_11,JRN-9818,jenniferwatkins
GL_1929,2026-08-01,1766.89,ACC_7020,Booking for Weyland Industries,VEND_25,JRN-2645,robert53
GL_1930,2026-08-06,1032.2,ACC_5010,Booking for Frobozz Electric,VEND_31,JRN-3087,nguyencorey
GL_1931,2026-08-18,3877.11,ACC_7020,Booking for Weyland Industries,VEND_25,JRN-8284,ykane
GL_1932,2026-08-07,118.24,ACC_6020,Booking for Delos Hospitality,VEND_23,JRN-2913,charlesrichards
GL_1933,2026-08-21,1759.76,ACC_6020,Booking for ACME Corp,VEND_01,JRN-9243,zamoradustin
GL_1934,2026-08-16,2522.29,ACC_8020,Booking for Sorin Systems,VEND_36,JRN-2813,xthompson
GL_1936,2026-08-02,4701.34,ACC_6020,Booking for Vandelay Trading,VEND_09,JRN-7864,stephenlee
GL_1937,2026-08-05,1475.27,ACC_7020,Booking for Dharma Provisions,VEND_27,JRN-9736,theresa35
GL_1938,2026-08-14,211.39,ACC_6010,Booking for Massive Dynamic,VEND_19,JRN-9864,antoniocarroll
GL_1939,2026-08-04,566.27,ACC_8020,Booking for Nakatomi Trading,VEND_17,JRN-5897,derek77
GL_1940,2026-08-19,4021.82,ACC_6020,Booking for Prestige Worldwide,VEND_15,JRN-9150,vjackson
GL_1941,2026-08-19,4363.0,ACC_5010,Booking for  Freight,VEND_35,JRN-3468,oliviamunoz
GL_1942,2026-08-10,4602.31,ACC_7020,Booking for Dharma Provisions,VEND_27,JRN-7174,belindatran
GL_1943,2026-08-04,4750.02,ACC_6020,Booking for Bachman Electric,VEND_38,JRN-7541,christophervincent
GL_1944,2026-08-02,2399.19,ACC_8010,Booking for Tyrell Systems,VEND_24,JRN-7299,natkins
GL_1945,2026-08-12,925.06,ACC_8010,Booking for Lestrade & Co,VEND_37,JRN-6798,rhood
GL_1946,2026-08-24,3569.99,ACC_8010,Booking for Pied Piper Tech,VEND_11,JRN-2543,blairjill
GL_1947,2026-08-17,1269.07,ACC_5020,Booking for Dharma Provisions,VEND_27,JRN-6303,johnhamilton
GL_1948,2026-08-18,1265.77,ACC_6020,Booking for InGen Biotech,VEND_28,JRN-4344,patriciavargas
GL_1949,2026-08-05,2082.15,ACC_6020,Booking for Bachman Electric,VEND_38,JRN-9310,robinvillanueva
GL_1950,2026-08-09,3276.85,ACC_8010,Booking for Veridian Dynamics,VEND_32,JRN-3662,cbaird
GL_1951,2026-08-19,1003.35,ACC_6010,Booking for Bachman Electric,VEND_38,JRN-6343,gquinn
GL_1952,2026-08-24,326.95,ACC_8010,Booking for Cyberdyne Systems,VEND_05,JRN-1147,simmonsphillip
GL_1953,2026-08-19,113.81,ACC_6020,Booking for Los Pollos Dist.,VEND_14,JRN-5880,chavezjohn
GL_1954,2026-08-01,2125.44,ACC_5020,Booking for Wernham Hogg,VEND_22,JRN-1368,steelerichard
GL_1955,2026-08-14,1955.75,ACC_6020,Booking for Omni Consumer,VEND_34,JRN-5392,davidphillips
GL_1956,2026-08-13,1830.57,ACC_8010,Booking for Sterling Cooper,VEND_16,JRN-8785,smithelizabeth
GL_1957,2026-08-14,339.77,ACC_6010,Booking for ACME Corp,VEND_01,JRN-7750,jacquelinehodge
GL_1958,2026-08-10,1098.82,ACC_6020,Booking for Soylent Industries,VEND_08,JRN-5989,braysteven
GL_1959,2026-08-16,3949.91,ACC_5010,Booking for Omni Consumer,VEND_34,JRN-8174,morgansullivan
GL_1960,2026-08-07,3474.28,ACC_8010,Booking for Rekall Solutions,VEND_18,JRN-1063,courtney01
GL_1961,2026-08-09,886.25,ACC_8010,Booking for Prestige Worldwide,VEND_15,JRN-8492,vbarry
GL_1962,2026-08-08,4933.82,ACC_6020,Booking for Sorin Systems,VEND_36,JRN-9159,phillipskaren
GL_1963,2026-08-06,1411.61,ACC_7020,Booking for Tyrell Systems,VEND_24,JRN-6766,kristinmiller
GL_1964,2026-08-01,409.36,ACC_5020,Booking for Umbrella Corp,VEND_07,JRN-9340,jill08
GL_1965,2026-08-17,116.52,ACC_6010,Booking for Globex Inc,VEND_02,JRN-9258,pamela16
GL_1966,2026-08-01,2456.99,ACC_6020,Booking for Hooli Services,VEND_12,JRN-2843,steven05
GL_1967,2026-08-19,1077.39,ACC_6020,Booking for Primatech Paper,VEND_26,JRN-8570,gregory81
GL_1968,2026-08-19,2863.71,ACC_5020,Booking for Umbrella Corp,VEND_07,JRN-5734,devonrogers
GL_1969,2026-08-11,1848.72,ACC_8020,Booking for Sterling Cooper,VEND_16,JRN-8509,banksjo
GL_1970,2026-08-04,2869.28,ACC_8010,Booking for Vandelay Trading,VEND_09,JRN-6625,karenhodges
GL_1971,2026-08-07,2388.71,ACC_5020,Booking for  Freight,VEND_35,JRN-7531,michael48
GL_1972,2026-08-08,3716.32,ACC_8010,Booking for Los Pollos Dist.,VEND_14,JRN-9788,eramirez
GL_1973,2026-08-09,3250.79,ACC_8010,Booking for Sirius Cybernetics,VEND_29,JRN-2750,michael78
GL_1974,2026-08-26,1326.55,ACC_6020,Booking for Pawnee Power,VEND_39,JRN-5799,harrisonamanda
GL_1975,2026-08-23,1457.7,ACC_8020,Booking for Pied Piper Tech,VEND_11,JRN-9744,shannon51
GL_1976,2026-08-26,2117.86,ACC_5010,Booking for Wernham Hogg,VEND_22,JRN-5345,patriciaellis
GL_1977,2026-08-14,3512.26,ACC_6020,Booking for Delos Hospitality,VEND_23,JRN-6177,myersharold
GL_1978,2026-08-21,2901.35,ACC_5010,Booking for Rekall Solutions,VEND_18,JRN-3730,rodriguezjoshua
GL_1979,2026-08-08,3713.63,ACC_8010,Booking for Hooli Services,VEND_12,JRN-7463,tylergolden
GL_1980,2026-08-02,3342.14,ACC_5010,Booking for Prestige Worldwide,VEND_15,JRN-6352,cartertara
GL_1981,2026-08-22,2215.93,ACC_5020,Booking for Cyberdyne Systems,VEND_05,JRN-2937,thomasfisher
GL_1982,2026-08-02,2711.85,ACC_5010,Booking for Dharma Provisions,VEND_27,JRN-3687,carterbryan
GL_1983,2026-08-07,458.74,ACC_8010,Booking for Dharma Provisions,VEND_27,JRN-3286,marystone
GL_1984,2026-08-23,2819.49,ACC_7020,Booking for Omni Consumer,VEND_34,JRN-1640,robert55
GL_1985,2026-08-15,871.25,ACC_6020,Booking for Pawnee Power,VEND_39,JRN-7557,swatkins
GL_1986,2026-08-20,4199.78,ACC_6020,Booking for Sirius Cybernetics,VEND_29,JRN-2002,kellis
GL_1987,2026-08-13,1548.12,ACC_5010,Booking for  Freight,VEND_35,JRN-9918,rachelparker
GL_1988,2026-08-05,4003.35,ACC_6020,Booking for Vandelay Trading,VEND_09,JRN-9759,jeremy54
GL_1989,2026-08-13,4555.73,ACC_6020,Booking for Bachman Electric,VEND_38,JRN-6874,hernandezjustin
GL_1990,2026-08-02,2637.98,ACC_8010,Booking for  Freight,VEND_35,JRN-2710,christinemartin
GL_1991,2026-08-08,4549.21,ACC_5020,Booking for Momcorp Industries,VEND_33,JRN-1008,ian22
GL_1992,2026-08-18,509.48,ACC_8010,Booking for Omni Consumer,VEND_34,JRN-9841,johnwilliams
GL_1993,2026-08-02,2195.83,ACC_8010,Booking for Los Pollos Dist.,VEND_14,JRN-4112,autumn74
GL_1994,2026-08-23,3217.62,ACC_5010,Booking for Omni Consumer,VEND_34,JRN-6404,jack80
GL_1995,2026-08-15,906.71,ACC_6020,Booking for Rekall Solutions,VEND_18,JRN-5999,tiffany25
GL_1996,2026-08-26,3643.14,ACC_8010,Booking for Initech Solutions,VEND_06,JRN-4882,kfernandez
GL_1997,2026-08-26,3221.49,ACC_8010,Booking for Initech Solutions,VEND_06,JRN-8761,david06
GL_1998,2026-08-21,1920.54,ACC_6010,Booking for Pawnee Power,VEND_39,JRN-2736,dmack
GL_1999,2026-08-22,664.27,ACC_8010,Booking for Momcorp Industries,VEND_33,JRN-6695,eric88
GL_2000,2026-08-09,880.44,ACC_6020,Booking for  Freight,VEND_35,JRN-4875,deborah47
GL_2001,2026-08-15,2665.97,ACC_5010,Manual accrual adjustment / unassigned entry,VEND_24,JRN-1208,tara92
GL_2002,2026-08-02,509.16,ACC_5010,Manual accrual adjustment / unassigned entry,VEND_23,JRN-7395,hmorgan
GL_2003,2026-08-25,880.39,ACC_8010,Manual accrual adjustment / unassigned entry,VEND_39,JRN-6830,imccullough
GL_2004,2026-08-12,184.71,ACC_6020,Manual accrual adjustment / unassigned entry,VEND_25,JRN-5796,parkerrichard
GL_2005,2026-08-25,4552.07,ACC_5020,Manual accrual adjustment / unassigned entry,VEND_37,JRN-4138,seandavis
GL_2006,2026-08-22,2939.43,ACC_8020,Manual accrual adjustment / unassigned entry,VEND_19,JRN-8077,franklinjames
GL_2007,2026-08-17,1773.02,ACC_8020,Manual accrual adjustment / unassigned entry,VEND_31,JRN-1319,kimberlywang
GL_2008,2026-08-06,4340.39,ACC_5020,Manual accrual adjustment / unassigned entry,VEND_27,JRN-1572,andrewryan
GL_2009,2026-08-25,2138.48,ACC_5010,Manual accrual adjustment / unassigned entry,VEND_14,JRN-8007,frhodes
GL_2010,2026-08-04,17882.56,ACC_7020,Manual accrual adjustment / unassigned entry,VEND_04,JRN-4783,ulee
GL_2011,2026-08-10,73920.05,ACC_7010,Manual accrual adjustment / unassigned entry,VEND_17,JRN-3154,kerrmichael
GL_2012,2026-08-09,6204.22,ACC_5010,Manual accrual adjustment / unassigned entry,VEND_22,JRN-7913,jenniferpatterson
GL_2013,2026-08-12,4965.45,ACC_8010,Manual accrual adjustment / unassigned entry,VEND_11,JRN-5929,swatson
GL_2014,2026-08-26,5978.53,ACC_5010,Manual accrual adjustment / unassigned entry,VEND_09,JRN-2914,michael78
GL_2015,2026-08-20,18293.06,ACC_7020,Manual accrual adjustment / unassigned entry,VEND_39,JRN-8146,lewispamela
GL_2016,2026-08-14,540.24,ACC_8020,Manual accrual adjustment / unassigned entry,VEND_12,JRN-4018,slara
GL_2017,2026-08-01,293.52,ACC_6010,Manual accrual adjustment / unassigned entry,VEND_22,JRN-4865,lindawaller
GL_2018,2026-08-21,4666.16,ACC_6020,Manual accrual adjustment / unassigned entry,VEND_19,JRN-8202,achandler
GL_2019,2026-08-10,4249.99,ACC_5010,Manual accrual adjustment / unassigned entry,VEND_31,JRN-7370,maryharper
GL_2020,2026-08-22,45588.79,ACC_7010,Manual accrual adjustment / unassigned entry,VEND_21,JRN-7100,jaredwells
GL_2021,2026-08-11,3043.83,ACC_6020,Manual accrual adjustment / unassigned entry,VEND_11,JRN-2579,carl96
GL_2022,2026-08-11,2718.45,ACC_6020,Manual accrual adjustment / unassigned entry,VEND_01,JRN-9013,smithdanielle
GL_2023,2026-08-10,7761.7,ACC_5020,Manual accrual adjustment / unassigned entry,VEND_22,JRN-6696,robert87
GL_2024,2026-08-23,597.97,ACC_6020,Manual accrual adjustment / unassigned entry,VEND_39,JRN-1923,jamescollier
GL_2025,2026-08-13,11244.82,ACC_5010,Manual accrual adjustment / unassigned entry,VEND_09,JRN-4028,angela04
GL_2026,2026-08-03,7458.04,ACC_5020,Manual accrual adjustment / unassigned entry,VEND_31,JRN-4880,troy73
GL_2027,2026-08-15,1284.95,ACC_6010,Manual accrual adjustment / unassigned entry,VEND_32,JRN-3573,moodyeric
GL_2028,2026-08-18,4702.69,ACC_8010,Manual accrual adjustment / unassigned entry,VEND_35,JRN-5036,stephanie71
GL_2029,2026-08-23,11558.02,ACC_7020,Manual accrual adjustment / unassigned entry,VEND_21,JRN-6320,robert73
GL_2030,2026-08-22,402.84,ACC_6010,Manual accrual adjustment / unassigned entry,VEND_20,JRN-3790,wilsonjoshua
GL_2031,2026-08-11,3658.92,ACC_7020,Manual accrual adjustment / unassigned entry,VEND_07,JRN-7653,georgemichael
GL_2032,2026-08-11,7824.49,ACC_5020,Manual accrual adjustment / unassigned entry,VEND_32,JRN-7033,qcunningham
GL_2033,2026-08-02,3699.29,ACC_5020,Manual accrual adjustment / unassigned entry,VEND_22,JRN-1855,hmccann
GL_2034,2026-08-20,5767.46,ACC_5010,Manual accrual adjustment / unassigned entry,VEND_06,JRN-5232,william90
GL_2035,2026-08-09,1444.21,ACC_8020,Manual accrual adjustment / unassigned entry,VEND_31,JRN-4773,francisco02
GL_2036,2026-08-12,13133.94,ACC_7020,Manual accrual adjustment / unassigned entry,VEND_10,JRN-5875,steven25
GL_2037,2026-08-24,2640.46,ACC_8020,Manual accrual adjustment / unassigned entry,VEND_19,JRN-2837,brianward
GL_2038,2026-08-19,489.39,ACC_8020,Manual accrual adjustment / unassigned entry,VEND_20,JRN-8527,brandon48
GL_2039,2026-08-20,1373.79,ACC_6020,Manual accrual adjustment / unassigned entry,VEND_14,JRN-1600,palmerkatie
GL_2040,2026-08-17,5395.99,ACC_7020,Manual accrual adjustment / unassigned entry,VEND_35,JRN-1496,kathygeorge
GL_2041,2026-08-17,1056.66,ACC_6020,Manual accrual adjustment / unassigned entry,VEND_14,JRN-7902,amybrennan
GL_2042,2026-08-03,7016.01,ACC_5020,Manual accrual adjustment / unassigned entry,VEND_13,JRN-4926,joseph51
GL_2043,2026-08-02,882.89,ACC_6010,Manual accrual adjustment / unassigned entry,VEND_33,JRN-8773,madeline02
GL_2044,2026-08-18,1633.57,ACC_6010,Manual accrual adjustment / unassigned entry,VEND_05,JRN-6777,nathan76
GL_2045,2026-08-16,985.84,ACC_6010,Manual accrual adjustment / unassigned entry,VEND_13,JRN-1157,samantha21
GL_2046,2026-08-14,67040.74,ACC_7010,Manual accrual adjustment / unassigned entry,VEND_12,JRN-6176,ericwalker
GL_2047,2026-08-04,2645.0,ACC_5020,Manual accrual adjustment / unassigned entry,VEND_29,JRN-6009,laurahansen
GL_2048,2026-08-22,2162.27,ACC_8010,Manual accrual adjustment / unassigned entry,VEND_14,JRN-6364,butlersabrina
GL_2049,2026-08-26,2464.89,ACC_6020,Manual accrual adjustment / unassigned entry,VEND_33,JRN-1819,fuentessandra
GL_2050,2026-08-04,4192.7,ACC_5020,Manual accrual adjustment / unassigned entry,VEND_23,JRN-7960,sbailey
GL_2051,2026-08-09,685.78,ACC_8020,Manual accrual adjustment / unassigned entry,VEND_25,JRN-9135,don79
GL_2052,2026-08-15,5934.72,ACC_5020,Manual accrual adjustment / unassigned entry,VEND_25,JRN-3663,gerald40
GL_2053,2026-08-03,3656.45,ACC_8010,Manual accrual adjustment / unassigned entry,VEND_20,JRN-4677,walkermelissa
GL_2054,2026-08-05,4086.8,ACC_6020,Manual accrual adjustment / unassigned entry,VEND_38,JRN-5209,haileyparker
GL_2055,2026-08-14,3885.9,ACC_8010,Manual accrual adjustment / unassigned entry,VEND_17,JRN-6594,davidmiller
GL_2056,2026-08-19,9339.08,ACC_5010,Manual accrual adjustment / unassigned entry,VEND_38,JRN-1475,joneskim
GL_2057,2026-08-18,2126.4,ACC_5010,Manual accrual adjustment / unassigned entry,VEND_39,JRN-6575,gwilliams
GL_2058,2026-08-01,799.44,ACC_8020,Manual accrual adjustment / unassigned entry,VEND_35,JRN-4833,mcguirewilliam
GL_2059,2026-08-23,4110.79,ACC_7020,Manual accrual adjustment / unassigned entry,VEND_06,JRN-9852,harrisonrebekah
GL_2060,2026-08-10,4082.36,ACC_8010,Manual accrual adjustment / unassigned entry,VEND_19,JRN-3788,joneselizabeth
GL_2061,2026-08-24,34239.68,ACC_7010,Manual accrual adjustment / unassigned entry,VEND_33,JRN-9465,pattonsamantha
GL_2062,2026-08-22,51443.99,ACC_7010,Manual accrual adjustment / unassigned entry,VEND_40,JRN-8500,brianagonzalez
GL_2063,2026-08-18,9322.77,ACC_7020,Manual accrual adjustment / unassigned entry,VEND_24,JRN-9032,anthony24
GL_2064,2026-08-19,13067.08,ACC_7020,Manual accrual adjustment / unassigned entry,VEND_23,JRN-9518,michael89
GL_2065,2026-08-24,1893.62,ACC_6010,Manual accrual adjustment / unassigned entry,VEND_08,JRN-1841,williamjones
GL_2066,2026-08-15,329.75,ACC_6010,Manual accrual adjustment / unassigned entry,VEND_38,JRN-8581,ricejennifer
GL_2067,2026-08-10,6596.01,ACC_5020,Manual accrual adjustment / unassigned entry,VEND_34,JRN-9854,george80
GL_2068,2026-08-15,3232.56,ACC_6020,Manual accrual adjustment / unassigned entry,VEND_06,JRN-8571,glasssamantha
GL_2069,2026-08-25,13930.34,ACC_5010,Manual accrual adjustment / unassigned entry,VEND_38,JRN-9669,lrichardson
GL_2070,2026-08-09,73692.81,ACC_7010,Manual accrual adjustment / unassigned entry,VEND_22,JRN-2620,scottrosario
GL_2071,2026-08-07,64610.38,ACC_7010,Manual accrual adjustment / unassigned entry,VEND_28,JRN-9132,maryzavala
GL_2072,2026-08-13,1069.99,ACC_6010,Manual accrual adjustment / unassigned entry,VEND_34,JRN-2717,olewis
GL_2073,2026-08-07,1621.36,ACC_5020,Manual accrual adjustment / unassigned entry,VEND_02,JRN-4439,urodriguez
GL_2074,2026-08-18,15287.72,ACC_7020,Manual accrual adjustment / unassigned entry,VEND_08,JRN-2342,owensapril
GL_2075,2026-08-16,3087.8,ACC_6020,Manual accrual adjustment / unassigned entry,VEND_35,JRN-2307,tfarmer
GL_2076,2026-08-11,75894.5,ACC_7010,Manual accrual adjustment / unassigned entry,VEND_37,JRN-1186,angela01
GL_2077,2026-08-20,11199.38,ACC_5010,Manual accrual adjustment / unassigned entry,VEND_37,JRN-3734,tristan64
GL_2078,2026-08-19,3673.3,ACC_5020,Manual accrual adjustment / unassigned entry,VEND_04,JRN-7068,tburke
GL_2079,2026-08-14,3808.33,ACC_7020,Manual accrual adjustment / unassigned entry,VEND_28,JRN-4403,aperez
GL_2080,2026-08-12,4133.25,ACC_6020,Manual accrual adjustment / unassigned entry,VEND_06,JRN-6129,traci63
GL_2081,2026-08-15,11440.89,ACC_5010,Manual accrual adjustment / unassigned entry,VEND_01,JRN-6216,jacobsonleah
GL_2082,2026-08-13,720.03,ACC_6020,Manual accrual adjustment / unassigned entry,VEND_02,JRN-2991,harry71
GL_2083,2026-08-26,4690.25,ACC_5020,Manual accrual adjustment / unassigned entry,VEND_38,JRN-2307,qkim
GL_2084,2026-08-18,4104.99,ACC_5010,Manual accrual adjustment / unassigned entry,VEND_09,JRN-8771,wilsonralph
GL_2085,2026-08-11,15080.08,ACC_7010,Manual accrual adjustment / unassigned entry,VEND_23,JRN-2986,figueroapatricia
GL_2086,2026-08-02,3645.18,ACC_6020,Manual accrual adjustment / unassigned entry,VEND_37,JRN-1967,calvinhester
GL_2087,2026-08-26,16700.68,ACC_7020,Manual accrual adjustment / unassigned entry,VEND_07,JRN-9229,james61
GL_2088,2026-08-11,533.19,ACC_5020,Manual accrual adjustment / unassigned entry,VEND_04,JRN-3222,maryhardy
GL_2089,2026-08-15,20913.31,ACC_7010,Manual accrual adjustment / unassigned entry,VEND_14,JRN-7561,kathy99
GL_2090,2026-08-23,7265.06,ACC_5020,Manual accrual adjustment / unassigned entry,VEND_34,JRN-9129,katelyn65
GL_2091,2026-08-13,1957.66,ACC_6020,Manual accrual adjustment / unassigned entry,VEND_09,JRN-8206,zestrada
GL_2092,2026-08-12,1892.86,ACC_5020,Manual accrual adjustment / unassigned entry,VEND_33,JRN-7569,jdixon
GL_2093,2026-08-08,1124.03,ACC_6020,Manual accrual adjustment / unassigned entry,VEND_40,JRN-1988,qrodriguez
GL_2094,2026-08-18,9586.15,ACC_5010,Manual accrual adjustment / unassigned entry,VEND_21,JRN-8048,ocrawford
GL_2095,2026-08-10,3060.4,ACC_5020,Manual accrual adjustment / unassigned entry,VEND_29,JRN-5035,anthonyrojas
GL_2096,2026-08-13,5275.16,ACC_5020,Manual accrual adjustment / unassigned entry,VEND_25,JRN-4922,jimenezanthony
GL_2097,2026-08-12,1769.08,ACC_8020,Manual accrual adjustment / unassigned entry,VEND_23,JRN-2895,patrickshelton
GL_2098,2026-08-08,3162.68,ACC_5020,Manual accrual adjustment / unassigned entry,VEND_26,JRN-1697,kevinhanson
GL_2099,2026-08-08,1684.72,ACC_6010,Manual accrual adjustment / unassigned entry,VEND_31,JRN-8965,guerreroapril
GL_2100,2026-08-06,941.02,ACC_6010,Manual accrual adjustment / unassigned entry,VEND_35,JRN-7911,msparks
GL_2101,2026-08-11,2636.2,ACC_8010,Manual accrual adjustment / unassigned entry,VEND_16,JRN-5833,ebony78
GL_2102,2026-08-13,1066.42,ACC_6010,Manual accrual adjustment / unassigned entry,VEND_17,JRN-5201,amy88
GL_2103,2026-08-22,6572.6,ACC_5020,Manual accrual adjustment / unassigned entry,VEND_27,JRN-2254,cisnerosanthony
GL_2104,2026-08-20,13452.87,ACC_5010,Manual accrual adjustment / unassigned entry,VEND_30,JRN-6297,hbeard
GL_2105,2026-08-21,1740.33,ACC_6020,Manual accrual adjustment / unassigned entry,VEND_20,JRN-7710,ycole
GL_2106,2026-08-12,8214.03,ACC_7010,Manual accrual adjustment / unassigned entry,VEND_08,JRN-1613,cstevens
GL_2107,2026-08-18,3379.47,ACC_6020,Manual accrual adjustment / unassigned entry,VEND_01,JRN-3217,angeladalton
GL_2108,2026-08-01,2943.37,ACC_8020,Manual accrual adjustment / unassigned entry,VEND_17,JRN-3338,nicole27
GL_2109,2026-08-14,1346.14,ACC_8020,Manual accrual adjustment / unassigned entry,VEND_09,JRN-9341,ttaylor
GL_2110,2026-08-09,2253.72,ACC_5020,Manual accrual adjustment / unassigned entry,VEND_18,JRN-8426,hfreeman
GL_2111,2026-08-19,4325.17,ACC_5020,Manual accrual adjustment / unassigned entry,VEND_15,JRN-6193,rkeller
GL_2112,2026-08-19,4640.17,ACC_6020,Manual accrual adjustment / unassigned entry,VEND_27,JRN-1735,kalvarez
GL_2113,2026-08-09,3123.19,ACC_8010,Manual accrual adjustment / unassigned entry,VEND_39,JRN-1058,myerstroy
GL_2114,2026-08-18,387.61,ACC_6010,Manual accrual adjustment / unassigned entry,VEND_18,JRN-9341,wjensen
GL_2115,2026-08-11,2330.99,ACC_8020,Manual accrual adjustment / unassigned entry,VEND_23,JRN-2833,luke09
GL_2116,2026-08-25,4172.67,ACC_6020,Manual accrual adjustment / unassigned entry,VEND_22,JRN-9808,andersonmichael
GL_2117,2026-08-16,536.99,ACC_8020,Manual accrual adjustment / unassigned entry,VEND_08,JRN-8430,hubbardcolleen
GL_2118,2026-08-01,71619.95,ACC_7010,Manual accrual adjustment / unassigned entry,VEND_28,JRN-2963,wdavis
GL_2119,2026-08-09,6108.96,ACC_5020,Manual accrual adjustment / unassigned entry,VEND_03,JRN-4327,robert03
GL_2120,2026-08-19,76033.33,ACC_7010,Manual accrual adjustment / unassigned entry,VEND_33,JRN-9564,jimmycollins
GL_2121,2026-08-07,4156.61,ACC_5020,Manual accrual adjustment / unassigned entry,VEND_36,JRN-8698,lozanocameron
GL_2122,2026-08-12,2007.91,ACC_8020,Manual accrual adjustment / unassigned entry,VEND_33,JRN-4644,danny20
GL_2123,2026-08-10,1150.8,ACC_6020,Manual accrual adjustment / unassigned entry,VEND_31,JRN-8364,benjamin69
GL_2124,2026-08-04,12526.3,ACC_5010,Manual accrual adjustment / unassigned entry,VEND_15,JRN-1138,sadams
GL_2125,2026-08-04,9528.99,ACC_5010,Manual accrual adjustment / unassigned entry,VEND_23,JRN-4162,uchapman
GL_2126,2026-08-06,5825.15,ACC_8010,Manual accrual adjustment / unassigned entry,VEND_35,JRN-3092,uhudson
GL_2127,2026-08-09,1059.47,ACC_8010,Manual accrual adjustment / unassigned entry,VEND_11,JRN-1647,stokescraig
GL_2128,2026-08-06,10086.51,ACC_7010,Manual accrual adjustment / unassigned entry,VEND_15,JRN-2392,matthewshaw
GL_2129,2026-08-12,11000.34,ACC_5010,Manual accrual adjustment / unassigned entry,VEND_29,JRN-8566,garrett45
GL_2130,2026-08-25,64.28,ACC_6010,Manual accrual adjustment / unassigned entry,VEND_18,JRN-2086,oharris
GL_2131,2026-08-23,1320.66,ACC_5010,Manual accrual adjustment / unassigned entry,VEND_32,JRN-5458,pittmanamanda
GL_2132,2026-08-06,4607.2,ACC_5020,Manual accrual adjustment / unassigned entry,VEND_18,JRN-7082,joseph49
GL_2133,2026-08-21,4216.92,ACC_6020,Manual accrual adjustment / unassigned entry,VEND_05,JRN-1974,nballard
GL_2134,2026-08-10,2186.57,ACC_8020,Manual accrual adjustment / unassigned entry,VEND_07,JRN-3366,robbinsbelinda
GL_2135,2026-08-18,1513.77,ACC_6010,Manual accrual adjustment / unassigned entry,VEND_30,JRN-1461,joshua98
GL_2136,2026-08-13,580.42,ACC_8020,Manual accrual adjustment / unassigned entry,VEND_17,JRN-7666,wsimmons
GL_2137,2026-08-12,998.33,ACC_6020,Manual accrual adjustment / unassigned entry,VEND_06,JRN-9126,pearsonkevin
GL_2138,2026-08-06,64508.82,ACC_7010,Manual accrual adjustment / unassigned entry,VEND_19,JRN-1229,ryan85
GL_2139,2026-08-23,67428.63,ACC_7010,Manual accrual adjustment / unassigned entry,VEND_14,JRN-3824,robertking
GL_2140,2026-08-18,868.17,ACC_8010,Manual accrual adjustment / unassigned entry,VEND_40,JRN-1845,jpowers
GL_2141,2026-08-13,3290.07,ACC_5010,Manual accrual adjustment / unassigned entry,VEND_34,JRN-8071,nicoleburton
GL_2142,2026-08-07,5562.83,ACC_5020,Manual accrual adjustment / unassigned entry,VEND_04,JRN-8780,barbaralewis
GL_2143,2026-08-13,2664.98,ACC_5010,Manual accrual adjustment / unassigned entry,VEND_29,JRN-3782,oadams
GL_2144,2026-08-05,14046.63,ACC_5010,Manual accrual adjustment / unassigned entry,VEND_03,JRN-1520,umichael
GL_2145,2026-08-08,15809.22,ACC_7020,Manual accrual adjustment / unassigned entry,VEND_26,JRN-7784,boydmichael
GL_2146,2026-08-12,186.65,ACC_6010,Manual accrual adjustment / unassigned entry,VEND_13,JRN-7705,johnfrancis
GL_2147,2026-08-15,644.66,ACC_5010,Manual accrual adjustment / unassigned entry,VEND_31,JRN-6128,megan65
GL_2148,2026-08-16,1369.02,ACC_5010,Manual accrual adjustment / unassigned entry,VEND_16,JRN-3237,waltersmeghan
GL_2149,2026-08-19,19150.98,ACC_7020,Manual accrual adjustment / unassigned entry,VEND_01,JRN-1425,madison24
GL_2150,2026-08-15,766.14,ACC_8020,Manual accrual adjustment / unassigned entry,VEND_06,JRN-4104,richardwilson
GL_2151,2026-08-06,9988.05,ACC_5010,Manual accrual adjustment / unassigned entry,VEND_11,JRN-2532,anthonyrobles
GL_2152,2026-08-13,1792.71,ACC_5020,Manual accrual adjustment / unassigned entry,VEND_37,JRN-1675,steven86
GL_2153,2026-08-21,2671.11,ACC_8020,Manual accrual adjustment / unassigned entry,VEND_25,JRN-9120,clucas
GL_2154,2026-08-01,411.99,ACC_6010,Manual accrual adjustment / unassigned entry,VEND_17,JRN-6180,eriktaylor
GL_2155,2026-08-26,60761.11,ACC_7010,Manual accrual adjustment / unassigned entry,VEND_08,JRN-9126,kristine48
GL_2156,2026-08-18,4641.94,ACC_5020,Manual accrual adjustment / unassigned entry,VEND_05,JRN-8765,dawnwilliams
GL_2157,2026-08-10,7094.43,ACC_5010,Manual accrual adjustment / unassigned entry,VEND_16,JRN-7669,dcasey
GL_2158,2026-08-05,14757.13,ACC_5010,Manual accrual adjustment / unassigned entry,VEND_15,JRN-5940,edwardskenneth
GL_2159,2026-08-05,69262.14,ACC_7010,Manual accrual adjustment / unassigned entry,VEND_12,JRN-6907,lesterrichard
GL_2160,2026-08-13,231.04,ACC_6010,Manual accrual adjustment / unassigned entry,VEND_01,JRN-3360,emily16
GL_2161,2026-08-19,4440.59,ACC_7020,Manual accrual adjustment / unassigned entry,VEND_18,JRN-2348,joelduncan
GL_2162,2026-08-22,1910.98,ACC_6010,Manual accrual adjustment / unassigned entry,VEND_02,JRN-5449,boydmaria
GL_2163,2026-08-15,60643.09,ACC_7010,Manual accrual adjustment / unassigned entry,VEND_31,JRN-3953,tyler13
GL_2164,2026-08-07,3817.04,ACC_8010,Manual accrual adjustment / unassigned entry,VEND_12,JRN-7892,mejialawrence
GL_2165,2026-08-08,7000.32,ACC_7020,Manual accrual adjustment / unassigned entry,VEND_09,JRN-8705,vshaffer
GL_2166,2026-08-15,749.75,ACC_8010,Manual accrual adjustment / unassigned entry,VEND_39,JRN-5916,selenarobinson
GL_2167,2026-08-22,14572.41,ACC_5010,Manual accrual adjustment / unassigned entry,VEND_09,JRN-5429,thompsontara
GL_2168,2026-08-12,16716.06,ACC_7020,Manual accrual adjustment / unassigned entry,VEND_38,JRN-9848,lortiz
GL_2169,2026-08-02,3126.99,ACC_7020,Manual accrual adjustment / unassigned entry,VEND_09,JRN-2732,henrynicholas
GL_2170,2026-08-04,4684.79,ACC_5020,Manual accrual adjustment / unassigned entry,VEND_21,JRN-9798,stewartrodney
GL_2171,2026-08-14,1531.69,ACC_5020,Manual accrual adjustment / unassigned entry,VEND_35,JRN-7629,sylviasuarez
GL_2172,2026-08-26,59938.01,ACC_7010,Manual accrual adjustment / unassigned entry,VEND_35,JRN-7776,michaelbaldwin
GL_2173,2026-08-14,40922.71,ACC_7010,Manual accrual adjustment / unassigned entry,VEND_33,JRN-7902,andrew90
GL_2174,2026-08-13,467.09,ACC_6010,Manual accrual adjustment / unassigned entry,VEND_04,JRN-1158,vazquezkristina
GL_2175,2026-08-09,28397.12,ACC_7010,Manual accrual adjustment / unassigned entry,VEND_02,JRN-9375,johnnycruz
GL_2176,2026-08-22,2247.78,ACC_6020,Manual accrual adjustment / unassigned entry,VEND_36,JRN-2451,rebecca18
GL_2177,2026-08-16,4660.72,ACC_5020,Manual accrual adjustment / unassigned entry,VEND_19,JRN-3140,miaprice
GL_2178,2026-08-02,3610.03,ACC_5020,Manual accrual adjustment / unassigned entry,VEND_04,JRN-7613,qpennington
GL_2179,2026-08-24,2025.89,ACC_6020,Manual accrual adjustment / unassigned entry,VEND_09,JRN-4233,christopher34
GL_2180,2026-08-09,19613.3,ACC_7020,Manual accrual adjustment / unassigned entry,VEND_35,JRN-5407,michelemartin
GL_2181,2026-08-02,1841.39,ACC_8010,Manual accrual adjustment / unassigned entry,VEND_33,JRN-3584,zwelch
GL_2182,2026-08-17,1947.21,ACC_5020,Manual accrual adjustment / unassigned entry,VEND_27,JRN-6219,rmccormick
GL_2183,2026-08-05,37377.01,ACC_7010,Manual accrual adjustment / unassigned entry,VEND_01,JRN-3755,morrowshelby
GL_2184,2026-08-07,7983.39,ACC_5020,Manual accrual adjustment / unassigned entry,VEND_32,JRN-3431,vmclaughlin
GL_2185,2026-08-11,5709.55,ACC_5010,Manual accrual adjustment / unassigned entry,VEND_01,JRN-4410,gmcdowell
GL_2186,2026-08-01,109.69,ACC_6020,Manual accrual adjustment / unassigned entry,VEND_02,JRN-9987,hollyhunter
GL_2187,2026-08-10,1717.4,ACC_8010,Manual accrual adjustment / unassigned entry,VEND_26,JRN-8429,robert85
GL_2188,2026-08-20,3009.34,ACC_6020,Manual accrual adjustment / unassigned entry,VEND_01,JRN-1055,wneal
GL_2189,2026-08-04,1146.28,ACC_5020,Manual accrual adjustment / unassigned entry,VEND_26,JRN-1043,davidsonisaiah
GL_2190,2026-08-03,8904.85,ACC_5010,Manual accrual adjustment / unassigned entry,VEND_25,JRN-3494,igibbs
GL_2191,2026-08-16,780.43,ACC_6020,Manual accrual adjustment / unassigned entry,VEND_13,JRN-8483,moralescourtney
GL_2192,2026-08-20,2259.04,ACC_8020,Manual accrual adjustment / unassigned entry,VEND_03,JRN-7360,barbara12
GL_2193,2026-08-24,8355.77,ACC_5010,Manual accrual adjustment / unassigned entry,VEND_22,JRN-5918,zacharybooker
GL_2194,2026-08-18,7553.86,ACC_5020,Manual accrual adjustment / unassigned entry,VEND_28,JRN-8864,melaniejennings
GL_2195,2026-08-02,34138.09,ACC_7010,Manual accrual adjustment / unassigned entry,VEND_04,JRN-1377,shannon24
GL_2196,2026-08-08,56322.27,ACC_7010,Manual accrual adjustment / unassigned entry,VEND_28,JRN-2945,graceserrano
GL_2197,2026-08-08,5839.5,ACC_5020,Manual accrual adjustment / unassigned entry,VEND_29,JRN-2351,james65
GL_2198,2026-08-03,4282.45,ACC_5020,Manual accrual adjustment / unassigned entry,VEND_21,JRN-2514,phillipbennett
GL_2199,2026-08-11,14191.75,ACC_7020,Manual accrual adjustment / unassigned entry,VEND_33,JRN-3318,andrewjohnson
GL_2200,2026-08-01,16256.09,ACC_7010,Manual accrual adjustment / unassigned entry,VEND_13,JRN-5256,rebeccamccann
GL_2201,2026-08-07,1492.0,ACC_5010,Manual accrual adjustment / unassigned entry,VEND_21,JRN-4918,josechristian
GL_2202,2026-08-01,35965.47,ACC_7010,Manual accrual adjustment / unassigned entry,VEND_29,JRN-6269,moralesroy
GL_2203,2026-08-20,5677.66,ACC_8010,Manual accrual adjustment / unassigned entry,VEND_39,JRN-5102,edward52
GL_2204,2026-08-23,48650.35,ACC_7010,Manual accrual adjustment / unassigned entry,VEND_18,JRN-7626,smithalicia
GL_2205,2026-08-23,2817.22,ACC_8010,Manual accrual adjustment / unassigned entry,VEND_04,JRN-2564,fwilcox
GL_2206,2026-08-09,8482.78,ACC_5010,Manual accrual adjustment / unassigned entry,VEND_02,JRN-3281,walkerjames
GL_2207,2026-08-05,5572.0,ACC_5020,Manual accrual adjustment / unassigned entry,VEND_09,JRN-4645,keith76
GL_2208,2026-08-25,1849.92,ACC_8020,Manual accrual adjustment / unassigned entry,VEND_19,JRN-1018,ryanclark
GL_2209,2026-08-13,1923.9,ACC_6010,Manual accrual adjustment / unassigned entry,VEND_10,JRN-1551,wandacampbell
GL_2210,2026-08-03,10515.15,ACC_7020,Manual accrual adjustment / unassigned entry,VEND_32,JRN-5293,robertortiz
GL_2211,2026-08-15,18191.86,ACC_7020,Manual accrual adjustment / unassigned entry,VEND_15,JRN-6873,anthonycherry
GL_2212,2026-08-06,2116.77,ACC_6020,Manual accrual adjustment / unassigned entry,VEND_15,JRN-6643,christinesolomon
GL_2213,2026-08-10,199.58,ACC_8020,Manual accrual adjustment / unassigned entry,VEND_06,JRN-3612,brandi71
GL_2214,2026-08-18,7941.42,ACC_5020,Manual accrual adjustment / unassigned entry,VEND_09,JRN-6439,harrisonmonica
GL_2215,2026-08-22,4481.83,ACC_5020,Manual accrual adjustment / unassigned entry,VEND_27,JRN-2137,tmcdaniel
GL_2216,2026-08-11,1583.29,ACC_6010,Manual accrual adjustment / unassigned entry,VEND_23,JRN-1293,verickson
GL_2217,2026-08-13,54916.9,ACC_7010,Manual accrual adjustment / unassigned entry,VEND_08,JRN-1519,charles80
GL_2218,2026-08-06,7237.4,ACC_5010,Manual accrual adjustment / unassigned entry,VEND_15,JRN-1907,cookjimmy
GL_2219,2026-08-01,36985.29,ACC_7010,Manual accrual adjustment / unassigned entry,VEND_04,JRN-2396,wendy90
GL_2220,2026-08-17,1145.04,ACC_6010,Manual accrual adjustment / unassigned entry,VEND_10,JRN-8508,kingchristine
GL_2221,2026-08-24,431.07,ACC_5020,Manual accrual adjustment / unassigned entry,VEND_12,JRN-4285,tiffany52
GL_2222,2026-08-21,1157.21,ACC_6010,Manual accrual adjustment / unassigned entry,VEND_28,JRN-2124,carpenterjorge
GL_2223,2026-08-01,2701.85,ACC_7020,Manual accrual adjustment / unassigned entry,VEND_17,JRN-9722,dconrad
GL_2224,2026-08-24,1219.04,ACC_7020,Manual accrual adjustment / unassigned entry,VEND_28,JRN-8130,christopherpage
GL_2225,2026-08-25,5263.38,ACC_7020,Manual accrual adjustment / unassigned entry,VEND_17,JRN-6112,hthomas
GL_2226,2026-08-10,4434.81,ACC_8010,Manual accrual adjustment / unassigned entry,VEND_12,JRN-3364,bradley27
GL_2227,2026-08-08,1344.04,ACC_8020,Manual accrual adjustment / unassigned entry,VEND_20,JRN-7272,julie64
GL_2228,2026-08-03,2052.53,ACC_5010,Manual accrual adjustment / unassigned entry,VEND_22,JRN-4876,chloe48
GL_2229,2026-08-24,5806.29,ACC_5010,Manual accrual adjustment / unassigned entry,VEND_14,JRN-6064,ryan25
GL_2230,2026-08-09,2559.23,ACC_8020,Manual accrual adjustment / unassigned entry,VEND_16,JRN-6729,jgallagher
GL_2231,2026-08-14,773.52,ACC_8010,Manual accrual adjustment / unassigned entry,VEND_35,JRN-3770,jbrown
GL_2232,2026-08-25,1883.39,ACC_6010,Manual accrual adjustment / unassigned entry,VEND_07,JRN-3067,hallbarry
GL_2233,2026-08-06,2054.31,ACC_8020,Manual accrual adjustment / unassigned entry,VEND_26,JRN-8422,frank76
GL_2234,2026-08-14,7886.13,ACC_5010,Manual accrual adjustment / unassigned entry,VEND_25,JRN-6752,carneysara
GL_2235,2026-08-05,5730.41,ACC_8010,Manual accrual adjustment / unassigned entry,VEND_18,JRN-2254,alexandervanessa
GL_2236,2026-08-14,2669.04,ACC_8020,Manual accrual adjustment / unassigned entry,VEND_35,JRN-8241,hellis
GL_2237,2026-08-10,64258.02,ACC_7010,Manual accrual adjustment / unassigned entry,VEND_31,JRN-8652,daviddavis
GL_2238,2026-08-19,5366.65,ACC_5020,Manual accrual adjustment / unassigned entry,VEND_04,JRN-4402,henry28
GL_2239,2026-08-14,1285.85,ACC_7020,Manual accrual adjustment / unassigned entry,VEND_07,JRN-9360,anna93
GL_2240,2026-08-16,42544.89,ACC_7010,Manual accrual adjustment / unassigned entry,VEND_20,JRN-3385,foxashley
