invoice_id,date,amount,vendor_id,vendor_name,status,po_number
INV_001,2026-08-04,2157.15,VEND_40,Gekko Capital,PAID,PO-9443
INV_002,2026-08-16,1285.5,VEND_10,Dunder Supplies,PAID,PO-7825
INV_003,2026-08-01,3355.42,VEND_06,Initech Solutions,PAID,PO-7397
INV_004,2026-08-13,313.32,VEND_25,Weyland Industries,PAID,PO-6649
INV_005,2026-08-05,3691.41,VEND_07,Umbrella Corp,PAID,PO-1726
INV_006,2026-08-08,2775.47,VEND_12,Hooli Services,PAID,PO-3209
INV_007,2026-08-01,3608.62,VEND_30,Multi Corp,PAID,PO-6170
INV_008,2026-08-08,2625.38,VEND_35, Freight,PAID,PO-6848
INV_009,2026-08-15,3491.14,VEND_24,Tyrell Systems,PENDING,PO-2293
INV_010,2026-08-13,3052.02,VEND_12,Hooli Services,PAID,PO-5843
INV_011,2026-08-06,2284.99,VEND_28,InGen Biotech,PAID,PO-6776
INV_012,2026-08-18,883.93,VEND_02,Globex Inc,PAID,PO-3068
INV_013,2026-08-01,3064.96,VEND_29,Sirius Cybernetics,PAID,PO-9674
INV_014,2026-08-10,2050.37,VEND_18,Rekall Solutions,PENDING,PO-9482
INV_015,2026-08-09,4576.36,VEND_08,Soylent Industries,PAID,PO-5678
INV_016,2026-08-22,4590.75,VEND_32,Veridian Dynamics,PENDING,PO-3828
INV_017,2026-08-08,3372.41,VEND_05,Cyberdyne Systems,PAID,PO-3852
INV_018,2026-08-04,3972.83,VEND_02,Globex Inc,PAID,PO-2412
INV_019,2026-08-14,461.38,VEND_21,Oceanic Freight,PAID,PO-3102
INV_020,2026-08-11,2564.03,VEND_04,Wayne Enterprises,PAID,PO-3653
INV_021,2026-07-29,1327.97,VEND_36,Sorin Systems,PAID,PO-9234
INV_022,2026-08-16,926.32,VEND_38,Bachman Electric,PAID,PO-1674
INV_023,2026-07-27,497.99,VEND_37,Lestrade & Co,PENDING,PO-1496
INV_024,2026-08-15,1299.9,VEND_26,Primatech Paper,PAID,PO-8202
INV_025,2026-08-11,2472.83,VEND_14,Los Pollos Dist.,PAID,PO-7532
INV_026,2026-08-01,3827.26,VEND_33,Momcorp Industries,PAID,PO-5382
INV_027,2026-08-21,1632.3,VEND_11,Pied Piper Tech,PENDING,PO-1379
INV_028,2026-07-31,4731.64,VEND_33,Momcorp Industries,PAID,PO-1828
INV_029,2026-08-09,2524.98,VEND_31,Frobozz Electric,PENDING,PO-3194
INV_030,2026-08-04,3664.79,VEND_26,Primatech Paper,PAID,PO-6939
INV_031,2026-08-08,4144.03,VEND_40,Gekko Capital,PENDING,PO-7114
INV_032,2026-08-21,4935.26,VEND_36,Sorin Systems,PENDING,PO-9193
INV_033,2026-08-12,2339.24,VEND_39,Pawnee Power,PAID,PO-3662
INV_034,2026-08-08,4954.02,VEND_20,Buy n Large Corp,PENDING,PO-5911
INV_035,2026-08-12,4097.17,VEND_24,Tyrell Systems,PAID,PO-1436
INV_036,2026-08-15,2425.49,VEND_38,Bachman Electric,PENDING,PO-3793
INV_037,2026-08-15,3182.22,VEND_40,Gekko Capital,PAID,PO-2800
INV_038,2026-08-05,192.79,VEND_21,Oceanic Freight,PENDING,PO-9221
INV_039,2026-08-24,3096.24,VEND_31,Frobozz Electric,PAID,PO-9498
INV_040,2026-08-05,2848.35,VEND_31,Frobozz Electric,PENDING,PO-9734
INV_041,2026-08-09,2776.74,VEND_17,Nakatomi Trading,PAID,PO-5890
INV_042,2026-08-04,4713.28,VEND_20,Buy n Large Corp,PAID,PO-8861
INV_043,2026-08-07,2846.39,VEND_18,Rekall Solutions,PENDING,PO-7464
INV_044,2026-08-11,4777.58,VEND_10,Dunder Supplies,PAID,PO-8247
INV_045,2026-08-04,4671.82,VEND_18,Rekall Solutions,PAID,PO-4972
INV_046,2026-08-01,3382.19,VEND_34,Omni Consumer,PENDING,PO-6411
INV_047,2026-08-03,2093.85,VEND_31,Frobozz Electric,PAID,PO-5676
INV_048,2026-08-20,389.9,VEND_06,Initech Solutions,PAID,PO-7846
INV_049,2026-08-01,4689.38,VEND_19,Massive Dynamic,PAID,PO-6489
INV_050,2026-08-10,896.22,VEND_30,Multi Corp,PAID,PO-5833
INV_051,2026-08-12,4152.25,VEND_33,Momcorp Industries,PAID,PO-3303
INV_052,2026-08-12,1685.65,VEND_16,Sterling Cooper,PAID,PO-6400
INV_053,2026-08-08,2954.06,VEND_37,Lestrade & Co,PAID,PO-2936
INV_054,2026-08-21,3872.22,VEND_08,Soylent Industries,PAID,PO-3188
INV_055,2026-08-12,850.61,VEND_39,Pawnee Power,PAID,PO-5054
INV_056,2026-08-19,3798.22,VEND_06,Initech Solutions,PAID,PO-2838
INV_057,2026-07-31,4160.99,VEND_33,Momcorp Industries,PAID,PO-9525
INV_058,2026-08-10,669.58,VEND_14,Los Pollos Dist.,PENDING,PO-1911
INV_059,2026-08-11,746.53,VEND_27,Dharma Provisions,PAID,PO-1356
INV_060,2026-08-12,1346.84,VEND_01,ACME Corp,PENDING,PO-6644
INV_061,2026-08-19,412.42,VEND_04,Wayne Enterprises,PAID,PO-3218
INV_062,2026-08-21,3243.47,VEND_27,Dharma Provisions,PENDING,PO-2314
INV_063,2026-08-02,974.52,VEND_35, Freight,PAID,PO-1372
INV_064,2026-08-08,2368.72,VEND_35, Freight,PAID,PO-8546
INV_065,2026-07-27,1279.26,VEND_05,Cyberdyne Systems,PAID,PO-5009
INV_066,2026-08-23,316.76,VEND_29,Sirius Cybernetics,PAID,PO-9255
INV_067,2026-08-07,1247.39,VEND_37,Lestrade & Co,PAID,PO-5944
INV_068,2026-08-04,4929.91,VEND_34,Omni Consumer,PAID,PO-7999
INV_069,2026-08-13,2528.54,VEND_23,Delos Hospitality,PAID,PO-7821
INV_070,2026-08-12,831.17,VEND_25,Weyland Industries,PAID,PO-5927
INV_071,2026-08-19,807.32,VEND_30,Multi Corp,PAID,PO-7363
INV_072,2026-08-07,553.07,VEND_13,Bluth Builders,PAID,PO-2192
INV_073,2026-08-03,4042.79,VEND_38,Bachman Electric,PAID,PO-6455
INV_074,2026-08-02,3759.71,VEND_31,Frobozz Electric,PENDING,PO-4921
INV_075,2026-08-15,1675.91,VEND_19,Massive Dynamic,PAID,PO-5285
INV_076,2026-08-23,2400.5,VEND_21,Oceanic Freight,PAID,PO-3390
INV_077,2026-07-30,1377.79,VEND_38,Bachman Electric,PAID,PO-6404
INV_078,2026-08-05,1961.21,VEND_16,Sterling Cooper,PAID,PO-9005
INV_079,2026-08-21,3244.3,VEND_32,Veridian Dynamics,PAID,PO-3293
INV_080,2026-08-16,265.74,VEND_05,Cyberdyne Systems,PENDING,PO-3252
INV_081,2026-08-18,1234.02,VEND_10,Dunder Supplies,PAID,PO-8916
INV_082,2026-08-21,2490.49,VEND_01,ACME Corp,PAID,PO-9777
INV_083,2026-08-09,184.0,VEND_28,InGen Biotech,PAID,PO-4948
INV_084,2026-08-03,3136.93,VEND_17,Nakatomi Trading,PAID,PO-7112
INV_085,2026-08-12,2349.09,VEND_16,Sterling Cooper,PAID,PO-2531
INV_086,2026-08-11,1958.39,VEND_36,Sorin Systems,PAID,PO-9189
INV_087,2026-08-17,3324.74,VEND_12,Hooli Services,PAID,PO-7525
INV_088,2026-07-28,578.66,VEND_15,Prestige Worldwide,PENDING,PO-6347
INV_089,2026-07-28,3207.2,VEND_29,Sirius Cybernetics,PENDING,PO-4043
INV_090,2026-08-20,2970.79,VEND_25,Weyland Industries,PAID,PO-2344
INV_091,2026-08-08,855.68,VEND_10,Dunder Supplies,PAID,PO-1085
INV_092,2026-08-06,2279.21,VEND_18,Rekall Solutions,PENDING,PO-9395
INV_093,2026-08-09,606.14,VEND_06,Initech Solutions,PAID,PO-7311
INV_094,2026-07-27,1530.05,VEND_25,Weyland Industries,PAID,PO-9537
INV_095,2026-08-02,3458.05,VEND_11,Pied Piper Tech,PAID,PO-2036
INV_096,2026-08-07,1333.33,VEND_16,Sterling Cooper,PAID,PO-8501
INV_097,2026-08-08,4039.97,VEND_22,Wernham Hogg,PAID,PO-5922
INV_098,2026-08-07,3055.74,VEND_13,Bluth Builders,PAID,PO-5775
INV_099,2026-08-20,3505.29,VEND_32,Veridian Dynamics,PAID,PO-7437
INV_100,2026-08-04,3440.39,VEND_36,Sorin Systems,PENDING,PO-5773
INV_101,2026-08-20,438.88,VEND_27,Dharma Provisions,PAID,PO-5139
INV_102,2026-08-17,855.3,VEND_28,InGen Biotech,PENDING,PO-7566
INV_103,2026-07-30,3867.87,VEND_23,Delos Hospitality,PENDING,PO-6432
INV_104,2026-08-21,2209.23,VEND_01,ACME Corp,PAID,PO-8303
INV_105,2026-08-11,2016.56,VEND_38,Bachman Electric,PENDING,PO-2712
INV_106,2026-08-01,1806.81,VEND_22,Wernham Hogg,PAID,PO-8801
INV_107,2026-08-03,2247.01,VEND_29,Sirius Cybernetics,PAID,PO-6620
INV_108,2026-08-16,635.88,VEND_11,Pied Piper Tech,PAID,PO-6422
INV_109,2026-08-16,2189.21,VEND_30,Multi Corp,PAID,PO-8080
INV_110,2026-08-09,243.04,VEND_40,Gekko Capital,PAID,PO-4519
INV_111,2026-08-14,1016.1,VEND_21,Oceanic Freight,PAID,PO-7367
INV_112,2026-08-18,945.38,VEND_20,Buy n Large Corp,PAID,PO-2931
INV_113,2026-08-04,1596.36,VEND_12,Hooli Services,PENDING,PO-3258
INV_114,2026-08-17,1980.18,VEND_12,Hooli Services,PAID,PO-9022
INV_115,2026-08-07,787.45,VEND_21,Oceanic Freight,PAID,PO-8939
INV_116,2026-08-01,1056.13,VEND_25,Weyland Industries,PENDING,PO-7809
INV_117,2026-08-21,4215.47,VEND_32,Veridian Dynamics,PAID,PO-1535
INV_118,2026-08-05,1201.73,VEND_19,Massive Dynamic,PAID,PO-2871
INV_119,2026-08-23,3623.0,VEND_35, Freight,PAID,PO-1528
INV_120,2026-08-02,4046.66,VEND_37,Lestrade & Co,PAID,PO-6302
INV_121,2026-08-22,1533.91,VEND_37,Lestrade & Co,PAID,PO-7743
INV_122,2026-07-30,4963.18,VEND_09,Vandelay Trading,PAID,PO-7434
INV_123,2026-08-15,796.64,VEND_18,Rekall Solutions,PAID,PO-7600
INV_124,2026-08-16,3774.03,VEND_24,Tyrell Systems,PAID,PO-8511
INV_125,2026-08-10,1167.37,VEND_28,InGen Biotech,PAID,PO-6533
INV_126,2026-08-11,179.78,VEND_11,Pied Piper Tech,PAID,PO-3161
INV_127,2026-08-20,1579.14,VEND_18,Rekall Solutions,PAID,PO-3711
INV_128,2026-08-12,3311.88,VEND_07,Umbrella Corp,PAID,PO-9510
INV_129,2026-08-13,3500.75,VEND_31,Frobozz Electric,PAID,PO-6133
INV_130,2026-07-31,3243.72,VEND_10,Dunder Supplies,PAID,PO-8210
INV_131,2026-08-10,3639.92,VEND_10,Dunder Supplies,PAID,PO-2646
INV_132,2026-08-01,3786.98,VEND_38,Bachman Electric,PAID,PO-3290
INV_133,2026-08-03,1457.14,VEND_06,Initech Solutions,PAID,PO-1439
INV_134,2026-08-18,4391.55,VEND_14,Los Pollos Dist.,PAID,PO-1894
INV_135,2026-08-22,4499.77,VEND_16,Sterling Cooper,PAID,PO-9655
INV_136,2026-08-24,457.66,VEND_38,Bachman Electric,PAID,PO-7520
INV_137,2026-08-13,1503.79,VEND_33,Momcorp Industries,PAID,PO-9791
INV_138,2026-08-16,3118.63,VEND_18,Rekall Solutions,PAID,PO-9788
INV_139,2026-08-09,2014.58,VEND_05,Cyberdyne Systems,PAID,PO-5005
INV_140,2026-07-31,4630.68,VEND_08,Soylent Industries,PAID,PO-2956
INV_141,2026-08-14,2634.39,VEND_17,Nakatomi Trading,PAID,PO-1480
INV_142,2026-08-06,4054.83,VEND_18,Rekall Solutions,PAID,PO-9128
INV_143,2026-08-13,2602.83,VEND_04,Wayne Enterprises,PAID,PO-2685
INV_144,2026-08-18,3403.19,VEND_08,Soylent Industries,PAID,PO-5006
INV_145,2026-07-30,2809.04,VEND_27,Dharma Provisions,PAID,PO-2276
INV_146,2026-08-14,1926.76,VEND_33,Momcorp Industries,PAID,PO-7568
INV_147,2026-08-02,4397.26,VEND_19,Massive Dynamic,PENDING,PO-1130
INV_148,2026-08-10,1083.29,VEND_37,Lestrade & Co,PENDING,PO-7033
INV_149,2026-08-07,837.78,VEND_27,Dharma Provisions,PAID,PO-1023
INV_150,2026-08-23,3320.79,VEND_20,Buy n Large Corp,PENDING,PO-9061
INV_151,2026-07-31,4865.54,VEND_10,Dunder Supplies,PENDING,PO-7102
INV_152,2026-08-11,4875.32,VEND_06,Initech Solutions,PAID,PO-2020
INV_153,2026-08-11,3345.98,VEND_09,Vandelay Trading,PENDING,PO-6345
INV_154,2026-08-06,2318.51,VEND_15,Prestige Worldwide,PAID,PO-3546
INV_155,2026-08-01,905.44,VEND_30,Multi Corp,PAID,PO-8404
INV_156,2026-08-08,826.79,VEND_16,Sterling Cooper,PAID,PO-3848
INV_157,2026-07-31,4765.27,VEND_29,Sirius Cybernetics,PENDING,PO-2669
INV_158,2026-08-07,740.5,VEND_26,Primatech Paper,PAID,PO-2228
INV_159,2026-07-29,923.15,VEND_37,Lestrade & Co,PAID,PO-7270
INV_160,2026-08-18,2190.65,VEND_23,Delos Hospitality,PAID,PO-1567
INV_161,2026-08-15,3133.97,VEND_16,Sterling Cooper,PENDING,PO-1999
INV_162,2026-07-29,1470.9,VEND_09,Vandelay Trading,PAID,PO-9907
INV_163,2026-08-21,195.7,VEND_25,Weyland Industries,PENDING,PO-6636
INV_164,2026-08-14,2561.73,VEND_25,Weyland Industries,PAID,PO-1480
INV_165,2026-08-21,3914.84,VEND_04,Wayne Enterprises,PAID,PO-3615
INV_166,2026-08-10,1838.54,VEND_12,Hooli Services,PAID,PO-6761
INV_167,2026-08-14,2756.41,VEND_12,Hooli Services,PAID,PO-1326
INV_168,2026-08-09,3612.99,VEND_21,Oceanic Freight,PAID,PO-9622
INV_169,2026-08-11,4806.74,VEND_24,Tyrell Systems,PAID,PO-5944
INV_170,2026-08-11,3280.98,VEND_12,Hooli Services,PAID,PO-4657
INV_171,2026-08-19,2985.86,VEND_12,Hooli Services,PAID,PO-3911
INV_172,2026-08-07,3234.27,VEND_07,Umbrella Corp,PAID,PO-6682
INV_173,2026-08-08,922.65,VEND_06,Initech Solutions,PENDING,PO-1186
INV_174,2026-08-22,106.28,VEND_25,Weyland Industries,PENDING,PO-9078
INV_175,2026-08-08,1821.03,VEND_25,Weyland Industries,PAID,PO-3664
INV_176,2026-08-14,461.18,VEND_03,Stark Logistics,PAID,PO-6600
INV_177,2026-08-05,4450.86,VEND_11,Pied Piper Tech,PAID,PO-8909
INV_178,2026-08-22,251.87,VEND_11,Pied Piper Tech,PAID,PO-4367
INV_179,2026-08-04,2105.47,VEND_36,Sorin Systems,PAID,PO-4891
INV_180,2026-08-03,343.21,VEND_37,Lestrade & Co,PAID,PO-1062
INV_181,2026-08-12,529.38,VEND_39,Pawnee Power,PAID,PO-5781
INV_182,2026-07-30,2420.5,VEND_08,Soylent Industries,PAID,PO-2493
INV_183,2026-08-17,2766.22,VEND_12,Hooli Services,PAID,PO-5313
INV_184,2026-08-13,2378.78,VEND_15,Prestige Worldwide,PAID,PO-2404
INV_185,2026-08-17,1784.58,VEND_35, Freight,PAID,PO-7342
INV_186,2026-08-15,2151.3,VEND_35, Freight,PENDING,PO-5896
INV_187,2026-08-14,947.11,VEND_11,Pied Piper Tech,PENDING,PO-2283
INV_188,2026-08-21,2233.43,VEND_10,Dunder Supplies,PAID,PO-7358
INV_189,2026-08-17,2047.04,VEND_21,Oceanic Freight,PENDING,PO-2843
INV_190,2026-08-13,4412.67,VEND_27,Dharma Provisions,PENDING,PO-1613
INV_191,2026-08-02,1449.53,VEND_10,Dunder Supplies,PAID,PO-7484
INV_192,2026-08-14,3892.75,VEND_21,Oceanic Freight,PAID,PO-8237
INV_193,2026-08-07,4122.99,VEND_33,Momcorp Industries,PENDING,PO-3222
INV_194,2026-08-23,4271.35,VEND_37,Lestrade & Co,PAID,PO-5087
INV_195,2026-07-29,2336.6,VEND_24,Tyrell Systems,PENDING,PO-3029
INV_196,2026-08-18,249.76,VEND_24,Tyrell Systems,PAID,PO-6640
INV_197,2026-08-03,4204.5,VEND_17,Nakatomi Trading,PAID,PO-7333
INV_198,2026-08-20,1203.05,VEND_14,Los Pollos Dist.,PAID,PO-8767
INV_199,2026-07-31,3272.12,VEND_39,Pawnee Power,PAID,PO-5511
INV_200,2026-08-11,4487.87,VEND_23,Delos Hospitality,PENDING,PO-2676
INV_201,2026-07-29,2606.42,VEND_24,Tyrell Systems,PAID,PO-2771
INV_202,2026-08-07,3314.99,VEND_20,Buy n Large Corp,PAID,PO-7620
INV_203,2026-08-19,1665.97,VEND_09,Vandelay Trading,PAID,PO-7857
INV_204,2026-08-03,1781.52,VEND_15,Prestige Worldwide,PAID,PO-9311
INV_205,2026-08-08,4242.55,VEND_36,Sorin Systems,PAID,PO-3999
INV_206,2026-08-19,4508.0,VEND_06,Initech Solutions,PENDING,PO-6428
INV_207,2026-08-11,1376.74,VEND_19,Massive Dynamic,PAID,PO-8736
INV_208,2026-08-05,2552.34,VEND_25,Weyland Industries,PAID,PO-4281
INV_209,2026-08-09,2105.04,VEND_37,Lestrade & Co,PAID,PO-8988
INV_210,2026-08-07,3192.06,VEND_12,Hooli Services,PAID,PO-4430
INV_211,2026-08-24,3890.36,VEND_37,Lestrade & Co,PAID,PO-8105
INV_212,2026-08-16,2204.11,VEND_28,InGen Biotech,PAID,PO-7112
INV_213,2026-07-30,4470.83,VEND_34,Omni Consumer,PAID,PO-6641
INV_214,2026-08-09,731.76,VEND_25,Weyland Industries,PAID,PO-5885
INV_215,2026-08-08,2334.04,VEND_34,Omni Consumer,PAID,PO-9031
INV_216,2026-08-10,3775.57,VEND_11,Pied Piper Tech,PAID,PO-4460
INV_217,2026-08-23,207.38,VEND_33,Momcorp Industries,PENDING,PO-5190
INV_218,2026-08-24,2720.19,VEND_04,Wayne Enterprises,PAID,PO-2897
INV_219,2026-08-12,2277.14,VEND_08,Soylent Industries,PAID,PO-1152
INV_220,2026-08-05,2162.27,VEND_07,Umbrella Corp,PAID,PO-7862
INV_221,2026-08-03,2606.77,VEND_40,Gekko Capital,PENDING,PO-4254
INV_222,2026-08-10,3546.84,VEND_19,Massive Dynamic,PENDING,PO-6416
INV_223,2026-08-04,113.42,VEND_06,Initech Solutions,PAID,PO-2475
INV_224,2026-08-22,2607.36,VEND_07,Umbrella Corp,PAID,PO-8606
INV_225,2026-08-11,4027.82,VEND_21,Oceanic Freight,PAID,PO-3267
INV_226,2026-08-08,4404.53,VEND_06,Initech Solutions,PENDING,PO-7557
INV_227,2026-08-11,1431.98,VEND_25,Weyland Industries,PAID,PO-2852
INV_228,2026-07-31,3511.23,VEND_04,Wayne Enterprises,PENDING,PO-8178
INV_229,2026-08-20,4869.88,VEND_09,Vandelay Trading,PENDING,PO-1753
INV_230,2026-08-14,3860.89,VEND_37,Lestrade & Co,PAID,PO-8091
INV_231,2026-08-18,3660.59,VEND_31,Frobozz Electric,PAID,PO-1894
INV_232,2026-07-28,3252.65,VEND_11,Pied Piper Tech,PAID,PO-2226
INV_233,2026-08-23,2509.08,VEND_16,Sterling Cooper,PENDING,PO-7607
INV_234,2026-08-04,486.27,VEND_29,Sirius Cybernetics,PENDING,PO-6178
INV_235,2026-07-30,4905.29,VEND_02,Globex Inc,PAID,PO-2489
INV_236,2026-08-04,4237.16,VEND_22,Wernham Hogg,PAID,PO-8414
INV_237,2026-08-01,577.44,VEND_15,Prestige Worldwide,PAID,PO-2741
INV_238,2026-07-29,4494.7,VEND_32,Veridian Dynamics,PAID,PO-5166
INV_239,2026-08-18,1060.02,VEND_08,Soylent Industries,PAID,PO-2765
INV_240,2026-08-14,3326.44,VEND_33,Momcorp Industries,PENDING,PO-8912
INV_241,2026-08-15,3927.3,VEND_12,Hooli Services,PAID,PO-7347
INV_242,2026-08-17,3042.68,VEND_21,Oceanic Freight,PAID,PO-5482
INV_243,2026-08-09,4821.61,VEND_19,Massive Dynamic,PAID,PO-9975
INV_244,2026-08-06,3588.18,VEND_36,Sorin Systems,PAID,PO-6657
INV_245,2026-08-19,750.09,VEND_12,Hooli Services,PAID,PO-6771
INV_246,2026-08-13,2453.81,VEND_37,Lestrade & Co,PAID,PO-7920
INV_247,2026-08-25,162.58,VEND_07,Umbrella Corp,PAID,PO-5374
INV_248,2026-08-24,3949.11,VEND_19,Massive Dynamic,PAID,PO-4342
INV_249,2026-08-20,2751.74,VEND_23,Delos Hospitality,PAID,PO-7371
INV_250,2026-08-04,2603.52,VEND_19,Massive Dynamic,PENDING,PO-7825
INV_251,2026-08-23,4881.53,VEND_21,Oceanic Freight,PAID,PO-8259
INV_252,2026-08-03,4566.28,VEND_24,Tyrell Systems,PAID,PO-4170
INV_253,2026-08-09,2299.19,VEND_05,Cyberdyne Systems,PENDING,PO-1665
INV_254,2026-08-11,1467.65,VEND_17,Nakatomi Trading,PAID,PO-6415
INV_255,2026-08-15,349.19,VEND_40,Gekko Capital,PAID,PO-2194
INV_256,2026-08-21,3567.64,VEND_34,Omni Consumer,PAID,PO-7814
INV_257,2026-08-10,4588.07,VEND_08,Soylent Industries,PAID,PO-9468
INV_258,2026-08-23,1937.29,VEND_33,Momcorp Industries,PAID,PO-9419
INV_259,2026-08-02,4746.24,VEND_11,Pied Piper Tech,PAID,PO-4492
INV_260,2026-08-20,3898.51,VEND_05,Cyberdyne Systems,PAID,PO-1620
INV_261,2026-07-29,458.92,VEND_12,Hooli Services,PAID,PO-5237
INV_262,2026-08-13,2001.36,VEND_26,Primatech Paper,PAID,PO-2036
INV_263,2026-08-20,3755.16,VEND_03,Stark Logistics,PAID,PO-5748
INV_264,2026-08-13,1968.93,VEND_02,Globex Inc,PENDING,PO-9941
INV_265,2026-07-31,703.85,VEND_01,ACME Corp,PAID,PO-5992
INV_266,2026-08-15,2360.2,VEND_36,Sorin Systems,PAID,PO-4234
INV_267,2026-08-22,2944.92,VEND_22,Wernham Hogg,PAID,PO-5671
INV_268,2026-08-15,442.06,VEND_13,Bluth Builders,PAID,PO-3496
INV_269,2026-08-17,2877.62,VEND_21,Oceanic Freight,PAID,PO-8145
INV_270,2026-08-05,4216.54,VEND_09,Vandelay Trading,PENDING,PO-8296
INV_271,2026-08-07,3896.36,VEND_32,Veridian Dynamics,PAID,PO-5597
INV_272,2026-07-29,3664.38,VEND_02,Globex Inc,PENDING,PO-4485
INV_273,2026-07-31,2802.81,VEND_35, Freight,PAID,PO-7430
INV_274,2026-08-04,4468.04,VEND_38,Bachman Electric,PAID,PO-7500
INV_275,2026-08-17,912.63,VEND_33,Momcorp Industries,PAID,PO-8921
INV_276,2026-08-10,298.06,VEND_32,Veridian Dynamics,PAID,PO-4387
INV_277,2026-08-17,4165.27,VEND_17,Nakatomi Trading,PENDING,PO-6985
INV_278,2026-08-17,3301.35,VEND_05,Cyberdyne Systems,PENDING,PO-6781
INV_279,2026-08-10,2485.62,VEND_31,Frobozz Electric,PENDING,PO-3713
INV_280,2026-08-05,477.73,VEND_18,Rekall Solutions,PAID,PO-4773
INV_281,2026-08-12,4074.75,VEND_08,Soylent Industries,PAID,PO-7732
INV_282,2026-07-27,1293.98,VEND_09,Vandelay Trading,PAID,PO-3406
INV_283,2026-07-28,915.07,VEND_12,Hooli Services,PAID,PO-5644
INV_284,2026-07-30,1161.31,VEND_39,Pawnee Power,PAID,PO-3979
INV_285,2026-08-16,3332.28,VEND_17,Nakatomi Trading,PAID,PO-4765
INV_286,2026-08-08,1988.76,VEND_07,Umbrella Corp,PENDING,PO-3450
INV_287,2026-08-15,571.86,VEND_31,Frobozz Electric,PAID,PO-2526
INV_288,2026-08-12,3331.02,VEND_39,Pawnee Power,PENDING,PO-7068
INV_289,2026-07-29,3518.45,VEND_28,InGen Biotech,PAID,PO-2600
INV_290,2026-08-02,1488.01,VEND_35, Freight,PAID,PO-9515
INV_291,2026-07-29,1937.65,VEND_14,Los Pollos Dist.,PAID,PO-3535
INV_292,2026-08-09,3292.72,VEND_17,Nakatomi Trading,PAID,PO-5514
INV_293,2026-08-13,975.73,VEND_36,Sorin Systems,PAID,PO-7522
INV_294,2026-08-22,776.54,VEND_08,Soylent Industries,PAID,PO-4513
INV_295,2026-08-16,2062.75,VEND_22,Wernham Hogg,PAID,PO-7375
INV_296,2026-08-16,125.92,VEND_06,Initech Solutions,PENDING,PO-2444
INV_297,2026-07-30,1389.15,VEND_24,Tyrell Systems,PENDING,PO-9536
INV_298,2026-08-16,2522.41,VEND_01,ACME Corp,PAID,PO-4190
INV_299,2026-07-31,3941.4,VEND_33,Momcorp Industries,PAID,PO-6893
INV_300,2026-08-11,3381.34,VEND_26,Primatech Paper,PAID,PO-5661
INV_301,2026-08-06,1208.85,VEND_13,Bluth Builders,PAID,PO-7670
INV_302,2026-08-16,621.68,VEND_05,Cyberdyne Systems,PAID,PO-9813
INV_303,2026-08-24,2916.98,VEND_29,Sirius Cybernetics,PAID,PO-8517
INV_304,2026-08-19,2357.53,VEND_38,Bachman Electric,PAID,PO-7269
INV_305,2026-08-18,3964.41,VEND_15,Prestige Worldwide,PENDING,PO-6785
INV_306,2026-08-14,2724.69,VEND_17,Nakatomi Trading,PAID,PO-3924
INV_307,2026-08-14,1637.98,VEND_14,Los Pollos Dist.,PENDING,PO-4271
INV_308,2026-08-06,3703.6,VEND_17,Nakatomi Trading,PAID,PO-3555
INV_309,2026-08-24,622.78,VEND_06,Initech Solutions,PAID,PO-8901
INV_310,2026-08-07,3141.27,VEND_32,Veridian Dynamics,PAID,PO-7518
INV_311,2026-08-14,4704.31,VEND_03,Stark Logistics,PENDING,PO-2972
INV_312,2026-08-21,2639.21,VEND_21,Oceanic Freight,PENDING,PO-2650
INV_313,2026-08-08,1871.85,VEND_17,Nakatomi Trading,PENDING,PO-6621
INV_314,2026-08-09,1001.18,VEND_28,InGen Biotech,PAID,PO-7563
INV_315,2026-08-08,2308.57,VEND_37,Lestrade & Co,PAID,PO-4863
INV_316,2026-08-19,832.79,VEND_01,ACME Corp,PAID,PO-8972
INV_317,2026-08-08,1329.77,VEND_37,Lestrade & Co,PAID,PO-4530
INV_318,2026-08-06,2435.04,VEND_07,Umbrella Corp,PAID,PO-5222
INV_319,2026-08-04,2926.58,VEND_35, Freight,PENDING,PO-8322
INV_320,2026-08-02,3238.85,VEND_22,Wernham Hogg,PAID,PO-2296
INV_321,2026-08-03,1783.76,VEND_21,Oceanic Freight,PENDING,PO-5444
INV_322,2026-08-11,3926.77,VEND_24,Tyrell Systems,PENDING,PO-3741
INV_323,2026-08-05,4285.64,VEND_09,Vandelay Trading,PAID,PO-3734
INV_324,2026-08-12,604.75,VEND_05,Cyberdyne Systems,PENDING,PO-9584
INV_325,2026-08-21,4980.47,VEND_07,Umbrella Corp,PAID,PO-4757
INV_326,2026-08-06,3714.21,VEND_29,Sirius Cybernetics,PAID,PO-1575
INV_327,2026-08-17,1848.52,VEND_21,Oceanic Freight,PAID,PO-9987
INV_328,2026-08-10,762.06,VEND_35, Freight,PENDING,PO-9576
INV_329,2026-08-20,3233.69,VEND_20,Buy n Large Corp,PENDING,PO-6044
INV_330,2026-08-10,2119.8,VEND_10,Dunder Supplies,PAID,PO-5698
INV_331,2026-08-12,2721.98,VEND_32,Veridian Dynamics,PAID,PO-4788
INV_332,2026-08-10,2034.29,VEND_11,Pied Piper Tech,PAID,PO-5308
INV_333,2026-08-17,4057.12,VEND_18,Rekall Solutions,PENDING,PO-4080
INV_334,2026-07-30,993.8,VEND_19,Massive Dynamic,PAID,PO-9060
INV_335,2026-08-06,1671.15,VEND_10,Dunder Supplies,PAID,PO-5410
INV_336,2026-08-01,3604.46,VEND_01,ACME Corp,PAID,PO-6601
INV_337,2026-08-13,1626.73,VEND_32,Veridian Dynamics,PAID,PO-2314
INV_338,2026-08-20,4763.06,VEND_04,Wayne Enterprises,PENDING,PO-3975
INV_339,2026-08-07,3714.33,VEND_03,Stark Logistics,PAID,PO-8746
INV_340,2026-08-12,3439.07,VEND_20,Buy n Large Corp,PAID,PO-5150
INV_341,2026-08-05,4869.04,VEND_16,Sterling Cooper,PAID,PO-2960
INV_342,2026-08-14,3473.19,VEND_10,Dunder Supplies,PENDING,PO-2497
INV_343,2026-08-17,3131.36,VEND_04,Wayne Enterprises,PAID,PO-3061
INV_344,2026-08-24,4469.8,VEND_13,Bluth Builders,PAID,PO-1646
INV_345,2026-08-14,3562.47,VEND_36,Sorin Systems,PAID,PO-9906
INV_346,2026-08-07,1686.04,VEND_30,Multi Corp,PAID,PO-2128
INV_347,2026-08-13,859.62,VEND_19,Massive Dynamic,PAID,PO-9289
INV_348,2026-08-08,3694.92,VEND_02,Globex Inc,PAID,PO-6254
INV_349,2026-08-20,410.37,VEND_35, Freight,PAID,PO-5638
INV_350,2026-08-10,2108.04,VEND_21,Oceanic Freight,PAID,PO-3126
INV_351,2026-08-05,4380.11,VEND_13,Bluth Builders,PENDING,PO-9026
INV_352,2026-08-12,3157.46,VEND_38,Bachman Electric,PAID,PO-1214
INV_353,2026-08-04,3313.17,VEND_06,Initech Solutions,PENDING,PO-7046
INV_354,2026-08-25,3571.33,VEND_40,Gekko Capital,PAID,PO-2276
INV_355,2026-08-03,4806.88,VEND_07,Umbrella Corp,PAID,PO-4164
INV_356,2026-08-12,3318.69,VEND_37,Lestrade & Co,PENDING,PO-2728
INV_357,2026-08-21,3229.26,VEND_23,Delos Hospitality,PAID,PO-3733
INV_358,2026-08-21,983.94,VEND_26,Primatech Paper,PENDING,PO-6772
INV_359,2026-08-07,2795.4,VEND_21,Oceanic Freight,PAID,PO-4943
INV_360,2026-08-08,1864.04,VEND_29,Sirius Cybernetics,PAID,PO-1267
INV_361,2026-08-02,562.01,VEND_30,Multi Corp,PAID,PO-4817
INV_362,2026-08-07,4074.26,VEND_06,Initech Solutions,PAID,PO-6319
INV_363,2026-08-25,2464.41,VEND_32,Veridian Dynamics,PAID,PO-1612
INV_364,2026-08-21,4060.87,VEND_25,Weyland Industries,PAID,PO-8115
INV_365,2026-08-09,4658.21,VEND_08,Soylent Industries,PAID,PO-7266
INV_366,2026-07-30,1593.44,VEND_03,Stark Logistics,PAID,PO-3509
INV_367,2026-07-28,3400.81,VEND_26,Primatech Paper,PAID,PO-4638
INV_368,2026-08-10,1519.94,VEND_26,Primatech Paper,PAID,PO-9980
INV_369,2026-07-31,3833.96,VEND_31,Frobozz Electric,PAID,PO-9589
INV_370,2026-08-03,1287.34,VEND_18,Rekall Solutions,PAID,PO-2843
INV_371,2026-08-17,2126.55,VEND_24,Tyrell Systems,PAID,PO-5994
INV_372,2026-08-04,4939.49,VEND_40,Gekko Capital,PENDING,PO-1735
INV_373,2026-08-07,1078.46,VEND_24,Tyrell Systems,PAID,PO-1893
INV_374,2026-07-29,1782.03,VEND_08,Soylent Industries,PAID,PO-9814
INV_375,2026-08-02,1098.63,VEND_34,Omni Consumer,PAID,PO-1301
INV_376,2026-08-10,2956.72,VEND_34,Omni Consumer,PAID,PO-5444
INV_377,2026-07-30,2378.31,VEND_01,ACME Corp,PAID,PO-1312
INV_378,2026-08-09,4350.31,VEND_25,Weyland Industries,PAID,PO-8940
INV_379,2026-08-07,1734.49,VEND_26,Primatech Paper,PAID,PO-5953
INV_380,2026-08-05,4980.37,VEND_33,Momcorp Industries,PENDING,PO-1482
INV_381,2026-08-20,772.58,VEND_25,Weyland Industries,PENDING,PO-4938
INV_382,2026-08-17,848.47,VEND_20,Buy n Large Corp,PAID,PO-3270
INV_383,2026-08-14,2752.63,VEND_13,Bluth Builders,PAID,PO-8046
INV_384,2026-08-20,811.25,VEND_37,Lestrade & Co,PAID,PO-4016
INV_385,2026-08-19,4672.93,VEND_18,Rekall Solutions,PAID,PO-1429
INV_386,2026-08-23,4931.18,VEND_40,Gekko Capital,PAID,PO-4783
INV_387,2026-08-17,227.81,VEND_06,Initech Solutions,PENDING,PO-7126
INV_388,2026-08-04,4275.43,VEND_32,Veridian Dynamics,PAID,PO-7694
INV_389,2026-08-23,4847.19,VEND_18,Rekall Solutions,PAID,PO-2083
INV_390,2026-08-03,4642.81,VEND_29,Sirius Cybernetics,PENDING,PO-5043
INV_391,2026-08-19,1633.2,VEND_40,Gekko Capital,PAID,PO-9530
INV_392,2026-07-31,2312.89,VEND_03,Stark Logistics,PAID,PO-7347
INV_393,2026-08-14,3849.28,VEND_04,Wayne Enterprises,PAID,PO-8558
INV_394,2026-08-04,2170.06,VEND_40,Gekko Capital,PENDING,PO-8400
INV_395,2026-07-29,3640.97,VEND_08,Soylent Industries,PAID,PO-7440
INV_396,2026-08-12,1684.96,VEND_02,Globex Inc,PENDING,PO-2477
INV_397,2026-08-08,1687.97,VEND_11,Pied Piper Tech,PENDING,PO-6946
INV_398,2026-08-18,4753.79,VEND_25,Weyland Industries,PAID,PO-3459
INV_399,2026-08-03,4357.21,VEND_12,Hooli Services,PAID,PO-8311
INV_400,2026-08-07,3169.62,VEND_08,Soylent Industries,PAID,PO-8514
INV_401,2026-08-12,4291.51,VEND_35, Freight,PAID,PO-4553
INV_402,2026-08-14,3331.41,VEND_30,Multi Corp,PAID,PO-5009
INV_403,2026-08-16,1462.75,VEND_36,Sorin Systems,PAID,PO-1902
INV_404,2026-08-16,1810.2,VEND_10,Dunder Supplies,PAID,PO-6424
INV_405,2026-07-29,340.25,VEND_27,Dharma Provisions,PAID,PO-8460
INV_406,2026-08-21,2936.93,VEND_03,Stark Logistics,PENDING,PO-2108
INV_407,2026-08-24,2193.89,VEND_36,Sorin Systems,PAID,PO-6393
INV_408,2026-08-16,2127.41,VEND_14,Los Pollos Dist.,PAID,PO-8924
INV_409,2026-08-05,2674.42,VEND_40,Gekko Capital,PENDING,PO-9069
INV_410,2026-08-24,981.55,VEND_40,Gekko Capital,PAID,PO-2936
INV_411,2026-07-27,2377.94,VEND_08,Soylent Industries,PENDING,PO-7783
INV_412,2026-07-31,1735.58,VEND_36,Sorin Systems,PAID,PO-5168
INV_413,2026-08-25,432.4,VEND_20,Buy n Large Corp,PAID,PO-6460
INV_414,2026-08-21,274.24,VEND_09,Vandelay Trading,PAID,PO-8577
INV_415,2026-08-23,4089.42,VEND_04,Wayne Enterprises,PAID,PO-4412
INV_416,2026-08-18,3458.92,VEND_23,Delos Hospitality,PAID,PO-7147
INV_417,2026-08-16,2717.94,VEND_11,Pied Piper Tech,PAID,PO-6050
INV_418,2026-08-21,4303.32,VEND_03,Stark Logistics,PAID,PO-8404
INV_419,2026-08-09,1159.09,VEND_20,Buy n Large Corp,PAID,PO-2517
INV_420,2026-08-11,2579.37,VEND_31,Frobozz Electric,PAID,PO-6363
INV_421,2026-08-03,3870.46,VEND_07,Umbrella Corp,PAID,PO-1598
INV_422,2026-08-14,1999.18,VEND_34,Omni Consumer,PAID,PO-6460
INV_423,2026-08-12,4457.01,VEND_07,Umbrella Corp,PAID,PO-6114
INV_424,2026-08-16,4471.46,VEND_21,Oceanic Freight,PAID,PO-8227
INV_425,2026-08-17,676.49,VEND_10,Dunder Supplies,PAID,PO-4384
INV_426,2026-08-23,1488.01,VEND_16,Sterling Cooper,PENDING,PO-1831
INV_427,2026-08-01,242.06,VEND_04,Wayne Enterprises,PENDING,PO-3932
INV_428,2026-08-19,3020.99,VEND_38,Bachman Electric,PAID,PO-6119
INV_429,2026-08-15,745.8,VEND_30,Multi Corp,PENDING,PO-4796
INV_430,2026-08-05,804.24,VEND_40,Gekko Capital,PAID,PO-8426
INV_431,2026-08-14,248.29,VEND_31,Frobozz Electric,PAID,PO-6711
INV_432,2026-08-13,2358.78,VEND_38,Bachman Electric,PAID,PO-8903
INV_433,2026-08-09,423.69,VEND_14,Los Pollos Dist.,PAID,PO-9921
INV_434,2026-08-19,1257.16,VEND_05,Cyberdyne Systems,PAID,PO-8584
INV_435,2026-07-30,3031.47,VEND_39,Pawnee Power,PAID,PO-2483
INV_436,2026-08-20,818.95,VEND_10,Dunder Supplies,PENDING,PO-4205
INV_437,2026-08-16,139.78,VEND_33,Momcorp Industries,PAID,PO-7049
INV_438,2026-08-07,637.52,VEND_19,Massive Dynamic,PENDING,PO-6212
INV_439,2026-08-21,1975.67,VEND_25,Weyland Industries,PENDING,PO-3278
INV_440,2026-08-05,2821.57,VEND_24,Tyrell Systems,PAID,PO-1190
INV_441,2026-08-01,3277.11,VEND_10,Dunder Supplies,PAID,PO-3248
INV_442,2026-08-17,4049.11,VEND_30,Multi Corp,PAID,PO-8444
INV_443,2026-08-13,2178.21,VEND_29,Sirius Cybernetics,PAID,PO-9161
INV_444,2026-08-18,1898.15,VEND_03,Stark Logistics,PENDING,PO-2311
INV_445,2026-08-14,2633.05,VEND_34,Omni Consumer,PAID,PO-1864
INV_446,2026-08-07,2721.66,VEND_01,ACME Corp,PAID,PO-7897
INV_447,2026-08-07,4806.85,VEND_19,Massive Dynamic,PAID,PO-5267
INV_448,2026-07-30,3183.57,VEND_38,Bachman Electric,PAID,PO-5699
INV_449,2026-08-08,749.44,VEND_18,Rekall Solutions,PAID,PO-3476
INV_450,2026-08-18,2288.6,VEND_12,Hooli Services,PAID,PO-9640
INV_451,2026-08-01,4204.31,VEND_27,Dharma Provisions,PAID,PO-4454
INV_452,2026-08-18,3698.37,VEND_23,Delos Hospitality,PAID,PO-3745
INV_453,2026-08-14,1244.94,VEND_25,Weyland Industries,PAID,PO-5731
INV_454,2026-08-01,4596.79,VEND_23,Delos Hospitality,PAID,PO-5429
INV_455,2026-08-07,4031.35,VEND_17,Nakatomi Trading,PAID,PO-9518
INV_456,2026-08-10,3420.82,VEND_12,Hooli Services,PAID,PO-1195
INV_457,2026-08-11,578.72,VEND_07,Umbrella Corp,PAID,PO-4163
INV_458,2026-07-31,216.13,VEND_06,Initech Solutions,PAID,PO-2965
INV_459,2026-08-18,2873.74,VEND_12,Hooli Services,PENDING,PO-2240
INV_460,2026-08-18,2321.87,VEND_18,Rekall Solutions,PAID,PO-3653
INV_461,2026-08-24,462.59,VEND_04,Wayne Enterprises,PAID,PO-5336
INV_462,2026-08-02,2258.82,VEND_32,Veridian Dynamics,PAID,PO-3357
INV_463,2026-08-14,3866.67,VEND_14,Los Pollos Dist.,PAID,PO-2692
INV_464,2026-07-31,4492.91,VEND_10,Dunder Supplies,PENDING,PO-5365
INV_465,2026-08-01,3530.27,VEND_26,Primatech Paper,PENDING,PO-8144
INV_466,2026-08-09,4235.84,VEND_05,Cyberdyne Systems,PAID,PO-9770
INV_467,2026-08-11,1733.85,VEND_20,Buy n Large Corp,PAID,PO-9759
INV_468,2026-08-09,494.24,VEND_30,Multi Corp,PAID,PO-1644
INV_469,2026-08-19,3475.33,VEND_32,Veridian Dynamics,PAID,PO-1584
INV_470,2026-08-02,224.29,VEND_38,Bachman Electric,PAID,PO-9186
INV_471,2026-08-15,4828.27,VEND_29,Sirius Cybernetics,PAID,PO-7643
INV_472,2026-08-16,829.87,VEND_38,Bachman Electric,PENDING,PO-1312
INV_473,2026-08-14,4545.18,VEND_40,Gekko Capital,PAID,PO-3822
INV_474,2026-08-16,344.79,VEND_20,Buy n Large Corp,PAID,PO-2047
INV_475,2026-08-02,659.48,VEND_39,Pawnee Power,PENDING,PO-6527
INV_476,2026-08-18,2774.84,VEND_21,Oceanic Freight,PAID,PO-6496
INV_477,2026-07-31,691.65,VEND_10,Dunder Supplies,PAID,PO-8187
INV_478,2026-08-20,3100.96,VEND_11,Pied Piper Tech,PAID,PO-2460
INV_479,2026-08-20,2432.46,VEND_09,Vandelay Trading,PENDING,PO-7750
INV_480,2026-08-04,4696.64,VEND_40,Gekko Capital,PAID,PO-5934
INV_481,2026-08-07,2152.05,VEND_36,Sorin Systems,PAID,PO-6929
INV_482,2026-08-21,4234.53,VEND_31,Frobozz Electric,PAID,PO-6966
INV_483,2026-08-04,874.42,VEND_02,Globex Inc,PENDING,PO-6340
INV_484,2026-08-12,1073.88,VEND_21,Oceanic Freight,PAID,PO-4884
INV_485,2026-08-19,2121.72,VEND_13,Bluth Builders,PENDING,PO-1890
INV_486,2026-08-12,810.21,VEND_40,Gekko Capital,PENDING,PO-4181
INV_487,2026-08-16,1857.09,VEND_18,Rekall Solutions,PAID,PO-5597
INV_488,2026-08-02,644.44,VEND_30,Multi Corp,PAID,PO-5835
INV_489,2026-08-04,523.72,VEND_34,Omni Consumer,PAID,PO-1237
INV_490,2026-08-22,2197.74,VEND_16,Sterling Cooper,PAID,PO-1083
INV_491,2026-08-22,3685.75,VEND_14,Los Pollos Dist.,PAID,PO-8860
INV_492,2026-08-21,1593.7,VEND_30,Multi Corp,PENDING,PO-8598
INV_493,2026-08-18,2375.05,VEND_01,ACME Corp,PAID,PO-5859
INV_494,2026-08-13,4732.08,VEND_24,Tyrell Systems,PAID,PO-6989
INV_495,2026-08-10,958.81,VEND_36,Sorin Systems,PAID,PO-6487
INV_496,2026-08-06,2744.21,VEND_31,Frobozz Electric,PAID,PO-6250
INV_497,2026-08-11,4499.87,VEND_33,Momcorp Industries,PAID,PO-6656
INV_498,2026-08-10,2482.51,VEND_34,Omni Consumer,PAID,PO-8405
INV_499,2026-08-16,1903.91,VEND_05,Cyberdyne Systems,PAID,PO-5724
INV_500,2026-08-01,635.89,VEND_18,Rekall Solutions,PAID,PO-9530
INV_501,2026-08-14,1798.83,VEND_29,Sirius Cybernetics,PAID,PO-1361
INV_502,2026-08-23,1238.41,VEND_34,Omni Consumer,PAID,PO-8965
INV_503,2026-08-16,3362.69,VEND_34,Omni Consumer,PAID,PO-6021
INV_504,2026-08-23,4243.02,VEND_10,Dunder Supplies,PAID,PO-9770
INV_505,2026-08-08,993.17,VEND_12,Hooli Services,PAID,PO-4897
INV_506,2026-08-01,301.64,VEND_21,Oceanic Freight,PAID,PO-4361
INV_507,2026-08-13,3564.96,VEND_21,Oceanic Freight,PAID,PO-9743
INV_508,2026-08-10,4646.28,VEND_10,Dunder Supplies,PAID,PO-5842
INV_509,2026-08-20,4543.72,VEND_29,Sirius Cybernetics,PAID,PO-3284
INV_510,2026-08-20,2799.7,VEND_20,Buy n Large Corp,PENDING,PO-6855
INV_511,2026-08-01,1699.2,VEND_39,Pawnee Power,PAID,PO-4206
INV_512,2026-08-16,2032.68,VEND_32,Veridian Dynamics,PAID,PO-7513
INV_513,2026-08-02,3608.22,VEND_28,InGen Biotech,PAID,PO-6756
INV_514,2026-08-06,4889.87,VEND_36,Sorin Systems,PENDING,PO-8249
INV_515,2026-08-05,902.57,VEND_28,InGen Biotech,PAID,PO-3353
INV_516,2026-08-16,3804.96,VEND_06,Initech Solutions,PENDING,PO-3865
INV_517,2026-08-14,2364.39,VEND_37,Lestrade & Co,PAID,PO-9037
INV_518,2026-07-28,4131.72,VEND_20,Buy n Large Corp,PENDING,PO-4678
INV_519,2026-08-19,2415.45,VEND_19,Massive Dynamic,PAID,PO-2955
INV_520,2026-08-21,1458.36,VEND_05,Cyberdyne Systems,PENDING,PO-5225
INV_521,2026-08-20,3460.97,VEND_08,Soylent Industries,PAID,PO-3668
INV_522,2026-08-17,386.7,VEND_21,Oceanic Freight,PAID,PO-5467
INV_523,2026-08-11,2155.62,VEND_23,Delos Hospitality,PAID,PO-4002
INV_524,2026-08-21,4019.4,VEND_18,Rekall Solutions,PAID,PO-3354
INV_525,2026-07-29,771.05,VEND_19,Massive Dynamic,PAID,PO-2678
INV_526,2026-08-17,3105.8,VEND_34,Omni Consumer,PENDING,PO-8544
INV_527,2026-07-31,671.17,VEND_09,Vandelay Trading,PAID,PO-8240
INV_528,2026-08-19,2663.29,VEND_22,Wernham Hogg,PAID,PO-3108
INV_529,2026-08-22,797.56,VEND_15,Prestige Worldwide,PENDING,PO-2830
INV_530,2026-08-02,192.15,VEND_31,Frobozz Electric,PAID,PO-9412
INV_531,2026-08-18,390.4,VEND_08,Soylent Industries,PAID,PO-3028
INV_532,2026-08-19,1106.47,VEND_13,Bluth Builders,PAID,PO-5544
INV_533,2026-08-04,4518.14,VEND_35, Freight,PENDING,PO-7004
INV_534,2026-08-20,2987.96,VEND_29,Sirius Cybernetics,PENDING,PO-7948
INV_535,2026-08-19,1512.53,VEND_03,Stark Logistics,PAID,PO-8486
INV_536,2026-08-16,3707.25,VEND_29,Sirius Cybernetics,PAID,PO-2140
INV_537,2026-08-15,3393.27,VEND_26,Primatech Paper,PAID,PO-3348
INV_538,2026-08-02,417.08,VEND_13,Bluth Builders,PAID,PO-4815
INV_539,2026-08-15,1437.57,VEND_26,Primatech Paper,PENDING,PO-9379
INV_540,2026-08-05,822.13,VEND_30,Multi Corp,PAID,PO-3205
INV_541,2026-07-31,588.06,VEND_04,Wayne Enterprises,PAID,PO-7269
INV_542,2026-08-19,3428.1,VEND_10,Dunder Supplies,PENDING,PO-8635
INV_543,2026-08-04,1538.46,VEND_32,Veridian Dynamics,PAID,PO-1517
INV_544,2026-08-10,4412.62,VEND_08,Soylent Industries,PENDING,PO-8531
INV_545,2026-07-31,261.01,VEND_36,Sorin Systems,PENDING,PO-8056
INV_546,2026-08-01,1631.05,VEND_25,Weyland Industries,PENDING,PO-8797
INV_547,2026-08-13,4286.32,VEND_33,Momcorp Industries,PENDING,PO-6779
INV_548,2026-08-23,4891.14,VEND_21,Oceanic Freight,PAID,PO-6715
INV_549,2026-08-25,3736.08,VEND_02,Globex Inc,PENDING,PO-6654
INV_550,2026-08-09,2118.46,VEND_04,Wayne Enterprises,PAID,PO-2073
INV_551,2026-08-06,660.91,VEND_11,Pied Piper Tech,PENDING,PO-9433
INV_552,2026-08-01,3485.23,VEND_14,Los Pollos Dist.,PAID,PO-5907
INV_553,2026-08-23,469.07,VEND_35, Freight,PENDING,PO-4700
INV_554,2026-08-15,3740.15,VEND_06,Initech Solutions,PAID,PO-5478
INV_555,2026-08-02,2875.5,VEND_34,Omni Consumer,PAID,PO-9268
INV_556,2026-08-23,1569.55,VEND_35, Freight,PENDING,PO-9971
INV_557,2026-08-04,4416.39,VEND_34,Omni Consumer,PENDING,PO-5389
INV_558,2026-08-17,3660.41,VEND_04,Wayne Enterprises,PAID,PO-3465
INV_559,2026-08-23,3458.0,VEND_20,Buy n Large Corp,PAID,PO-7757
INV_560,2026-08-05,4136.18,VEND_11,Pied Piper Tech,PAID,PO-2860
INV_561,2026-08-01,1040.39,VEND_16,Sterling Cooper,PENDING,PO-7914
INV_562,2026-08-18,4537.71,VEND_13,Bluth Builders,PAID,PO-3883
INV_563,2026-08-20,4277.35,VEND_32,Veridian Dynamics,PAID,PO-5882
INV_564,2026-08-02,4512.82,VEND_27,Dharma Provisions,PENDING,PO-3302
INV_565,2026-08-03,648.47,VEND_33,Momcorp Industries,PAID,PO-9133
INV_566,2026-07-29,1266.58,VEND_08,Soylent Industries,PENDING,PO-4865
INV_567,2026-08-14,2101.04,VEND_38,Bachman Electric,PAID,PO-9941
INV_568,2026-08-07,2428.59,VEND_24,Tyrell Systems,PAID,PO-1895
INV_569,2026-08-20,4595.54,VEND_16,Sterling Cooper,PAID,PO-9763
INV_570,2026-08-05,4587.86,VEND_21,Oceanic Freight,PAID,PO-2312
INV_571,2026-08-06,3615.19,VEND_07,Umbrella Corp,PAID,PO-6764
INV_572,2026-08-13,3050.37,VEND_36,Sorin Systems,PAID,PO-4010
INV_573,2026-08-18,2272.68,VEND_09,Vandelay Trading,PAID,PO-2347
INV_574,2026-08-08,2312.3,VEND_09,Vandelay Trading,PAID,PO-4254
INV_575,2026-08-17,1199.99,VEND_02,Globex Inc,PAID,PO-8576
INV_576,2026-08-02,1382.74,VEND_11,Pied Piper Tech,PAID,PO-3445
INV_577,2026-07-29,4794.36,VEND_11,Pied Piper Tech,PENDING,PO-8433
INV_578,2026-08-19,2521.33,VEND_15,Prestige Worldwide,PAID,PO-9096
INV_579,2026-08-08,3660.87,VEND_13,Bluth Builders,PAID,PO-5754
INV_580,2026-08-05,1253.88,VEND_29,Sirius Cybernetics,PAID,PO-1169
INV_581,2026-08-12,752.7,VEND_21,Oceanic Freight,PENDING,PO-5198
INV_582,2026-08-15,4550.31,VEND_39,Pawnee Power,PAID,PO-5155
INV_583,2026-08-12,3136.32,VEND_20,Buy n Large Corp,PAID,PO-3938
INV_584,2026-08-06,932.35,VEND_32,Veridian Dynamics,PENDING,PO-3323
INV_585,2026-08-06,3764.33,VEND_28,InGen Biotech,PAID,PO-8139
INV_586,2026-08-02,1646.16,VEND_32,Veridian Dynamics,PAID,PO-4095
INV_587,2026-08-01,367.38,VEND_12,Hooli Services,PENDING,PO-2900
INV_588,2026-08-12,299.88,VEND_23,Delos Hospitality,PAID,PO-3425
INV_589,2026-08-02,1813.06,VEND_14,Los Pollos Dist.,PAID,PO-4479
INV_590,2026-08-15,4990.22,VEND_01,ACME Corp,PAID,PO-5033
INV_591,2026-08-24,2540.74,VEND_07,Umbrella Corp,PENDING,PO-7120
INV_592,2026-08-18,4652.83,VEND_07,Umbrella Corp,PENDING,PO-8861
INV_593,2026-08-14,3178.95,VEND_18,Rekall Solutions,PENDING,PO-6323
INV_594,2026-08-21,3253.86,VEND_21,Oceanic Freight,PENDING,PO-2516
INV_595,2026-08-11,1350.3,VEND_16,Sterling Cooper,PAID,PO-7365
INV_596,2026-08-21,2071.74,VEND_10,Dunder Supplies,PAID,PO-3151
INV_597,2026-08-08,3361.05,VEND_24,Tyrell Systems,PENDING,PO-5398
INV_598,2026-08-16,1013.14,VEND_28,InGen Biotech,PAID,PO-3540
INV_599,2026-08-15,2683.67,VEND_34,Omni Consumer,PENDING,PO-5921
INV_600,2026-08-02,4922.51,VEND_20,Buy n Large Corp,PAID,PO-2253
INV_601,2026-07-28,2615.73,VEND_33,Momcorp Industries,PAID,PO-6823
INV_602,2026-08-05,2969.28,VEND_33,Momcorp Industries,PAID,PO-3985
INV_603,2026-08-08,321.77,VEND_27,Dharma Provisions,PENDING,PO-8371
INV_604,2026-08-18,4058.39,VEND_22,Wernham Hogg,PAID,PO-5248
INV_605,2026-08-21,621.02,VEND_35, Freight,PAID,PO-8817
INV_606,2026-08-10,3489.85,VEND_39,Pawnee Power,PAID,PO-7471
INV_607,2026-08-25,1583.02,VEND_09,Vandelay Trading,PAID,PO-1439
INV_608,2026-08-02,2457.47,VEND_10,Dunder Supplies,PAID,PO-2410
INV_609,2026-08-08,3871.63,VEND_10,Dunder Supplies,PAID,PO-8295
INV_610,2026-08-11,2410.3,VEND_29,Sirius Cybernetics,PENDING,PO-1834
INV_611,2026-08-06,138.58,VEND_28,InGen Biotech,PAID,PO-1606
INV_612,2026-08-12,2058.43,VEND_33,Momcorp Industries,PAID,PO-1994
INV_613,2026-08-13,193.2,VEND_37,Lestrade & Co,PENDING,PO-2915
INV_614,2026-08-14,3151.21,VEND_23,Delos Hospitality,PAID,PO-4149
INV_615,2026-08-13,1784.85,VEND_15,Prestige Worldwide,PENDING,PO-3148
INV_616,2026-08-19,3699.46,VEND_31,Frobozz Electric,PAID,PO-2412
INV_617,2026-08-21,2466.16,VEND_12,Hooli Services,PENDING,PO-9089
INV_618,2026-08-07,1250.12,VEND_36,Sorin Systems,PAID,PO-3598
INV_619,2026-08-02,4156.95,VEND_33,Momcorp Industries,PAID,PO-4714
INV_620,2026-08-14,4015.04,VEND_08,Soylent Industries,PAID,PO-9311
INV_621,2026-08-05,3668.91,VEND_29,Sirius Cybernetics,PAID,PO-6959
INV_622,2026-08-07,4113.89,VEND_08,Soylent Industries,PAID,PO-5019
INV_623,2026-08-23,2420.95,VEND_19,Massive Dynamic,PENDING,PO-6908
INV_624,2026-08-19,3358.48,VEND_10,Dunder Supplies,PAID,PO-8025
INV_625,2026-08-07,4724.33,VEND_29,Sirius Cybernetics,PAID,PO-2389
INV_626,2026-08-10,1642.54,VEND_11,Pied Piper Tech,PAID,PO-1947
INV_627,2026-08-16,4902.23,VEND_34,Omni Consumer,PAID,PO-6139
INV_628,2026-08-19,2266.5,VEND_23,Delos Hospitality,PAID,PO-2380
INV_629,2026-07-31,2733.42,VEND_25,Weyland Industries,PAID,PO-4501
INV_630,2026-08-03,214.77,VEND_35, Freight,PENDING,PO-9278
INV_631,2026-08-03,3686.73,VEND_24,Tyrell Systems,PAID,PO-3043
INV_632,2026-08-16,3361.05,VEND_39,Pawnee Power,PAID,PO-7187
INV_633,2026-08-14,3713.81,VEND_07,Umbrella Corp,PENDING,PO-2605
INV_634,2026-08-03,3587.04,VEND_27,Dharma Provisions,PENDING,PO-4519
INV_635,2026-08-11,482.56,VEND_34,Omni Consumer,PAID,PO-9172
INV_636,2026-08-17,2174.77,VEND_29,Sirius Cybernetics,PAID,PO-3364
INV_637,2026-08-12,722.91,VEND_30,Multi Corp,PAID,PO-4483
INV_638,2026-08-01,3047.84,VEND_27,Dharma Provisions,PAID,PO-9565
INV_639,2026-08-04,676.94,VEND_20,Buy n Large Corp,PAID,PO-3328
INV_640,2026-08-22,2989.16,VEND_04,Wayne Enterprises,PAID,PO-3004
INV_641,2026-08-13,1808.38,VEND_03,Stark Logistics,PENDING,PO-6534
INV_642,2026-08-22,1948.8,VEND_39,Pawnee Power,PENDING,PO-8357
INV_643,2026-07-31,4345.09,VEND_21,Oceanic Freight,PENDING,PO-7344
INV_644,2026-08-10,3705.97,VEND_06,Initech Solutions,PAID,PO-3028
INV_645,2026-08-20,2840.83,VEND_13,Bluth Builders,PAID,PO-8796
INV_646,2026-08-16,4494.63,VEND_08,Soylent Industries,PAID,PO-4371
INV_647,2026-08-08,1971.85,VEND_06,Initech Solutions,PAID,PO-3992
INV_648,2026-08-08,3864.69,VEND_10,Dunder Supplies,PAID,PO-3973
INV_649,2026-07-28,3595.17,VEND_20,Buy n Large Corp,PAID,PO-5225
INV_650,2026-08-08,4713.73,VEND_08,Soylent Industries,PAID,PO-9076
INV_651,2026-08-13,3786.71,VEND_25,Weyland Industries,PENDING,PO-2072
INV_652,2026-08-11,241.64,VEND_15,Prestige Worldwide,PAID,PO-5035
INV_653,2026-08-24,2818.07,VEND_09,Vandelay Trading,PAID,PO-3332
INV_654,2026-08-08,2748.15,VEND_11,Pied Piper Tech,PENDING,PO-1684
INV_655,2026-07-28,394.86,VEND_31,Frobozz Electric,PAID,PO-4485
INV_656,2026-08-14,4219.35,VEND_19,Massive Dynamic,PAID,PO-5925
INV_657,2026-07-31,2036.99,VEND_08,Soylent Industries,PENDING,PO-4454
INV_658,2026-08-16,2573.62,VEND_21,Oceanic Freight,PAID,PO-5029
INV_659,2026-08-10,177.79,VEND_09,Vandelay Trading,PAID,PO-3843
INV_660,2026-08-13,2823.37,VEND_32,Veridian Dynamics,PAID,PO-8293
INV_661,2026-08-20,704.74,VEND_25,Weyland Industries,PAID,PO-3044
INV_662,2026-08-14,1915.36,VEND_13,Bluth Builders,PAID,PO-6862
INV_663,2026-08-03,1247.86,VEND_32,Veridian Dynamics,PAID,PO-1116
INV_664,2026-08-03,4922.89,VEND_26,Primatech Paper,PAID,PO-4174
INV_665,2026-08-20,3720.19,VEND_39,Pawnee Power,PAID,PO-3087
INV_666,2026-08-04,4253.57,VEND_02,Globex Inc,PENDING,PO-1032
INV_667,2026-08-10,3240.73,VEND_04,Wayne Enterprises,PAID,PO-2994
INV_668,2026-08-23,1200.29,VEND_18,Rekall Solutions,PENDING,PO-4188
INV_669,2026-08-05,4892.67,VEND_28,InGen Biotech,PAID,PO-2029
INV_670,2026-08-15,4006.38,VEND_22,Wernham Hogg,PAID,PO-6583
INV_671,2026-08-20,3039.83,VEND_29,Sirius Cybernetics,PAID,PO-2401
INV_672,2026-07-31,4591.9,VEND_25,Weyland Industries,PAID,PO-8240
INV_673,2026-07-28,1577.21,VEND_28,InGen Biotech,PAID,PO-5831
INV_674,2026-08-08,2068.25,VEND_40,Gekko Capital,PAID,PO-8428
INV_675,2026-08-12,2374.62,VEND_28,InGen Biotech,PENDING,PO-9474
INV_676,2026-08-10,2980.29,VEND_07,Umbrella Corp,PAID,PO-3064
INV_677,2026-08-17,2593.6,VEND_23,Delos Hospitality,PAID,PO-4983
INV_678,2026-07-31,4005.43,VEND_04,Wayne Enterprises,PAID,PO-6098
INV_679,2026-08-16,4437.59,VEND_10,Dunder Supplies,PAID,PO-7042
INV_680,2026-07-27,2636.63,VEND_10,Dunder Supplies,PAID,PO-7915
INV_681,2026-08-16,3492.83,VEND_38,Bachman Electric,PAID,PO-3658
INV_682,2026-08-17,1192.82,VEND_15,Prestige Worldwide,PAID,PO-7158
INV_683,2026-08-06,2061.53,VEND_01,ACME Corp,PAID,PO-3333
INV_684,2026-08-09,2258.0,VEND_38,Bachman Electric,PAID,PO-4241
INV_685,2026-08-05,953.32,VEND_17,Nakatomi Trading,PAID,PO-3925
INV_686,2026-08-03,1956.72,VEND_08,Soylent Industries,PAID,PO-7100
INV_687,2026-08-18,420.35,VEND_10,Dunder Supplies,PENDING,PO-7131
INV_688,2026-08-09,3037.79,VEND_16,Sterling Cooper,PAID,PO-3434
INV_689,2026-08-21,3351.16,VEND_05,Cyberdyne Systems,PAID,PO-9168
INV_690,2026-08-13,2374.91,VEND_21,Oceanic Freight,PENDING,PO-8762
INV_691,2026-08-07,2947.81,VEND_38,Bachman Electric,PENDING,PO-4840
INV_692,2026-08-10,1171.11,VEND_28,InGen Biotech,PAID,PO-2388
INV_693,2026-07-31,3782.95,VEND_19,Massive Dynamic,PAID,PO-8622
INV_694,2026-08-14,3143.52,VEND_28,InGen Biotech,PENDING,PO-6194
INV_695,2026-08-08,1973.62,VEND_12,Hooli Services,PAID,PO-2350
INV_696,2026-08-07,4228.76,VEND_33,Momcorp Industries,PAID,PO-2612
INV_697,2026-08-01,449.61,VEND_03,Stark Logistics,PAID,PO-5959
INV_698,2026-08-22,4096.27,VEND_18,Rekall Solutions,PAID,PO-1139
INV_699,2026-08-17,3813.25,VEND_01,ACME Corp,PENDING,PO-4728
INV_700,2026-08-03,3644.35,VEND_14,Los Pollos Dist.,PENDING,PO-8559
INV_701,2026-08-07,3980.38,VEND_21,Oceanic Freight,PAID,PO-8187
INV_702,2026-08-13,4279.43,VEND_02,Globex Inc,PAID,PO-1158
INV_703,2026-08-12,4070.97,VEND_23,Delos Hospitality,PAID,PO-6342
INV_704,2026-08-09,1100.6,VEND_26,Primatech Paper,PAID,PO-6387
INV_705,2026-08-14,4813.5,VEND_20,Buy n Large Corp,PAID,PO-1525
INV_706,2026-08-19,3056.48,VEND_02,Globex Inc,PAID,PO-4373
INV_707,2026-08-03,1526.42,VEND_34,Omni Consumer,PAID,PO-3815
INV_708,2026-08-03,2728.62,VEND_31,Frobozz Electric,PAID,PO-4369
INV_709,2026-08-07,2217.78,VEND_31,Frobozz Electric,PAID,PO-9232
INV_710,2026-08-12,413.45,VEND_26,Primatech Paper,PENDING,PO-8539
INV_711,2026-08-02,2133.76,VEND_12,Hooli Services,PAID,PO-2565
INV_712,2026-08-08,3523.36,VEND_03,Stark Logistics,PAID,PO-2093
INV_713,2026-08-15,694.03,VEND_24,Tyrell Systems,PENDING,PO-8388
INV_714,2026-08-02,1338.56,VEND_33,Momcorp Industries,PENDING,PO-6630
INV_715,2026-08-23,2056.77,VEND_13,Bluth Builders,PAID,PO-6359
INV_716,2026-08-20,3768.51,VEND_32,Veridian Dynamics,PENDING,PO-3297
INV_717,2026-08-15,4120.09,VEND_11,Pied Piper Tech,PAID,PO-5819
INV_718,2026-08-03,2719.8,VEND_26,Primatech Paper,PAID,PO-3514
INV_719,2026-08-20,3346.45,VEND_07,Umbrella Corp,PAID,PO-1797
INV_720,2026-08-05,547.79,VEND_27,Dharma Provisions,PAID,PO-4613
INV_721,2026-07-30,4004.93,VEND_11,Pied Piper Tech,PAID,PO-6359
INV_722,2026-08-10,4700.72,VEND_08,Soylent Industries,PAID,PO-1245
INV_723,2026-08-12,3304.56,VEND_01,ACME Corp,PAID,PO-7045
INV_724,2026-08-20,2003.97,VEND_09,Vandelay Trading,PENDING,PO-2106
INV_725,2026-08-09,186.48,VEND_38,Bachman Electric,PAID,PO-4811
INV_726,2026-07-30,3120.11,VEND_08,Soylent Industries,PAID,PO-1981
INV_727,2026-08-04,1935.17,VEND_19,Massive Dynamic,PAID,PO-8270
INV_728,2026-08-23,4398.93,VEND_09,Vandelay Trading,PENDING,PO-5726
INV_729,2026-08-24,216.1,VEND_22,Wernham Hogg,PAID,PO-4644
INV_730,2026-08-19,4376.26,VEND_34,Omni Consumer,PAID,PO-9055
INV_731,2026-08-05,1257.92,VEND_06,Initech Solutions,PAID,PO-5012
INV_732,2026-08-12,964.53,VEND_16,Sterling Cooper,PAID,PO-8883
INV_733,2026-07-30,4759.96,VEND_24,Tyrell Systems,PENDING,PO-9278
INV_734,2026-08-16,3701.15,VEND_10,Dunder Supplies,PENDING,PO-2363
INV_735,2026-08-23,4541.64,VEND_20,Buy n Large Corp,PAID,PO-7233
INV_736,2026-08-14,1598.65,VEND_19,Massive Dynamic,PAID,PO-3238
INV_737,2026-08-18,2399.37,VEND_10,Dunder Supplies,PAID,PO-9051
INV_738,2026-08-10,4635.89,VEND_26,Primatech Paper,PAID,PO-7697
INV_739,2026-07-29,4963.12,VEND_08,Soylent Industries,PAID,PO-6711
INV_740,2026-08-13,3574.73,VEND_24,Tyrell Systems,PAID,PO-4970
INV_741,2026-08-14,269.09,VEND_24,Tyrell Systems,PAID,PO-8462
INV_742,2026-08-01,4165.77,VEND_17,Nakatomi Trading,PENDING,PO-6045
INV_743,2026-08-21,2116.88,VEND_06,Initech Solutions,PAID,PO-5407
INV_744,2026-08-22,1126.68,VEND_26,Primatech Paper,PENDING,PO-1025
INV_745,2026-07-31,442.22,VEND_27,Dharma Provisions,PAID,PO-3890
INV_746,2026-08-11,1013.36,VEND_09,Vandelay Trading,PENDING,PO-4482
INV_747,2026-08-02,1084.61,VEND_12,Hooli Services,PENDING,PO-2789
INV_748,2026-08-20,914.02,VEND_19,Massive Dynamic,PAID,PO-1486
INV_749,2026-08-18,1250.42,VEND_32,Veridian Dynamics,PAID,PO-1118
INV_750,2026-08-21,2953.98,VEND_03,Stark Logistics,PENDING,PO-9520
INV_751,2026-08-21,1402.6,VEND_32,Veridian Dynamics,PAID,PO-7074
INV_752,2026-08-24,590.87,VEND_30,Multi Corp,PAID,PO-3013
INV_753,2026-08-13,1469.39,VEND_16,Sterling Cooper,PENDING,PO-4079
INV_754,2026-07-31,4932.29,VEND_21,Oceanic Freight,PAID,PO-8279
INV_755,2026-08-11,2196.79,VEND_31,Frobozz Electric,PENDING,PO-5814
INV_756,2026-08-25,4298.33,VEND_33,Momcorp Industries,PAID,PO-9990
INV_757,2026-08-13,923.46,VEND_29,Sirius Cybernetics,PAID,PO-4467
INV_758,2026-07-29,885.15,VEND_21,Oceanic Freight,PENDING,PO-3016
INV_759,2026-08-19,765.21,VEND_35, Freight,PAID,PO-2059
INV_760,2026-08-13,4061.39,VEND_15,Prestige Worldwide,PAID,PO-6574
INV_761,2026-08-22,3001.78,VEND_13,Bluth Builders,PAID,PO-7229
INV_762,2026-08-15,3710.9,VEND_20,Buy n Large Corp,PENDING,PO-6237
INV_763,2026-08-23,1888.62,VEND_09,Vandelay Trading,PAID,PO-7476
INV_764,2026-08-07,4202.36,VEND_32,Veridian Dynamics,PAID,PO-1562
INV_765,2026-08-15,1668.68,VEND_33,Momcorp Industries,PENDING,PO-4534
INV_766,2026-08-14,1528.33,VEND_25,Weyland Industries,PAID,PO-1861
INV_767,2026-08-23,977.2,VEND_32,Veridian Dynamics,PAID,PO-9977
INV_768,2026-08-12,1753.31,VEND_31,Frobozz Electric,PAID,PO-5626
INV_769,2026-08-18,4623.01,VEND_36,Sorin Systems,PAID,PO-5981
INV_770,2026-08-12,3307.71,VEND_37,Lestrade & Co,PAID,PO-4436
INV_771,2026-08-02,4041.36,VEND_13,Bluth Builders,PAID,PO-3418
INV_772,2026-08-12,4756.95,VEND_28,InGen Biotech,PAID,PO-6825
INV_773,2026-08-11,980.2,VEND_04,Wayne Enterprises,PENDING,PO-3434
INV_774,2026-08-17,3640.5,VEND_16,Sterling Cooper,PAID,PO-3826
INV_775,2026-08-20,1972.29,VEND_29,Sirius Cybernetics,PAID,PO-9015
INV_776,2026-08-16,3377.08,VEND_33,Momcorp Industries,PENDING,PO-5484
INV_777,2026-08-19,3752.26,VEND_38,Bachman Electric,PAID,PO-3051
INV_778,2026-07-31,2029.6,VEND_35, Freight,PAID,PO-4399
INV_779,2026-08-21,4498.25,VEND_12,Hooli Services,PENDING,PO-6149
INV_780,2026-07-30,291.8,VEND_37,Lestrade & Co,PAID,PO-1573
INV_781,2026-08-01,2172.95,VEND_01,ACME Corp,PAID,PO-9750
INV_782,2026-08-12,785.29,VEND_32,Veridian Dynamics,PAID,PO-2622
INV_783,2026-08-20,4116.84,VEND_16,Sterling Cooper,PAID,PO-4539
INV_784,2026-08-14,1859.42,VEND_09,Vandelay Trading,PAID,PO-5270
INV_785,2026-08-10,3283.87,VEND_11,Pied Piper Tech,PENDING,PO-3346
INV_786,2026-08-15,1098.44,VEND_18,Rekall Solutions,PAID,PO-7876
INV_787,2026-08-04,479.87,VEND_08,Soylent Industries,PAID,PO-6396
INV_788,2026-08-19,535.97,VEND_22,Wernham Hogg,PAID,PO-1161
INV_789,2026-07-30,2691.9,VEND_37,Lestrade & Co,PAID,PO-1785
INV_790,2026-08-11,2436.62,VEND_09,Vandelay Trading,PAID,PO-3337
INV_791,2026-08-10,2881.05,VEND_18,Rekall Solutions,PAID,PO-7852
INV_792,2026-08-20,2343.15,VEND_29,Sirius Cybernetics,PAID,PO-8008
INV_793,2026-08-09,2091.92,VEND_21,Oceanic Freight,PAID,PO-2534
INV_794,2026-08-02,2919.05,VEND_06,Initech Solutions,PAID,PO-7946
INV_795,2026-08-17,2592.54,VEND_09,Vandelay Trading,PAID,PO-7643
INV_796,2026-07-29,3119.8,VEND_01,ACME Corp,PAID,PO-9652
INV_797,2026-08-17,3085.05,VEND_39,Pawnee Power,PAID,PO-3864
INV_798,2026-08-12,2527.99,VEND_11,Pied Piper Tech,PAID,PO-5752
INV_799,2026-08-05,2467.31,VEND_17,Nakatomi Trading,PENDING,PO-4562
INV_800,2026-08-17,4256.92,VEND_04,Wayne Enterprises,PAID,PO-6798
INV_801,2026-07-31,125.26,VEND_12,Hooli Services,PENDING,PO-4236
INV_802,2026-07-29,862.59,VEND_17,Nakatomi Trading,PAID,PO-8017
INV_803,2026-08-02,2728.49,VEND_18,Rekall Solutions,PAID,PO-3291
INV_804,2026-08-10,3760.75,VEND_01,ACME Corp,PAID,PO-1659
INV_805,2026-08-01,2033.28,VEND_22,Wernham Hogg,PAID,PO-2946
INV_806,2026-08-11,2496.43,VEND_32,Veridian Dynamics,PENDING,PO-9222
INV_807,2026-08-24,203.65,VEND_10,Dunder Supplies,PAID,PO-6605
INV_808,2026-08-10,4884.55,VEND_01,ACME Corp,PAID,PO-8027
INV_809,2026-08-07,3126.3,VEND_33,Momcorp Industries,PAID,PO-5052
INV_810,2026-07-30,3535.61,VEND_33,Momcorp Industries,PAID,PO-4758
INV_811,2026-08-09,186.54,VEND_13,Bluth Builders,PAID,PO-4791
INV_812,2026-08-07,1747.27,VEND_31,Frobozz Electric,PAID,PO-2803
INV_813,2026-08-08,1881.52,VEND_23,Delos Hospitality,PAID,PO-1669
INV_814,2026-07-27,355.44,VEND_21,Oceanic Freight,PAID,PO-8059
INV_815,2026-08-05,1336.09,VEND_32,Veridian Dynamics,PAID,PO-3134
INV_816,2026-08-06,1866.79,VEND_24,Tyrell Systems,PAID,PO-4903
INV_817,2026-08-03,3184.84,VEND_39,Pawnee Power,PAID,PO-8303
INV_818,2026-07-31,466.91,VEND_35, Freight,PAID,PO-9741
INV_819,2026-08-21,852.99,VEND_09,Vandelay Trading,PAID,PO-6996
INV_820,2026-08-10,3186.34,VEND_08,Soylent Industries,PAID,PO-3735
INV_821,2026-07-28,3992.51,VEND_13,Bluth Builders,PAID,PO-3711
INV_822,2026-08-10,3778.57,VEND_25,Weyland Industries,PAID,PO-4390
INV_823,2026-08-01,117.64,VEND_37,Lestrade & Co,PENDING,PO-9254
INV_824,2026-08-20,3630.84,VEND_17,Nakatomi Trading,PAID,PO-3803
INV_825,2026-08-05,323.5,VEND_16,Sterling Cooper,PAID,PO-5430
INV_826,2026-08-25,352.45,VEND_16,Sterling Cooper,PAID,PO-7047
INV_827,2026-08-06,507.91,VEND_36,Sorin Systems,PAID,PO-6318
INV_828,2026-07-30,3167.18,VEND_01,ACME Corp,PAID,PO-5194
INV_829,2026-07-28,2733.2,VEND_38,Bachman Electric,PAID,PO-4377
INV_830,2026-08-11,1181.13,VEND_18,Rekall Solutions,PAID,PO-8308
INV_831,2026-08-05,2891.32,VEND_12,Hooli Services,PAID,PO-7458
INV_832,2026-08-18,3078.33,VEND_05,Cyberdyne Systems,PENDING,PO-2642
INV_833,2026-08-23,2681.21,VEND_01,ACME Corp,PAID,PO-1222
INV_834,2026-08-24,621.06,VEND_22,Wernham Hogg,PENDING,PO-8279
INV_835,2026-08-03,1606.19,VEND_31,Frobozz Electric,PAID,PO-1347
INV_836,2026-08-12,794.99,VEND_15,Prestige Worldwide,PAID,PO-5699
INV_837,2026-08-09,1850.81,VEND_40,Gekko Capital,PAID,PO-3475
INV_838,2026-08-04,2200.28,VEND_22,Wernham Hogg,PAID,PO-5702
INV_839,2026-08-09,4389.47,VEND_18,Rekall Solutions,PAID,PO-1035
INV_840,2026-08-01,3911.14,VEND_10,Dunder Supplies,PAID,PO-2854
INV_841,2026-08-17,2194.52,VEND_18,Rekall Solutions,PAID,PO-7308
INV_842,2026-08-03,1977.61,VEND_36,Sorin Systems,PAID,PO-7301
INV_843,2026-08-25,3766.59,VEND_06,Initech Solutions,PAID,PO-8764
INV_844,2026-08-01,3760.28,VEND_08,Soylent Industries,PENDING,PO-7089
INV_845,2026-08-05,247.91,VEND_24,Tyrell Systems,PENDING,PO-3452
INV_846,2026-08-22,993.88,VEND_09,Vandelay Trading,PENDING,PO-7742
INV_847,2026-08-23,1752.95,VEND_01,ACME Corp,PAID,PO-9245
INV_848,2026-08-03,153.25,VEND_28,InGen Biotech,PAID,PO-4724
INV_849,2026-08-12,4664.11,VEND_18,Rekall Solutions,PAID,PO-7560
INV_850,2026-08-15,374.38,VEND_26,Primatech Paper,PAID,PO-8674
INV_851,2026-08-13,1634.63,VEND_26,Primatech Paper,PENDING,PO-4190
INV_852,2026-08-09,237.44,VEND_19,Massive Dynamic,PAID,PO-6064
INV_853,2026-08-02,2803.29,VEND_03,Stark Logistics,PAID,PO-8926
INV_854,2026-08-21,1483.77,VEND_26,Primatech Paper,PAID,PO-3122
INV_855,2026-08-18,3405.96,VEND_22,Wernham Hogg,PAID,PO-1388
INV_856,2026-08-17,4000.74,VEND_31,Frobozz Electric,PAID,PO-8587
INV_857,2026-08-21,3439.15,VEND_10,Dunder Supplies,PAID,PO-8331
INV_858,2026-08-03,4043.16,VEND_10,Dunder Supplies,PENDING,PO-2541
INV_859,2026-08-12,1637.22,VEND_19,Massive Dynamic,PAID,PO-2461
INV_860,2026-08-22,4395.62,VEND_09,Vandelay Trading,PAID,PO-7568
INV_861,2026-08-09,4299.3,VEND_09,Vandelay Trading,PAID,PO-7122
INV_862,2026-08-17,309.11,VEND_04,Wayne Enterprises,PAID,PO-3532
INV_863,2026-08-04,2002.29,VEND_30,Multi Corp,PENDING,PO-2787
INV_864,2026-07-30,983.34,VEND_07,Umbrella Corp,PAID,PO-2056
INV_865,2026-08-07,1777.88,VEND_39,Pawnee Power,PAID,PO-5560
INV_866,2026-08-12,287.58,VEND_10,Dunder Supplies,PAID,PO-7230
INV_867,2026-08-04,364.98,VEND_02,Globex Inc,PAID,PO-2369
INV_868,2026-08-08,906.21,VEND_23,Delos Hospitality,PENDING,PO-6811
INV_869,2026-08-04,481.26,VEND_38,Bachman Electric,PAID,PO-3465
INV_870,2026-08-11,4675.72,VEND_32,Veridian Dynamics,PAID,PO-9531
INV_871,2026-08-20,118.02,VEND_29,Sirius Cybernetics,PAID,PO-1597
INV_872,2026-08-05,3753.97,VEND_13,Bluth Builders,PENDING,PO-4541
INV_873,2026-08-11,4087.52,VEND_02,Globex Inc,PENDING,PO-8471
INV_874,2026-08-11,2110.9,VEND_23,Delos Hospitality,PAID,PO-3880
INV_875,2026-08-11,2199.08,VEND_12,Hooli Services,PENDING,PO-5669
INV_876,2026-08-21,3473.9,VEND_28,InGen Biotech,PAID,PO-2700
INV_877,2026-07-29,3283.16,VEND_40,Gekko Capital,PAID,PO-8276
INV_878,2026-08-03,1192.11,VEND_30,Multi Corp,PAID,PO-6744
INV_879,2026-08-22,4578.74,VEND_27,Dharma Provisions,PAID,PO-7138
INV_880,2026-08-22,1197.29,VEND_19,Massive Dynamic,PAID,PO-1068
INV_881,2026-08-09,260.11,VEND_02,Globex Inc,PAID,PO-6490
INV_882,2026-08-16,2202.6,VEND_25,Weyland Industries,PAID,PO-8166
INV_883,2026-08-04,587.93,VEND_09,Vandelay Trading,PAID,PO-3605
INV_884,2026-08-06,1098.44,VEND_06,Initech Solutions,PAID,PO-1455
INV_885,2026-08-18,3567.12,VEND_06,Initech Solutions,PENDING,PO-6867
INV_886,2026-08-04,1274.64,VEND_15,Prestige Worldwide,PENDING,PO-5267
INV_887,2026-08-17,353.57,VEND_06,Initech Solutions,PAID,PO-2817
INV_888,2026-08-13,4643.28,VEND_08,Soylent Industries,PAID,PO-2267
INV_889,2026-08-15,4238.66,VEND_14,Los Pollos Dist.,PENDING,PO-2205
INV_890,2026-08-13,4800.16,VEND_05,Cyberdyne Systems,PENDING,PO-3639
INV_891,2026-08-05,1563.9,VEND_12,Hooli Services,PAID,PO-6616
INV_892,2026-08-07,2471.16,VEND_40,Gekko Capital,PAID,PO-2992
INV_893,2026-08-05,3069.94,VEND_35, Freight,PAID,PO-6978
INV_894,2026-08-02,4503.0,VEND_02,Globex Inc,PAID,PO-5483
INV_895,2026-08-13,1076.26,VEND_06,Initech Solutions,PENDING,PO-9123
INV_896,2026-08-11,2612.02,VEND_26,Primatech Paper,PENDING,PO-2685
INV_897,2026-08-21,2490.38,VEND_29,Sirius Cybernetics,PAID,PO-7275
INV_898,2026-08-12,919.52,VEND_03,Stark Logistics,PAID,PO-7525
INV_899,2026-07-30,661.78,VEND_21,Oceanic Freight,PAID,PO-4525
INV_900,2026-08-19,1921.14,VEND_10,Dunder Supplies,PAID,PO-6388
INV_901,2026-08-04,2380.35,VEND_21,Oceanic Freight,PAID,PO-9638
INV_902,2026-08-22,4313.57,VEND_05,Cyberdyne Systems,PAID,PO-6244
INV_903,2026-08-10,684.37,VEND_29,Sirius Cybernetics,PAID,PO-1348
INV_904,2026-08-06,187.4,VEND_37,Lestrade & Co,PAID,PO-9740
INV_905,2026-08-13,291.69,VEND_02,Globex Inc,PAID,PO-5500
INV_906,2026-08-01,243.51,VEND_04,Wayne Enterprises,PENDING,PO-4708
INV_907,2026-08-20,4353.27,VEND_17,Nakatomi Trading,PAID,PO-5320
INV_908,2026-08-09,3470.82,VEND_25,Weyland Industries,PENDING,PO-2964
INV_909,2026-08-10,3220.83,VEND_08,Soylent Industries,PENDING,PO-5596
INV_910,2026-08-08,3885.96,VEND_31,Frobozz Electric,PAID,PO-6783
INV_911,2026-08-16,4194.16,VEND_16,Sterling Cooper,PAID,PO-2231
INV_912,2026-08-12,395.31,VEND_01,ACME Corp,PAID,PO-8989
INV_913,2026-08-01,1768.21,VEND_38,Bachman Electric,PAID,PO-8438
INV_914,2026-08-18,854.59,VEND_33,Momcorp Industries,PENDING,PO-8412
INV_915,2026-08-18,2615.97,VEND_26,Primatech Paper,PAID,PO-2672
INV_916,2026-08-01,2358.68,VEND_07,Umbrella Corp,PAID,PO-5370
INV_917,2026-07-27,2433.58,VEND_34,Omni Consumer,PAID,PO-6806
INV_918,2026-08-13,1139.12,VEND_26,Primatech Paper,PENDING,PO-5466
INV_919,2026-08-10,579.28,VEND_25,Weyland Industries,PENDING,PO-3894
INV_920,2026-08-19,1452.04,VEND_39,Pawnee Power,PAID,PO-2819
INV_921,2026-08-03,664.42,VEND_03,Stark Logistics,PAID,PO-5513
INV_922,2026-08-05,4424.74,VEND_26,Primatech Paper,PENDING,PO-4370
INV_923,2026-08-03,3950.07,VEND_23,Delos Hospitality,PAID,PO-2544
INV_924,2026-08-04,2565.88,VEND_40,Gekko Capital,PAID,PO-6162
INV_925,2026-08-21,440.33,VEND_12,Hooli Services,PENDING,PO-8011
INV_926,2026-08-10,202.05,VEND_17,Nakatomi Trading,PAID,PO-8763
INV_927,2026-08-18,104.93,VEND_16,Sterling Cooper,PAID,PO-4740
INV_928,2026-08-14,2565.42,VEND_10,Dunder Supplies,PENDING,PO-9039
INV_929,2026-08-21,1818.83,VEND_35, Freight,PENDING,PO-1222
INV_930,2026-08-07,1575.56,VEND_22,Wernham Hogg,PENDING,PO-2847
INV_931,2026-08-18,4971.03,VEND_23,Delos Hospitality,PAID,PO-4380
INV_932,2026-08-18,3426.13,VEND_29,Sirius Cybernetics,PAID,PO-7406
INV_933,2026-08-14,2144.74,VEND_18,Rekall Solutions,PAID,PO-3014
INV_934,2026-08-13,3997.13,VEND_37,Lestrade & Co,PAID,PO-9174
INV_935,2026-08-20,820.94,VEND_10,Dunder Supplies,PAID,PO-8976
INV_936,2026-08-07,416.62,VEND_19,Massive Dynamic,PAID,PO-1871
INV_937,2026-08-15,3360.1,VEND_36,Sorin Systems,PAID,PO-8078
INV_938,2026-08-16,4599.47,VEND_19,Massive Dynamic,PAID,PO-7328
INV_939,2026-08-12,2055.66,VEND_07,Umbrella Corp,PENDING,PO-6283
INV_940,2026-08-24,2933.02,VEND_13,Bluth Builders,PAID,PO-5997
INV_941,2026-07-30,1556.94,VEND_30,Multi Corp,PAID,PO-3270
INV_942,2026-08-13,2265.32,VEND_21,Oceanic Freight,PAID,PO-8006
INV_943,2026-07-29,4791.71,VEND_27,Dharma Provisions,PAID,PO-9391
INV_944,2026-08-08,723.65,VEND_35, Freight,PAID,PO-7601
INV_945,2026-08-21,129.17,VEND_34,Omni Consumer,PAID,PO-2753
INV_946,2026-08-10,3012.26,VEND_19,Massive Dynamic,PAID,PO-9369
INV_947,2026-08-20,3613.06,VEND_14,Los Pollos Dist.,PAID,PO-4662
INV_948,2026-08-21,3234.37,VEND_10,Dunder Supplies,PENDING,PO-4288
INV_949,2026-08-02,429.0,VEND_10,Dunder Supplies,PAID,PO-2697
INV_950,2026-08-15,220.82,VEND_33,Momcorp Industries,PAID,PO-7628
INV_951,2026-08-11,4915.21,VEND_16,Sterling Cooper,PENDING,PO-3018
INV_952,2026-08-18,1279.34,VEND_33,Momcorp Industries,PENDING,PO-5751
INV_953,2026-08-06,3370.92,VEND_38,Bachman Electric,PENDING,PO-2758
INV_954,2026-08-14,2142.79,VEND_28,InGen Biotech,PENDING,PO-1180
INV_955,2026-08-10,4817.7,VEND_30,Multi Corp,PAID,PO-9202
INV_956,2026-08-15,1132.82,VEND_34,Omni Consumer,PAID,PO-6558
INV_957,2026-08-06,4625.04,VEND_05,Cyberdyne Systems,PAID,PO-9306
INV_958,2026-08-20,3328.63,VEND_17,Nakatomi Trading,PAID,PO-7615
INV_959,2026-07-30,320.15,VEND_11,Pied Piper Tech,PENDING,PO-6302
INV_960,2026-08-21,1234.52,VEND_16,Sterling Cooper,PENDING,PO-2054
INV_961,2026-07-29,3098.33,VEND_08,Soylent Industries,PAID,PO-1482
INV_962,2026-08-16,2826.69,VEND_13,Bluth Builders,PAID,PO-4296
INV_963,2026-08-19,894.24,VEND_34,Omni Consumer,PAID,PO-2576
INV_964,2026-08-14,2778.25,VEND_05,Cyberdyne Systems,PENDING,PO-4115
INV_965,2026-08-02,2894.81,VEND_31,Frobozz Electric,PAID,PO-2100
INV_966,2026-08-13,2194.81,VEND_25,Weyland Industries,PAID,PO-2653
INV_967,2026-08-02,2543.69,VEND_04,Wayne Enterprises,PAID,PO-5118
INV_968,2026-08-16,1629.97,VEND_40,Gekko Capital,PENDING,PO-5309
INV_969,2026-08-20,246.89,VEND_22,Wernham Hogg,PAID,PO-4346
INV_970,2026-08-06,3644.32,VEND_07,Umbrella Corp,PENDING,PO-8824
INV_971,2026-08-08,3929.56,VEND_15,Prestige Worldwide,PENDING,PO-1296
INV_972,2026-08-14,2462.65,VEND_25,Weyland Industries,PENDING,PO-3257
INV_973,2026-07-31,2245.97,VEND_40,Gekko Capital,PAID,PO-4902
INV_974,2026-08-03,550.75,VEND_01,ACME Corp,PAID,PO-1244
INV_975,2026-08-22,1324.62,VEND_04,Wayne Enterprises,PAID,PO-1716
INV_976,2026-08-07,1813.37,VEND_16,Sterling Cooper,PAID,PO-2258
INV_977,2026-07-31,1325.97,VEND_35, Freight,PAID,PO-8266
INV_978,2026-08-21,1583.32,VEND_24,Tyrell Systems,PAID,PO-6224
INV_979,2026-08-21,4757.76,VEND_32,Veridian Dynamics,PAID,PO-5996
INV_980,2026-08-01,275.75,VEND_16,Sterling Cooper,PAID,PO-1348
INV_981,2026-08-15,4197.99,VEND_18,Rekall Solutions,PAID,PO-5572
INV_982,2026-08-19,1981.29,VEND_02,Globex Inc,PAID,PO-4370
INV_983,2026-08-12,1003.69,VEND_28,InGen Biotech,PAID,PO-1425
INV_984,2026-08-11,4342.14,VEND_04,Wayne Enterprises,PENDING,PO-7944
INV_985,2026-08-12,3753.61,VEND_16,Sterling Cooper,PAID,PO-5094
INV_986,2026-08-22,2759.74,VEND_22,Wernham Hogg,PAID,PO-5403
INV_987,2026-08-19,1327.52,VEND_39,Pawnee Power,PAID,PO-3929
INV_988,2026-08-12,2367.35,VEND_29,Sirius Cybernetics,PENDING,PO-4569
INV_989,2026-08-13,387.07,VEND_06,Initech Solutions,PENDING,PO-3945
INV_990,2026-08-07,3853.29,VEND_18,Rekall Solutions,PAID,PO-1812
INV_991,2026-08-04,660.79,VEND_03,Stark Logistics,PAID,PO-1687
INV_992,2026-07-30,3424.1,VEND_23,Delos Hospitality,PAID,PO-2788
INV_993,2026-07-31,2584.0,VEND_08,Soylent Industries,PAID,PO-7815
INV_994,2026-07-31,3245.25,VEND_19,Massive Dynamic,PAID,PO-7686
INV_995,2026-08-20,1936.11,VEND_19,Massive Dynamic,PAID,PO-3458
INV_996,2026-08-14,225.12,VEND_39,Pawnee Power,PAID,PO-4520
INV_997,2026-08-12,4170.56,VEND_03,Stark Logistics,PAID,PO-4679
INV_998,2026-08-14,2567.13,VEND_37,Lestrade & Co,PAID,PO-9646
INV_999,2026-08-23,352.01,VEND_31,Frobozz Electric,PAID,PO-4195
INV_1000,2026-08-08,1231.36,VEND_21,Oceanic Freight,PENDING,PO-6929
INV_1001,2026-07-29,1824.72,VEND_33,Momcorp Industries,PAID,PO-8355
INV_1002,2026-08-13,1300.23,VEND_27,Dharma Provisions,PAID,PO-5700
INV_1003,2026-08-09,1637.84,VEND_06,Initech Solutions,PENDING,PO-4245
INV_1004,2026-08-01,4394.39,VEND_01,ACME Corp,PENDING,PO-2654
INV_1005,2026-08-04,4360.35,VEND_28,InGen Biotech,PAID,PO-9436
INV_1006,2026-08-12,4601.25,VEND_28,InGen Biotech,PAID,PO-5806
INV_1007,2026-08-03,1750.36,VEND_22,Wernham Hogg,PAID,PO-6815
INV_1008,2026-08-11,4562.3,VEND_29,Sirius Cybernetics,PAID,PO-4005
INV_1009,2026-08-14,3005.94,VEND_30,Multi Corp,PAID,PO-2587
INV_1010,2026-08-03,1557.01,VEND_22,Wernham Hogg,PENDING,PO-5673
INV_1011,2026-08-19,4423.68,VEND_14,Los Pollos Dist.,PAID,PO-2629
INV_1012,2026-08-10,1495.48,VEND_08,Soylent Industries,PAID,PO-5726
INV_1013,2026-08-08,4945.15,VEND_07,Umbrella Corp,PAID,PO-9334
INV_1014,2026-08-23,927.38,VEND_39,Pawnee Power,PAID,PO-9001
INV_1015,2026-07-27,1910.75,VEND_19,Massive Dynamic,PAID,PO-8435
INV_1016,2026-08-09,4598.18,VEND_08,Soylent Industries,PAID,PO-5562
INV_1017,2026-08-22,3376.71,VEND_23,Delos Hospitality,PAID,PO-6359
INV_1018,2026-08-05,2584.59,VEND_18,Rekall Solutions,PAID,PO-1628
INV_1019,2026-08-20,4204.41,VEND_03,Stark Logistics,PENDING,PO-4607
INV_1020,2026-08-12,4300.07,VEND_14,Los Pollos Dist.,PAID,PO-3918
INV_1021,2026-07-31,2148.98,VEND_17,Nakatomi Trading,PAID,PO-8933
INV_1022,2026-08-07,3373.08,VEND_32,Veridian Dynamics,PENDING,PO-5840
INV_1023,2026-07-31,1172.76,VEND_19,Massive Dynamic,PAID,PO-3886
INV_1024,2026-08-13,4785.95,VEND_08,Soylent Industries,PENDING,PO-9014
INV_1025,2026-08-18,2118.81,VEND_16,Sterling Cooper,PENDING,PO-1996
INV_1026,2026-08-14,3881.81,VEND_17,Nakatomi Trading,PENDING,PO-7531
INV_1027,2026-08-08,4570.61,VEND_18,Rekall Solutions,PAID,PO-8334
INV_1028,2026-07-30,4744.6,VEND_40,Gekko Capital,PAID,PO-1345
INV_1029,2026-08-01,3309.16,VEND_34,Omni Consumer,PENDING,PO-4757
INV_1030,2026-08-08,4026.3,VEND_24,Tyrell Systems,PAID,PO-1591
INV_1031,2026-07-28,3800.1,VEND_34,Omni Consumer,PAID,PO-3571
INV_1032,2026-08-09,1577.19,VEND_15,Prestige Worldwide,PAID,PO-3025
INV_1033,2026-08-23,1951.5,VEND_26,Primatech Paper,PAID,PO-2253
INV_1034,2026-07-29,2572.1,VEND_27,Dharma Provisions,PAID,PO-2565
INV_1035,2026-08-21,2982.16,VEND_26,Primatech Paper,PAID,PO-7965
INV_1036,2026-08-14,3743.07,VEND_20,Buy n Large Corp,PENDING,PO-7169
INV_1037,2026-08-07,2204.72,VEND_15,Prestige Worldwide,PAID,PO-7265
INV_1038,2026-07-31,4966.45,VEND_26,Primatech Paper,PENDING,PO-4671
INV_1039,2026-08-15,4878.43,VEND_26,Primatech Paper,PAID,PO-6089
INV_1040,2026-08-07,804.48,VEND_06,Initech Solutions,PAID,PO-2374
INV_1041,2026-08-22,1238.91,VEND_32,Veridian Dynamics,PAID,PO-1598
INV_1042,2026-08-09,3476.09,VEND_39,Pawnee Power,PENDING,PO-9938
INV_1043,2026-08-11,1633.78,VEND_16,Sterling Cooper,PAID,PO-2721
INV_1044,2026-08-09,3526.35,VEND_25,Weyland Industries,PAID,PO-3722
INV_1045,2026-08-02,2244.25,VEND_08,Soylent Industries,PENDING,PO-3291
INV_1046,2026-08-20,4383.65,VEND_27,Dharma Provisions,PAID,PO-5441
INV_1047,2026-08-14,1679.69,VEND_24,Tyrell Systems,PAID,PO-7082
INV_1048,2026-08-20,3628.64,VEND_09,Vandelay Trading,PAID,PO-6205
INV_1049,2026-08-12,978.21,VEND_31,Frobozz Electric,PAID,PO-2537
INV_1050,2026-08-16,2347.11,VEND_07,Umbrella Corp,PAID,PO-6741
INV_1051,2026-08-19,2839.86,VEND_15,Prestige Worldwide,PAID,PO-5656
INV_1052,2026-08-07,2849.45,VEND_13,Bluth Builders,PAID,PO-3921
INV_1053,2026-08-05,2861.93,VEND_09,Vandelay Trading,PAID,PO-5542
INV_1054,2026-08-25,3712.6,VEND_40,Gekko Capital,PAID,PO-4546
INV_1055,2026-08-02,4654.78,VEND_40,Gekko Capital,PAID,PO-2274
INV_1056,2026-07-30,771.18,VEND_29,Sirius Cybernetics,PAID,PO-4944
INV_1057,2026-08-13,2026.91,VEND_25,Weyland Industries,PAID,PO-9694
INV_1058,2026-08-20,800.13,VEND_28,InGen Biotech,PAID,PO-8133
INV_1059,2026-08-23,3383.19,VEND_28,InGen Biotech,PENDING,PO-7130
INV_1060,2026-08-04,4672.64,VEND_01,ACME Corp,PAID,PO-6085
INV_1061,2026-08-17,1437.84,VEND_18,Rekall Solutions,PAID,PO-1937
INV_1062,2026-08-17,4134.3,VEND_31,Frobozz Electric,PENDING,PO-9938
INV_1063,2026-08-01,3557.63,VEND_12,Hooli Services,PAID,PO-1918
INV_1064,2026-08-06,4918.68,VEND_13,Bluth Builders,PAID,PO-3772
INV_1065,2026-08-14,822.82,VEND_18,Rekall Solutions,PAID,PO-9281
INV_1066,2026-08-13,947.54,VEND_01,ACME Corp,PAID,PO-8639
INV_1067,2026-08-18,4196.92,VEND_06,Initech Solutions,PAID,PO-2415
INV_1068,2026-08-07,4202.81,VEND_13,Bluth Builders,PAID,PO-7214
INV_1069,2026-08-21,1506.68,VEND_18,Rekall Solutions,PAID,PO-5469
INV_1070,2026-08-06,967.85,VEND_19,Massive Dynamic,PENDING,PO-6818
INV_1071,2026-08-17,1881.7,VEND_34,Omni Consumer,PAID,PO-7318
INV_1072,2026-08-02,2735.95,VEND_14,Los Pollos Dist.,PAID,PO-6606
INV_1073,2026-08-02,2615.04,VEND_14,Los Pollos Dist.,PAID,PO-9471
INV_1074,2026-08-19,3192.46,VEND_31,Frobozz Electric,PENDING,PO-1554
INV_1075,2026-08-07,3536.31,VEND_23,Delos Hospitality,PAID,PO-6516
INV_1076,2026-08-16,4524.6,VEND_12,Hooli Services,PAID,PO-1356
INV_1077,2026-08-11,4065.18,VEND_30,Multi Corp,PENDING,PO-4990
INV_1078,2026-08-06,3644.53,VEND_39,Pawnee Power,PAID,PO-4838
INV_1079,2026-08-22,4680.3,VEND_33,Momcorp Industries,PENDING,PO-1467
INV_1080,2026-08-04,4762.32,VEND_37,Lestrade & Co,PAID,PO-2481
INV_1081,2026-08-08,3985.03,VEND_10,Dunder Supplies,PENDING,PO-1013
INV_1082,2026-08-20,822.71,VEND_12,Hooli Services,PAID,PO-8152
INV_1083,2026-08-08,124.23,VEND_11,Pied Piper Tech,PAID,PO-8738
INV_1084,2026-08-01,1999.11,VEND_21,Oceanic Freight,PAID,PO-7956
INV_1085,2026-08-15,2029.87,VEND_05,Cyberdyne Systems,PAID,PO-4632
INV_1086,2026-08-19,972.98,VEND_16,Sterling Cooper,PENDING,PO-2265
INV_1087,2026-08-17,1227.36,VEND_32,Veridian Dynamics,PAID,PO-6563
INV_1088,2026-08-09,3304.82,VEND_28,InGen Biotech,PAID,PO-5276
INV_1089,2026-08-11,4050.52,VEND_23,Delos Hospitality,PAID,PO-3635
INV_1090,2026-08-07,730.82,VEND_33,Momcorp Industries,PENDING,PO-7921
INV_1091,2026-08-20,367.11,VEND_28,InGen Biotech,PENDING,PO-9225
INV_1092,2026-08-03,3948.92,VEND_28,InGen Biotech,PAID,PO-1113
INV_1093,2026-08-06,4746.19,VEND_38,Bachman Electric,PENDING,PO-8125
INV_1094,2026-08-01,2377.34,VEND_03,Stark Logistics,PAID,PO-5134
INV_1095,2026-08-11,1753.56,VEND_19,Massive Dynamic,PAID,PO-5804
INV_1096,2026-08-07,2143.6,VEND_29,Sirius Cybernetics,PAID,PO-6853
INV_1097,2026-08-23,279.4,VEND_26,Primatech Paper,PAID,PO-3369
INV_1098,2026-08-19,2517.91,VEND_18,Rekall Solutions,PENDING,PO-1665
INV_1099,2026-07-31,1755.09,VEND_20,Buy n Large Corp,PAID,PO-8101
INV_1100,2026-07-30,3988.86,VEND_37,Lestrade & Co,PAID,PO-1800
INV_1101,2026-08-10,2909.35,VEND_14,Los Pollos Dist.,PAID,PO-9217
INV_1102,2026-08-21,324.14,VEND_26,Primatech Paper,PENDING,PO-4393
INV_1103,2026-07-29,3932.05,VEND_09,Vandelay Trading,PAID,PO-4626
INV_1104,2026-08-03,188.56,VEND_21,Oceanic Freight,PENDING,PO-7893
INV_1105,2026-07-28,1780.46,VEND_21,Oceanic Freight,PENDING,PO-4451
INV_1106,2026-08-13,3518.85,VEND_25,Weyland Industries,PAID,PO-8971
INV_1107,2026-08-10,1589.76,VEND_21,Oceanic Freight,PAID,PO-6761
INV_1108,2026-08-15,2214.5,VEND_02,Globex Inc,PAID,PO-7148
INV_1109,2026-08-16,745.32,VEND_39,Pawnee Power,PAID,PO-2812
INV_1110,2026-08-08,2795.34,VEND_23,Delos Hospitality,PAID,PO-6233
INV_1111,2026-08-21,3217.44,VEND_33,Momcorp Industries,PENDING,PO-8600
INV_1112,2026-08-09,4148.08,VEND_29,Sirius Cybernetics,PAID,PO-8602
INV_1113,2026-08-17,944.13,VEND_07,Umbrella Corp,PENDING,PO-4094
INV_1114,2026-08-20,242.3,VEND_15,Prestige Worldwide,PENDING,PO-1374
INV_1115,2026-08-10,3088.08,VEND_11,Pied Piper Tech,PAID,PO-1372
INV_1116,2026-08-03,1681.35,VEND_19,Massive Dynamic,PENDING,PO-5014
INV_1117,2026-08-02,1299.83,VEND_05,Cyberdyne Systems,PENDING,PO-7313
INV_1118,2026-07-29,3936.91,VEND_17,Nakatomi Trading,PAID,PO-8184
INV_1119,2026-08-15,4155.99,VEND_04,Wayne Enterprises,PAID,PO-7544
INV_1120,2026-08-21,4644.21,VEND_29,Sirius Cybernetics,PAID,PO-2831
INV_1121,2026-08-22,927.87,VEND_27,Dharma Provisions,PENDING,PO-4442
INV_1122,2026-08-07,575.92,VEND_05,Cyberdyne Systems,PAID,PO-6610
INV_1123,2026-08-05,3477.05,VEND_22,Wernham Hogg,PAID,PO-1585
INV_1124,2026-08-22,786.1,VEND_34,Omni Consumer,PAID,PO-5771
INV_1125,2026-08-06,4729.48,VEND_11,Pied Piper Tech,PAID,PO-3530
INV_1126,2026-08-20,4045.47,VEND_09,Vandelay Trading,PAID,PO-4734
INV_1127,2026-07-29,4269.5,VEND_38,Bachman Electric,PAID,PO-9332
INV_1128,2026-08-22,4364.14,VEND_34,Omni Consumer,PAID,PO-3553
INV_1129,2026-08-15,4277.79,VEND_21,Oceanic Freight,PAID,PO-9605
INV_1130,2026-08-10,1201.64,VEND_14,Los Pollos Dist.,PAID,PO-6840
INV_1131,2026-08-25,3959.66,VEND_15,Prestige Worldwide,PENDING,PO-2619
INV_1132,2026-08-16,4375.82,VEND_04,Wayne Enterprises,PAID,PO-3993
INV_1133,2026-08-21,4688.03,VEND_16,Sterling Cooper,PAID,PO-5354
INV_1134,2026-07-31,2660.53,VEND_04,Wayne Enterprises,PENDING,PO-8606
INV_1135,2026-08-02,2730.97,VEND_04,Wayne Enterprises,PENDING,PO-2907
INV_1136,2026-08-10,508.59,VEND_13,Bluth Builders,PENDING,PO-5914
INV_1137,2026-08-15,147.05,VEND_28,InGen Biotech,PAID,PO-8475
INV_1138,2026-07-30,1333.56,VEND_27,Dharma Provisions,PAID,PO-9311
INV_1139,2026-08-13,2619.58,VEND_20,Buy n Large Corp,PAID,PO-8209
INV_1140,2026-07-30,4888.42,VEND_12,Hooli Services,PENDING,PO-9122
INV_1141,2026-08-02,976.1,VEND_28,InGen Biotech,PAID,PO-9824
INV_1142,2026-08-01,1048.62,VEND_07,Umbrella Corp,PAID,PO-6243
INV_1143,2026-08-03,2897.94,VEND_10,Dunder Supplies,PAID,PO-3587
INV_1144,2026-08-16,3346.69,VEND_21,Oceanic Freight,PAID,PO-4747
INV_1145,2026-08-06,2412.71,VEND_20,Buy n Large Corp,PAID,PO-8368
INV_1146,2026-08-06,2183.96,VEND_26,Primatech Paper,PAID,PO-7697
INV_1147,2026-08-10,3264.38,VEND_09,Vandelay Trading,PAID,PO-5193
INV_1148,2026-08-07,2834.53,VEND_13,Bluth Builders,PAID,PO-2750
INV_1149,2026-08-15,2402.37,VEND_03,Stark Logistics,PAID,PO-5589
INV_1150,2026-08-17,2971.96,VEND_04,Wayne Enterprises,PAID,PO-8178
INV_1151,2026-08-06,644.05,VEND_09,Vandelay Trading,PAID,PO-3464
INV_1152,2026-08-16,1564.39,VEND_13,Bluth Builders,PAID,PO-9700
INV_1153,2026-08-07,3478.89,VEND_09,Vandelay Trading,PAID,PO-8304
INV_1154,2026-08-21,4434.47,VEND_12,Hooli Services,PAID,PO-4260
INV_1155,2026-08-21,4860.05,VEND_17,Nakatomi Trading,PAID,PO-2952
INV_1156,2026-08-16,395.4,VEND_33,Momcorp Industries,PAID,PO-9827
INV_1157,2026-08-11,1484.97,VEND_22,Wernham Hogg,PAID,PO-2840
INV_1158,2026-08-14,875.3,VEND_33,Momcorp Industries,PAID,PO-2197
INV_1159,2026-08-21,845.81,VEND_22,Wernham Hogg,PENDING,PO-9646
INV_1160,2026-08-24,3493.67,VEND_28,InGen Biotech,PENDING,PO-1309
INV_1161,2026-08-17,3405.24,VEND_21,Oceanic Freight,PAID,PO-3500
INV_1162,2026-08-02,3887.66,VEND_14,Los Pollos Dist.,PAID,PO-3086
INV_1163,2026-08-04,4687.88,VEND_14,Los Pollos Dist.,PAID,PO-7145
INV_1164,2026-07-28,2275.37,VEND_14,Los Pollos Dist.,PAID,PO-4369
INV_1165,2026-08-20,1964.47,VEND_08,Soylent Industries,PAID,PO-3668
INV_1166,2026-08-22,1127.23,VEND_32,Veridian Dynamics,PENDING,PO-4129
INV_1167,2026-08-06,4927.25,VEND_33,Momcorp Industries,PENDING,PO-1264
INV_1168,2026-07-29,1962.14,VEND_27,Dharma Provisions,PAID,PO-2069
INV_1169,2026-08-10,4735.11,VEND_20,Buy n Large Corp,PENDING,PO-1259
INV_1170,2026-08-02,2866.44,VEND_09,Vandelay Trading,PAID,PO-2002
INV_1171,2026-08-18,4031.66,VEND_19,Massive Dynamic,PENDING,PO-3824
INV_1172,2026-08-04,1888.83,VEND_08,Soylent Industries,PAID,PO-7613
INV_1173,2026-08-20,1928.6,VEND_17,Nakatomi Trading,PAID,PO-1466
INV_1174,2026-08-11,267.69,VEND_10,Dunder Supplies,PAID,PO-3591
INV_1175,2026-08-11,758.59,VEND_39,Pawnee Power,PENDING,PO-5208
INV_1176,2026-08-04,1682.09,VEND_35, Freight,PENDING,PO-9074
INV_1177,2026-08-22,4172.34,VEND_37,Lestrade & Co,PAID,PO-4695
INV_1178,2026-08-17,502.73,VEND_07,Umbrella Corp,PAID,PO-5092
INV_1179,2026-08-04,1706.93,VEND_24,Tyrell Systems,PENDING,PO-1786
INV_1180,2026-08-24,1069.69,VEND_12,Hooli Services,PAID,PO-7500
INV_1181,2026-08-06,157.39,VEND_31,Frobozz Electric,PENDING,PO-8407
INV_1182,2026-08-04,2320.65,VEND_17,Nakatomi Trading,PAID,PO-6525
INV_1183,2026-08-05,1350.89,VEND_32,Veridian Dynamics,PAID,PO-9504
INV_1184,2026-08-04,409.28,VEND_24,Tyrell Systems,PAID,PO-2549
INV_1185,2026-08-06,4877.93,VEND_08,Soylent Industries,PAID,PO-6030
INV_1186,2026-08-10,2237.2,VEND_06,Initech Solutions,PAID,PO-3321
INV_1187,2026-08-17,1187.1,VEND_02,Globex Inc,PAID,PO-9692
INV_1188,2026-08-12,330.28,VEND_35, Freight,PAID,PO-7135
INV_1189,2026-08-06,4231.87,VEND_10,Dunder Supplies,PAID,PO-1801
INV_1190,2026-08-11,1552.83,VEND_34,Omni Consumer,PAID,PO-1005
INV_1191,2026-07-29,1331.51,VEND_36,Sorin Systems,PAID,PO-1970
INV_1192,2026-08-23,2110.84,VEND_10,Dunder Supplies,PENDING,PO-3612
INV_1193,2026-07-29,1208.89,VEND_18,Rekall Solutions,PAID,PO-4372
INV_1194,2026-08-14,797.8,VEND_18,Rekall Solutions,PAID,PO-9589
INV_1195,2026-08-01,3881.12,VEND_39,Pawnee Power,PAID,PO-9867
INV_1196,2026-08-22,4340.98,VEND_32,Veridian Dynamics,PAID,PO-6940
INV_1197,2026-08-11,377.6,VEND_07,Umbrella Corp,PAID,PO-9320
INV_1198,2026-08-07,2156.26,VEND_17,Nakatomi Trading,PAID,PO-9109
INV_1199,2026-08-12,2847.29,VEND_37,Lestrade & Co,PAID,PO-2766
INV_1200,2026-08-17,4207.21,VEND_07,Umbrella Corp,PAID,PO-7911
INV_1201,2026-08-19,3747.49,VEND_28,InGen Biotech,PAID,PO-6389
INV_1202,2026-08-01,1532.16,VEND_27,Dharma Provisions,PAID,PO-6636
INV_1203,2026-08-06,2345.2,VEND_17,Nakatomi Trading,PAID,PO-7575
INV_1204,2026-08-04,1651.02,VEND_20,Buy n Large Corp,PAID,PO-9146
INV_1205,2026-08-14,1817.91,VEND_29,Sirius Cybernetics,PAID,PO-1260
INV_1206,2026-08-01,1029.97,VEND_20,Buy n Large Corp,PAID,PO-7520
INV_1207,2026-08-16,3508.62,VEND_13,Bluth Builders,PAID,PO-3388
INV_1208,2026-08-09,4997.25,VEND_29,Sirius Cybernetics,PAID,PO-1431
INV_1209,2026-08-14,1199.9,VEND_15,Prestige Worldwide,PAID,PO-1203
INV_1210,2026-08-06,1294.03,VEND_02,Globex Inc,PENDING,PO-4149
INV_1211,2026-08-10,1011.68,VEND_34,Omni Consumer,PAID,PO-6963
INV_1212,2026-08-06,1668.76,VEND_23,Delos Hospitality,PAID,PO-2583
INV_1213,2026-08-21,4928.97,VEND_31,Frobozz Electric,PAID,PO-6707
INV_1214,2026-08-18,3540.51,VEND_36,Sorin Systems,PAID,PO-8540
INV_1215,2026-08-03,208.36,VEND_29,Sirius Cybernetics,PENDING,PO-3422
INV_1216,2026-08-02,3441.83,VEND_05,Cyberdyne Systems,PENDING,PO-8058
INV_1217,2026-08-20,3845.39,VEND_09,Vandelay Trading,PAID,PO-6415
INV_1218,2026-08-19,2975.68,VEND_01,ACME Corp,PAID,PO-2163
INV_1219,2026-08-18,411.78,VEND_27,Dharma Provisions,PAID,PO-3969
INV_1220,2026-07-31,3282.09,VEND_32,Veridian Dynamics,PENDING,PO-7347
INV_1221,2026-08-25,2097.11,VEND_31,Frobozz Electric,PAID,PO-6818
INV_1222,2026-08-02,3565.59,VEND_17,Nakatomi Trading,PAID,PO-4713
INV_1223,2026-08-14,1363.06,VEND_39,Pawnee Power,PAID,PO-3760
INV_1224,2026-07-29,4821.64,VEND_34,Omni Consumer,PAID,PO-7141
INV_1225,2026-07-29,4782.99,VEND_13,Bluth Builders,PAID,PO-6656
INV_1226,2026-07-31,4373.28,VEND_10,Dunder Supplies,PAID,PO-9312
INV_1227,2026-07-31,4090.37,VEND_29,Sirius Cybernetics,PAID,PO-6106
INV_1228,2026-08-09,628.1,VEND_12,Hooli Services,PENDING,PO-4164
INV_1229,2026-08-15,4175.67,VEND_29,Sirius Cybernetics,PAID,PO-6991
INV_1230,2026-08-02,1273.31,VEND_32,Veridian Dynamics,PAID,PO-8871
INV_1231,2026-08-23,4233.65,VEND_38,Bachman Electric,PENDING,PO-9951
INV_1232,2026-08-06,4726.81,VEND_28,InGen Biotech,PAID,PO-9048
INV_1233,2026-08-01,1675.42,VEND_31,Frobozz Electric,PAID,PO-9643
INV_1234,2026-07-28,1021.59,VEND_06,Initech Solutions,PAID,PO-6138
INV_1235,2026-08-21,334.98,VEND_02,Globex Inc,PAID,PO-8107
INV_1236,2026-08-23,2591.04,VEND_12,Hooli Services,PAID,PO-2616
INV_1237,2026-08-13,4754.83,VEND_15,Prestige Worldwide,PENDING,PO-4387
INV_1238,2026-08-18,3238.06,VEND_01,ACME Corp,PAID,PO-1077
INV_1239,2026-08-10,4596.16,VEND_26,Primatech Paper,PAID,PO-7927
INV_1240,2026-08-19,2895.64,VEND_20,Buy n Large Corp,PENDING,PO-1167
INV_1241,2026-08-24,2492.26,VEND_39,Pawnee Power,PENDING,PO-3111
INV_1242,2026-08-18,3478.55,VEND_05,Cyberdyne Systems,PAID,PO-4004
INV_1243,2026-08-12,1495.55,VEND_19,Massive Dynamic,PAID,PO-7470
INV_1244,2026-08-02,4756.02,VEND_36,Sorin Systems,PAID,PO-8683
INV_1245,2026-08-15,635.79,VEND_15,Prestige Worldwide,PAID,PO-4960
INV_1246,2026-08-13,3115.07,VEND_29,Sirius Cybernetics,PAID,PO-4447
INV_1247,2026-08-21,1657.81,VEND_37,Lestrade & Co,PAID,PO-6736
INV_1248,2026-08-12,1083.18,VEND_04,Wayne Enterprises,PAID,PO-4690
INV_1249,2026-08-02,3173.35,VEND_22,Wernham Hogg,PAID,PO-5026
INV_1250,2026-08-17,2689.93,VEND_36,Sorin Systems,PAID,PO-2824
INV_1251,2026-08-20,419.14,VEND_34,Omni Consumer,PAID,PO-7068
INV_1252,2026-08-01,803.08,VEND_07,Umbrella Corp,PAID,PO-7349
INV_1253,2026-08-20,2878.08,VEND_15,Prestige Worldwide,PAID,PO-1324
INV_1254,2026-08-16,4137.59,VEND_31,Frobozz Electric,PENDING,PO-8367
INV_1255,2026-08-20,1264.58,VEND_32,Veridian Dynamics,PENDING,PO-3509
INV_1256,2026-08-13,2728.63,VEND_24,Tyrell Systems,PENDING,PO-5214
INV_1257,2026-08-05,1903.58,VEND_02,Globex Inc,PENDING,PO-7723
INV_1258,2026-08-08,1119.69,VEND_26,Primatech Paper,PENDING,PO-7364
INV_1259,2026-08-10,1881.45,VEND_21,Oceanic Freight,PAID,PO-5030
INV_1260,2026-08-02,3591.69,VEND_37,Lestrade & Co,PAID,PO-8591
INV_1261,2026-08-14,4325.95,VEND_27,Dharma Provisions,PAID,PO-8704
INV_1262,2026-08-18,2119.38,VEND_13,Bluth Builders,PENDING,PO-9478
INV_1263,2026-08-09,983.54,VEND_29,Sirius Cybernetics,PAID,PO-5478
INV_1264,2026-08-22,3435.09,VEND_10,Dunder Supplies,PAID,PO-7738
INV_1265,2026-08-06,2396.04,VEND_09,Vandelay Trading,PAID,PO-2590
INV_1266,2026-08-25,420.26,VEND_02,Globex Inc,PAID,PO-6844
INV_1267,2026-08-02,3743.56,VEND_14,Los Pollos Dist.,PAID,PO-8317
INV_1268,2026-08-11,1759.24,VEND_12,Hooli Services,PAID,PO-3490
INV_1269,2026-08-01,2134.41,VEND_35, Freight,PENDING,PO-5607
INV_1270,2026-08-11,575.64,VEND_03,Stark Logistics,PAID,PO-1326
INV_1271,2026-08-15,3471.8,VEND_24,Tyrell Systems,PAID,PO-9057
INV_1272,2026-08-20,2877.24,VEND_22,Wernham Hogg,PAID,PO-7449
INV_1273,2026-08-04,643.76,VEND_13,Bluth Builders,PAID,PO-9105
INV_1274,2026-07-29,3147.12,VEND_38,Bachman Electric,PAID,PO-9411
INV_1275,2026-08-10,298.23,VEND_30,Multi Corp,PAID,PO-1174
INV_1276,2026-08-08,2003.15,VEND_18,Rekall Solutions,PENDING,PO-7671
INV_1277,2026-08-19,1776.43,VEND_23,Delos Hospitality,PAID,PO-5369
INV_1278,2026-08-02,1290.51,VEND_12,Hooli Services,PAID,PO-2235
INV_1279,2026-07-27,3643.22,VEND_22,Wernham Hogg,PENDING,PO-6421
INV_1280,2026-08-24,3358.2,VEND_40,Gekko Capital,PAID,PO-4040
INV_1281,2026-08-06,1130.07,VEND_06,Initech Solutions,PENDING,PO-4232
INV_1282,2026-08-18,4940.85,VEND_39,Pawnee Power,PAID,PO-8250
INV_1283,2026-08-01,2587.16,VEND_06,Initech Solutions,PAID,PO-3031
INV_1284,2026-08-21,3832.17,VEND_13,Bluth Builders,PAID,PO-7466
INV_1285,2026-08-18,4196.6,VEND_19,Massive Dynamic,PAID,PO-7988
INV_1286,2026-08-06,4139.9,VEND_16,Sterling Cooper,PAID,PO-3642
INV_1287,2026-07-30,401.94,VEND_32,Veridian Dynamics,PAID,PO-8306
INV_1288,2026-08-09,3520.57,VEND_39,Pawnee Power,PENDING,PO-6867
INV_1289,2026-08-08,2774.99,VEND_13,Bluth Builders,PENDING,PO-8617
INV_1290,2026-08-13,1689.4,VEND_26,Primatech Paper,PENDING,PO-7874
INV_1291,2026-07-29,4379.47,VEND_21,Oceanic Freight,PAID,PO-8116
INV_1292,2026-08-05,564.75,VEND_26,Primatech Paper,PAID,PO-9148
INV_1293,2026-08-08,875.75,VEND_36,Sorin Systems,PENDING,PO-8091
INV_1294,2026-08-13,4741.92,VEND_11,Pied Piper Tech,PAID,PO-6296
INV_1295,2026-08-19,2435.83,VEND_19,Massive Dynamic,PAID,PO-7821
INV_1296,2026-08-13,163.54,VEND_20,Buy n Large Corp,PENDING,PO-2996
INV_1297,2026-08-18,734.2,VEND_19,Massive Dynamic,PAID,PO-8758
INV_1298,2026-07-31,186.78,VEND_24,Tyrell Systems,PAID,PO-6120
INV_1299,2026-08-16,4587.12,VEND_31,Frobozz Electric,PAID,PO-4184
INV_1300,2026-08-03,4830.82,VEND_37,Lestrade & Co,PAID,PO-9005
INV_1301,2026-08-09,3775.94,VEND_40,Gekko Capital,PAID,PO-2096
INV_1302,2026-08-13,2008.92,VEND_13,Bluth Builders,PAID,PO-1967
INV_1303,2026-08-15,4427.75,VEND_13,Bluth Builders,PAID,PO-5843
INV_1304,2026-08-22,396.76,VEND_13,Bluth Builders,PENDING,PO-7930
INV_1305,2026-08-20,4111.07,VEND_01,ACME Corp,PAID,PO-1472
INV_1306,2026-08-19,3255.54,VEND_27,Dharma Provisions,PENDING,PO-7259
INV_1307,2026-08-15,869.19,VEND_29,Sirius Cybernetics,PENDING,PO-5521
INV_1308,2026-08-04,3560.85,VEND_30,Multi Corp,PAID,PO-3030
INV_1309,2026-07-29,4351.91,VEND_36,Sorin Systems,PAID,PO-8114
INV_1310,2026-07-28,3253.74,VEND_21,Oceanic Freight,PAID,PO-3160
INV_1311,2026-08-14,413.0,VEND_05,Cyberdyne Systems,PAID,PO-2505
INV_1312,2026-08-24,1865.55,VEND_23,Delos Hospitality,PENDING,PO-7562
INV_1313,2026-08-16,404.54,VEND_27,Dharma Provisions,PAID,PO-4395
INV_1314,2026-08-10,879.4,VEND_17,Nakatomi Trading,PAID,PO-1859
INV_1315,2026-08-19,4230.18,VEND_15,Prestige Worldwide,PAID,PO-3255
INV_1316,2026-08-16,1665.35,VEND_25,Weyland Industries,PAID,PO-9064
INV_1317,2026-07-27,3381.25,VEND_27,Dharma Provisions,PAID,PO-4421
INV_1318,2026-08-05,2955.42,VEND_01,ACME Corp,PAID,PO-7507
INV_1319,2026-08-04,846.05,VEND_01,ACME Corp,PAID,PO-9370
INV_1320,2026-08-11,883.33,VEND_13,Bluth Builders,PAID,PO-5265
INV_1321,2026-08-08,683.92,VEND_19,Massive Dynamic,PENDING,PO-4352
INV_1322,2026-08-04,652.2,VEND_25,Weyland Industries,PAID,PO-5892
INV_1323,2026-08-22,3403.61,VEND_38,Bachman Electric,PAID,PO-5134
INV_1324,2026-08-07,1111.13,VEND_25,Weyland Industries,PAID,PO-9055
INV_1325,2026-08-07,480.6,VEND_07,Umbrella Corp,PAID,PO-5493
INV_1326,2026-08-21,4394.58,VEND_05,Cyberdyne Systems,PAID,PO-2967
INV_1327,2026-08-09,795.01,VEND_30,Multi Corp,PENDING,PO-3860
INV_1328,2026-07-29,651.68,VEND_16,Sterling Cooper,PAID,PO-1369
INV_1329,2026-08-22,2859.83,VEND_05,Cyberdyne Systems,PENDING,PO-7183
INV_1330,2026-07-31,282.09,VEND_28,InGen Biotech,PAID,PO-2032
INV_1331,2026-08-22,4394.24,VEND_19,Massive Dynamic,PAID,PO-5455
INV_1332,2026-07-31,4380.25,VEND_28,InGen Biotech,PAID,PO-5694
INV_1333,2026-08-10,533.24,VEND_24,Tyrell Systems,PAID,PO-7082
INV_1334,2026-08-20,2800.02,VEND_10,Dunder Supplies,PAID,PO-7582
INV_1335,2026-08-08,2390.67,VEND_23,Delos Hospitality,PENDING,PO-6903
INV_1336,2026-08-20,2386.12,VEND_35, Freight,PAID,PO-9296
INV_1337,2026-08-18,2042.12,VEND_27,Dharma Provisions,PAID,PO-1066
INV_1338,2026-08-06,4679.08,VEND_11,Pied Piper Tech,PENDING,PO-2915
INV_1339,2026-08-07,3686.09,VEND_24,Tyrell Systems,PAID,PO-6752
INV_1340,2026-08-22,2099.19,VEND_07,Umbrella Corp,PAID,PO-1009
INV_1341,2026-08-21,4755.54,VEND_16,Sterling Cooper,PAID,PO-4129
INV_1342,2026-07-31,179.48,VEND_19,Massive Dynamic,PAID,PO-5152
INV_1343,2026-08-10,4759.96,VEND_28,InGen Biotech,PAID,PO-6622
INV_1344,2026-08-09,1937.09,VEND_20,Buy n Large Corp,PAID,PO-9050
INV_1345,2026-07-29,2549.97,VEND_23,Delos Hospitality,PAID,PO-7925
INV_1346,2026-08-08,289.49,VEND_32,Veridian Dynamics,PAID,PO-2359
INV_1347,2026-08-06,3648.97,VEND_07,Umbrella Corp,PENDING,PO-1562
INV_1348,2026-08-10,1618.09,VEND_29,Sirius Cybernetics,PAID,PO-1462
INV_1349,2026-08-12,2277.71,VEND_33,Momcorp Industries,PENDING,PO-9776
INV_1350,2026-08-17,3649.22,VEND_17,Nakatomi Trading,PAID,PO-8401
INV_1351,2026-08-09,4282.42,VEND_03,Stark Logistics,PAID,PO-2258
INV_1352,2026-08-24,3303.97,VEND_12,Hooli Services,PAID,PO-6571
INV_1353,2026-08-21,2959.49,VEND_32,Veridian Dynamics,PAID,PO-3694
INV_1354,2026-08-02,746.8,VEND_39,Pawnee Power,PENDING,PO-1336
INV_1355,2026-08-19,2673.36,VEND_24,Tyrell Systems,PAID,PO-5569
INV_1356,2026-08-11,2830.68,VEND_28,InGen Biotech,PENDING,PO-7575
INV_1357,2026-08-12,4604.44,VEND_09,Vandelay Trading,PAID,PO-4219
INV_1358,2026-08-14,3333.32,VEND_35, Freight,PAID,PO-7770
INV_1359,2026-07-31,2842.37,VEND_15,Prestige Worldwide,PAID,PO-7092
INV_1360,2026-07-28,2599.96,VEND_01,ACME Corp,PAID,PO-5969
INV_1361,2026-08-03,3353.78,VEND_31,Frobozz Electric,PAID,PO-3393
INV_1362,2026-08-17,722.08,VEND_33,Momcorp Industries,PAID,PO-3698
INV_1363,2026-08-06,3172.01,VEND_27,Dharma Provisions,PAID,PO-7658
INV_1364,2026-07-30,1043.77,VEND_24,Tyrell Systems,PAID,PO-8853
INV_1365,2026-08-20,870.7,VEND_39,Pawnee Power,PENDING,PO-1506
INV_1366,2026-08-13,425.04,VEND_06,Initech Solutions,PAID,PO-5544
INV_1367,2026-08-10,1476.08,VEND_22,Wernham Hogg,PAID,PO-8699
INV_1368,2026-08-16,3036.78,VEND_37,Lestrade & Co,PAID,PO-9728
INV_1369,2026-08-14,3120.2,VEND_05,Cyberdyne Systems,PAID,PO-9413
INV_1370,2026-08-05,1633.95,VEND_21,Oceanic Freight,PAID,PO-6488
INV_1371,2026-08-15,3412.89,VEND_18,Rekall Solutions,PAID,PO-5833
INV_1372,2026-08-05,3466.81,VEND_24,Tyrell Systems,PENDING,PO-9521
INV_1373,2026-08-03,674.33,VEND_19,Massive Dynamic,PAID,PO-9142
INV_1374,2026-08-14,2733.3,VEND_10,Dunder Supplies,PENDING,PO-7440
INV_1375,2026-08-15,2959.56,VEND_18,Rekall Solutions,PAID,PO-8007
INV_1376,2026-08-18,4910.31,VEND_39,Pawnee Power,PAID,PO-3289
INV_1377,2026-08-05,702.29,VEND_04,Wayne Enterprises,PAID,PO-3087
INV_1378,2026-08-16,393.41,VEND_08,Soylent Industries,PENDING,PO-4943
INV_1379,2026-08-03,1180.14,VEND_39,Pawnee Power,PAID,PO-4872
INV_1380,2026-08-01,212.47,VEND_38,Bachman Electric,PAID,PO-9875
INV_1381,2026-08-17,185.46,VEND_11,Pied Piper Tech,PENDING,PO-3040
INV_1382,2026-08-02,1306.35,VEND_27,Dharma Provisions,PAID,PO-4610
INV_1383,2026-08-04,626.2,VEND_16,Sterling Cooper,PENDING,PO-8309
INV_1384,2026-08-05,1237.69,VEND_06,Initech Solutions,PENDING,PO-7228
INV_1385,2026-07-27,2752.2,VEND_18,Rekall Solutions,PAID,PO-6276
INV_1386,2026-07-30,2545.26,VEND_40,Gekko Capital,PAID,PO-3367
INV_1387,2026-08-21,479.05,VEND_25,Weyland Industries,PAID,PO-6787
INV_1388,2026-08-09,1443.29,VEND_19,Massive Dynamic,PAID,PO-4998
INV_1389,2026-08-16,3518.15,VEND_29,Sirius Cybernetics,PAID,PO-6890
INV_1390,2026-07-31,2243.08,VEND_23,Delos Hospitality,PENDING,PO-3590
INV_1391,2026-08-04,1173.77,VEND_38,Bachman Electric,PAID,PO-7249
INV_1392,2026-07-31,3115.7,VEND_36,Sorin Systems,PENDING,PO-3441
INV_1393,2026-08-07,794.01,VEND_28,InGen Biotech,PAID,PO-9528
INV_1394,2026-08-01,1235.9,VEND_06,Initech Solutions,PAID,PO-9977
INV_1395,2026-08-05,3052.91,VEND_05,Cyberdyne Systems,PAID,PO-8578
INV_1396,2026-08-15,4085.2,VEND_33,Momcorp Industries,PAID,PO-8685
INV_1397,2026-08-18,3937.47,VEND_30,Multi Corp,PAID,PO-3655
INV_1398,2026-08-18,3069.45,VEND_03,Stark Logistics,PENDING,PO-9665
INV_1399,2026-08-21,2500.79,VEND_26,Primatech Paper,PENDING,PO-9514
INV_1400,2026-08-09,3953.29,VEND_37,Lestrade & Co,PENDING,PO-3734
INV_1401,2026-08-12,4303.84,VEND_09,Vandelay Trading,PAID,PO-5889
INV_1402,2026-08-03,3061.54,VEND_27,Dharma Provisions,PAID,PO-8982
INV_1403,2026-08-05,3776.53,VEND_14,Los Pollos Dist.,PENDING,PO-3291
INV_1404,2026-08-19,3989.43,VEND_26,Primatech Paper,PENDING,PO-5143
INV_1405,2026-08-12,2056.27,VEND_30,Multi Corp,PAID,PO-5020
INV_1406,2026-08-01,4495.49,VEND_07,Umbrella Corp,PENDING,PO-8100
INV_1407,2026-08-02,3031.36,VEND_23,Delos Hospitality,PENDING,PO-2110
INV_1408,2026-08-11,1724.12,VEND_20,Buy n Large Corp,PAID,PO-5417
INV_1409,2026-07-29,220.95,VEND_14,Los Pollos Dist.,PENDING,PO-6472
INV_1410,2026-08-25,3103.34,VEND_23,Delos Hospitality,PAID,PO-8182
INV_1411,2026-08-11,1717.75,VEND_29,Sirius Cybernetics,PAID,PO-4216
INV_1412,2026-07-31,3122.68,VEND_18,Rekall Solutions,PAID,PO-3178
INV_1413,2026-08-04,2191.87,VEND_37,Lestrade & Co,PAID,PO-1613
INV_1414,2026-08-03,4631.63,VEND_32,Veridian Dynamics,PAID,PO-8682
INV_1415,2026-08-06,2927.51,VEND_36,Sorin Systems,PAID,PO-9520
INV_1416,2026-08-21,1466.93,VEND_39,Pawnee Power,PENDING,PO-8919
INV_1417,2026-08-05,2375.3,VEND_10,Dunder Supplies,PENDING,PO-7551
INV_1418,2026-08-10,2876.21,VEND_20,Buy n Large Corp,PAID,PO-6143
INV_1419,2026-08-01,2234.55,VEND_28,InGen Biotech,PAID,PO-7068
INV_1420,2026-07-31,1609.24,VEND_32,Veridian Dynamics,PENDING,PO-4852
INV_1421,2026-08-05,1291.86,VEND_11,Pied Piper Tech,PENDING,PO-2357
INV_1422,2026-08-03,502.26,VEND_01,ACME Corp,PAID,PO-1841
INV_1423,2026-08-10,3425.82,VEND_23,Delos Hospitality,PAID,PO-6409
INV_1424,2026-08-02,290.82,VEND_38,Bachman Electric,PAID,PO-7403
INV_1425,2026-07-31,4175.83,VEND_19,Massive Dynamic,PAID,PO-9435
INV_1426,2026-08-01,2532.44,VEND_15,Prestige Worldwide,PAID,PO-8744
INV_1427,2026-08-22,2317.29,VEND_33,Momcorp Industries,PENDING,PO-4852
INV_1428,2026-08-22,4924.53,VEND_20,Buy n Large Corp,PAID,PO-3543
INV_1429,2026-07-29,489.32,VEND_38,Bachman Electric,PAID,PO-3446
INV_1430,2026-08-20,459.87,VEND_22,Wernham Hogg,PENDING,PO-7715
INV_1431,2026-08-02,4656.38,VEND_36,Sorin Systems,PENDING,PO-1554
INV_1432,2026-08-09,867.0,VEND_13,Bluth Builders,PENDING,PO-4056
INV_1433,2026-08-12,751.23,VEND_21,Oceanic Freight,PAID,PO-1121
INV_1434,2026-08-23,904.48,VEND_17,Nakatomi Trading,PAID,PO-1688
INV_1435,2026-08-21,984.51,VEND_03,Stark Logistics,PAID,PO-6524
INV_1436,2026-07-27,612.53,VEND_33,Momcorp Industries,PAID,PO-9697
INV_1437,2026-08-12,4458.97,VEND_38,Bachman Electric,PENDING,PO-9964
INV_1438,2026-08-06,2740.08,VEND_30,Multi Corp,PAID,PO-8774
INV_1439,2026-08-03,3375.32,VEND_38,Bachman Electric,PAID,PO-1664
INV_1440,2026-08-07,4764.84,VEND_29,Sirius Cybernetics,PAID,PO-5483
INV_1441,2026-08-15,4090.68,VEND_35, Freight,PAID,PO-9136
INV_1442,2026-08-17,1145.73,VEND_36,Sorin Systems,PENDING,PO-6383
INV_1443,2026-08-03,2770.81,VEND_13,Bluth Builders,PAID,PO-8862
INV_1444,2026-07-29,587.35,VEND_17,Nakatomi Trading,PENDING,PO-3651
INV_1445,2026-08-09,1616.51,VEND_35, Freight,PAID,PO-2989
INV_1446,2026-08-04,4829.2,VEND_08,Soylent Industries,PENDING,PO-9368
INV_1447,2026-08-03,2458.09,VEND_40,Gekko Capital,PAID,PO-3890
INV_1448,2026-08-08,4052.35,VEND_35, Freight,PAID,PO-2039
INV_1449,2026-08-04,814.48,VEND_11,Pied Piper Tech,PENDING,PO-6757
INV_1450,2026-07-27,1766.89,VEND_25,Weyland Industries,PENDING,PO-4479
INV_1451,2026-08-05,1031.7,VEND_31,Frobozz Electric,PAID,PO-9099
INV_1452,2026-08-17,3877.11,VEND_25,Weyland Industries,PAID,PO-8420
INV_1453,2026-08-20,1759.76,VEND_01,ACME Corp,PAID,PO-3224
INV_1454,2026-08-11,2522.29,VEND_36,Sorin Systems,PAID,PO-6194
INV_1455,2026-08-01,1475.27,VEND_27,Dharma Provisions,PAID,PO-5912
INV_1456,2026-08-12,211.39,VEND_19,Massive Dynamic,PAID,PO-6939
INV_1457,2026-08-03,566.27,VEND_17,Nakatomi Trading,PAID,PO-4478
INV_1458,2026-08-14,4021.82,VEND_15,Prestige Worldwide,PAID,PO-9993
INV_1459,2026-08-18,4364.47,VEND_35, Freight,PENDING,PO-1667
INV_1460,2026-08-09,4602.31,VEND_27,Dharma Provisions,PAID,PO-2126
INV_1461,2026-07-31,2399.19,VEND_24,Tyrell Systems,PAID,PO-2343
INV_1462,2026-08-10,925.06,VEND_37,Lestrade & Co,PENDING,PO-4578
INV_1463,2026-08-14,1269.07,VEND_27,Dharma Provisions,PAID,PO-9071
INV_1464,2026-08-16,1265.77,VEND_28,InGen Biotech,PAID,PO-6640
INV_1465,2026-08-03,2082.15,VEND_38,Bachman Electric,PAID,PO-7884
INV_1466,2026-08-07,3276.85,VEND_32,Veridian Dynamics,PAID,PO-3100
INV_1467,2026-08-18,1003.35,VEND_38,Bachman Electric,PAID,PO-5095
INV_1468,2026-08-22,328.16,VEND_05,Cyberdyne Systems,PAID,PO-2845
INV_1469,2026-07-31,2125.44,VEND_22,Wernham Hogg,PAID,PO-6326
INV_1470,2026-08-12,1955.75,VEND_34,Omni Consumer,PAID,PO-4387
INV_1471,2026-08-13,339.77,VEND_01,ACME Corp,PENDING,PO-9589
INV_1472,2026-08-08,1098.82,VEND_08,Soylent Industries,PENDING,PO-1225
INV_1473,2026-08-13,3949.91,VEND_34,Omni Consumer,PAID,PO-8362
INV_1474,2026-08-07,886.25,VEND_15,Prestige Worldwide,PENDING,PO-7300
INV_1475,2026-08-01,1411.61,VEND_24,Tyrell Systems,PAID,PO-7614
INV_1476,2026-07-30,408.54,VEND_07,Umbrella Corp,PAID,PO-9143
INV_1477,2026-08-12,116.52,VEND_02,Globex Inc,PENDING,PO-6591
INV_1478,2026-07-28,2456.99,VEND_12,Hooli Services,PAID,PO-5455
INV_1479,2026-08-17,2863.71,VEND_07,Umbrella Corp,PAID,PO-1750
INV_1480,2026-08-07,1848.72,VEND_16,Sterling Cooper,PAID,PO-2249
INV_1481,2026-08-02,2388.71,VEND_35, Freight,PENDING,PO-3223
INV_1482,2026-08-07,3716.32,VEND_14,Los Pollos Dist.,PENDING,PO-2970
INV_1483,2026-08-07,3250.79,VEND_29,Sirius Cybernetics,PAID,PO-2532
INV_1484,2026-08-24,1326.55,VEND_39,Pawnee Power,PAID,PO-8798
INV_1485,2026-08-22,1457.7,VEND_11,Pied Piper Tech,PENDING,PO-4544
INV_1486,2026-08-24,2117.86,VEND_22,Wernham Hogg,PAID,PO-1001
INV_1487,2026-08-12,3512.26,VEND_23,Delos Hospitality,PAID,PO-2597
INV_1488,2026-08-06,3713.63,VEND_12,Hooli Services,PAID,PO-8550
INV_1489,2026-07-31,3342.14,VEND_15,Prestige Worldwide,PAID,PO-5908
INV_1490,2026-08-21,2215.93,VEND_05,Cyberdyne Systems,PAID,PO-7136
INV_1491,2026-08-05,458.74,VEND_27,Dharma Provisions,PAID,PO-9523
INV_1492,2026-08-11,871.25,VEND_39,Pawnee Power,PENDING,PO-3820
INV_1493,2026-08-18,4199.78,VEND_29,Sirius Cybernetics,PAID,PO-4215
INV_1494,2026-07-30,4003.35,VEND_09,Vandelay Trading,PAID,PO-8853
INV_1495,2026-08-07,4549.21,VEND_33,Momcorp Industries,PAID,PO-9831
INV_1496,2026-08-15,509.48,VEND_34,Omni Consumer,PAID,PO-3921
INV_1497,2026-08-19,3217.62,VEND_34,Omni Consumer,PAID,PO-6273
INV_1498,2026-08-14,906.71,VEND_18,Rekall Solutions,PAID,PO-1396
INV_1499,2026-08-25,3221.49,VEND_06,Initech Solutions,PENDING,PO-9831
INV_1500,2026-08-18,1920.54,VEND_39,Pawnee Power,PAID,PO-7210
INV_1501,2026-08-04,880.44,VEND_35, Freight,PENDING,PO-5705
INV_1502,2026-08-17,3649.99,VEND_32,Veridian Dynamics,PENDING,PO-2255
INV_1503,2026-08-06,3314.99,VEND_10,Dunder Supplies,PENDING,PO-5734
INV_1504,2026-08-20,3174.41,VEND_33,Momcorp Industries,PENDING,PO-6146
INV_1505,2026-08-16,257.49,VEND_25,Weyland Industries,PENDING,PO-8121
INV_1506,2026-08-01,272.17,VEND_30,Multi Corp,PENDING,PO-1800
INV_1507,2026-08-09,3554.59,VEND_01,ACME Corp,PENDING,PO-7191
INV_1508,2026-08-21,1431.81,VEND_23,Delos Hospitality,PENDING,PO-6922
INV_1509,2026-08-09,2167.14,VEND_34,Omni Consumer,PENDING,PO-7638
INV_1510,2026-08-19,579.48,VEND_25,Weyland Industries,PENDING,PO-7766
INV_1511,2026-08-09,2095.56,VEND_10,Dunder Supplies,PENDING,PO-6269
INV_1512,2026-08-02,1528.22,VEND_24,Tyrell Systems,PENDING,PO-3789
INV_1513,2026-08-13,2945.44,VEND_37,Lestrade & Co,PENDING,PO-1645
INV_1514,2026-08-02,1686.25,VEND_31,Frobozz Electric,PENDING,PO-4938
INV_1515,2026-08-20,3438.5,VEND_27,Dharma Provisions,PENDING,PO-8537
INV_1516,2026-08-12,3167.44,VEND_40,Gekko Capital,PENDING,PO-1278
INV_1517,2026-08-21,3817.11,VEND_40,Gekko Capital,PENDING,PO-9615
INV_1518,2026-08-05,351.61,VEND_12,Hooli Services,PENDING,PO-5387
INV_1519,2026-08-04,3474.48,VEND_04,Wayne Enterprises,PENDING,PO-5142
INV_1520,2026-08-04,3571.8,VEND_34,Omni Consumer,PENDING,PO-9671
INV_1521,2026-08-09,2539.76,VEND_01,ACME Corp,PENDING,PO-5237
INV_1522,2026-08-18,3798.94,VEND_12,Hooli Services,PENDING,PO-9166
INV_1523,2026-08-17,856.04,VEND_16,Sterling Cooper,PENDING,PO-4075
INV_1524,2026-08-21,350.25,VEND_34,Omni Consumer,PENDING,PO-5387
INV_1525,2026-08-05,2724.7,VEND_16,Sterling Cooper,PENDING,PO-3318
INV_1526,2026-08-20,2743.82,VEND_26,Primatech Paper,PENDING,PO-3799
INV_1527,2026-08-19,2616.23,VEND_34,Omni Consumer,PENDING,PO-6038
INV_1528,2026-08-10,718.51,VEND_27,Dharma Provisions,PENDING,PO-4976
INV_1529,2026-08-05,1536.2,VEND_27,Dharma Provisions,PENDING,PO-9656
INV_1530,2026-08-07,505.96,VEND_28,InGen Biotech,PENDING,PO-5126
INV_1531,2026-08-15,3506.43,VEND_06,Initech Solutions,PENDING,PO-7392
INV_1532,2026-08-21,1620.54,VEND_19,Massive Dynamic,PENDING,PO-6811
INV_1533,2026-08-10,3478.47,VEND_24,Tyrell Systems,PENDING,PO-1693
INV_1534,2026-08-13,3175.77,VEND_12,Hooli Services,PENDING,PO-7046
INV_1535,2026-08-18,2764.42,VEND_22,Wernham Hogg,PENDING,PO-5814
INV_1536,2026-08-01,2707.79,VEND_13,Bluth Builders,PENDING,PO-8697
INV_1537,2026-08-10,1703.65,VEND_25,Weyland Industries,PENDING,PO-5584
INV_1538,2026-08-17,2345.27,VEND_19,Massive Dynamic,PENDING,PO-9689
INV_1539,2026-08-01,3110.94,VEND_33,Momcorp Industries,PENDING,PO-2785
INV_1540,2026-08-08,2268.75,VEND_24,Tyrell Systems,PENDING,PO-9207
INV_1541,2026-08-06,3338.62,VEND_34,Omni Consumer,PENDING,PO-5512
INV_1542,2026-08-05,1916.16,VEND_22,Wernham Hogg,PENDING,PO-2008
INV_1543,2026-08-02,1229.82,VEND_22,Wernham Hogg,PENDING,PO-1942
INV_1544,2026-08-08,898.1,VEND_19,Massive Dynamic,PENDING,PO-4541
INV_1545,2026-08-12,857.88,VEND_14,Los Pollos Dist.,PENDING,PO-9621
INV_1546,2026-08-19,1328.79,VEND_17,Nakatomi Trading,PENDING,PO-3001
INV_1547,2026-08-08,3246.15,VEND_26,Primatech Paper,PENDING,PO-2674
INV_1548,2026-08-04,2874.09,VEND_06,Initech Solutions,PENDING,PO-8450
INV_1549,2026-08-15,2912.88,VEND_34,Omni Consumer,PENDING,PO-3027
INV_1550,2026-08-02,2465.18,VEND_35, Freight,PENDING,PO-4254
INV_1551,2026-08-19,456.53,VEND_16,Sterling Cooper,PENDING,PO-4243
INV_1552,2026-08-07,625.36,VEND_32,Veridian Dynamics,PENDING,PO-6292
INV_1553,2026-08-02,3541.29,VEND_15,Prestige Worldwide,PENDING,PO-1569
INV_1554,2026-08-03,3680.71,VEND_05,Cyberdyne Systems,PENDING,PO-9272
INV_1555,2026-08-11,3966.55,VEND_32,Veridian Dynamics,PENDING,PO-2561
INV_1556,2026-08-17,3447.68,VEND_30,Multi Corp,PENDING,PO-9592
INV_1557,2026-08-01,3654.89,VEND_01,ACME Corp,PENDING,PO-4419
INV_1558,2026-08-01,2385.75,VEND_02,Globex Inc,PENDING,PO-6481
INV_1559,2026-08-04,2243.99,VEND_27,Dharma Provisions,PENDING,PO-9583
INV_1560,2026-08-08,2784.75,VEND_01,ACME Corp,PENDING,PO-6469
INV_1561,2026-08-21,2841.07,VEND_31,Frobozz Electric,PENDING,PO-5323
INV_1562,2026-08-20,566.83,VEND_19,Massive Dynamic,PENDING,PO-7807
INV_1563,2026-08-20,2752.47,VEND_01,ACME Corp,PENDING,PO-7418
INV_1564,2026-08-20,3189.12,VEND_24,Tyrell Systems,PENDING,PO-3194
INV_1565,2026-08-03,1313.79,VEND_04,Wayne Enterprises,PENDING,PO-2161
INV_1566,2026-08-17,2593.23,VEND_08,Soylent Industries,PENDING,PO-5699
INV_1567,2026-08-18,1239.75,VEND_07,Umbrella Corp,PENDING,PO-4790
INV_1568,2026-08-17,1961.65,VEND_26,Primatech Paper,PENDING,PO-1432
INV_1569,2026-08-05,3050.43,VEND_38,Bachman Electric,PENDING,PO-7672
INV_1570,2026-08-06,3278.29,VEND_13,Bluth Builders,PENDING,PO-3583
INV_1571,2026-08-20,2447.66,VEND_14,Los Pollos Dist.,PENDING,PO-3422
INV_1572,2026-08-08,1860.04,VEND_05,Cyberdyne Systems,PENDING,PO-6491
INV_1573,2026-08-14,399.3,VEND_22,Wernham Hogg,PENDING,PO-5180
INV_1574,2026-08-10,607.2,VEND_03,Stark Logistics,PENDING,PO-9783
INV_1575,2026-08-02,3335.37,VEND_27,Dharma Provisions,PENDING,PO-1348
INV_1576,2026-08-08,2020.26,VEND_22,Wernham Hogg,PENDING,PO-7479
INV_1577,2026-08-14,3868.52,VEND_28,InGen Biotech,PENDING,PO-1759
INV_1578,2026-08-04,554.4,VEND_34,Omni Consumer,PENDING,PO-3110
INV_1579,2026-08-01,3761.5,VEND_28,InGen Biotech,PENDING,PO-4161
INV_1580,2026-08-17,3551.26,VEND_04,Wayne Enterprises,PENDING,PO-6919
INV_1581,2026-08-13,3549.7,VEND_25,Weyland Industries,PENDING,PO-2448
INV_1582,2026-08-13,700.57,VEND_02,Globex Inc,PENDING,PO-8465
INV_1583,2026-08-11,3767.21,VEND_05,Cyberdyne Systems,PENDING,PO-4487
INV_1584,2026-08-06,3093.62,VEND_07,Umbrella Corp,PENDING,PO-5161
INV_1585,2026-08-12,303.0,VEND_22,Wernham Hogg,PENDING,PO-8041
INV_1586,2026-08-18,815.28,VEND_33,Momcorp Industries,PENDING,PO-2782
INV_1587,2026-08-21,3404.98,VEND_32,Veridian Dynamics,PENDING,PO-7954
INV_1588,2026-08-21,3619.43,VEND_36,Sorin Systems,PENDING,PO-4454
INV_1589,2026-08-09,1232.56,VEND_34,Omni Consumer,PENDING,PO-1660
INV_1590,2026-08-08,1285.62,VEND_08,Soylent Industries,PENDING,PO-1081
INV_1591,2026-08-15,3142.95,VEND_34,Omni Consumer,PENDING,PO-6613
INV_1592,2026-08-08,1959.86,VEND_20,Buy n Large Corp,PENDING,PO-9660
INV_1593,2026-08-14,279.87,VEND_09,Vandelay Trading,PENDING,PO-4829
INV_1594,2026-08-20,2923.04,VEND_24,Tyrell Systems,PENDING,PO-1874
INV_1595,2026-08-12,1860.98,VEND_07,Umbrella Corp,PENDING,PO-1295
INV_1596,2026-08-02,2078.86,VEND_39,Pawnee Power,PENDING,PO-2062
INV_1597,2026-08-10,2338.94,VEND_19,Massive Dynamic,PENDING,PO-1258
INV_1598,2026-08-09,2373.31,VEND_29,Sirius Cybernetics,PENDING,PO-3713
INV_1599,2026-08-20,2854.03,VEND_26,Primatech Paper,PENDING,PO-7893
INV_1600,2026-08-19,3251.47,VEND_40,Gekko Capital,PENDING,PO-5856
INV_1601,2026-08-21,2458.17,VEND_36,Sorin Systems,PENDING,PO-8474
